First Name, url,username
Heather,https://www.instagram.com/heatherreed.fitness/,heatherreed.fitness
Sherry,https://www.instagram.com/runsinaskirt/,runsinaskirt
Veljko,https://www.instagram.com/velljkoo/,velljkoo
Madison,https://www.instagram.com/mileswithmaddie/,mileswithmaddie
Mallory,https://www.instagram.com/runswithmal/,runswithmal
onalee,https://www.instagram.com/onalee.roberts/,onalee.roberts
Erika,https://www.instagram.com/imtinyrik/,imtinyrik
Manika,https://www.instagram.com/manikaruns/,manikaruns
Ariana,https://www.instagram.com/arianavitarelliallen/,arianavitarelliallen
Amy,https://www.instagram.com/amysbalancingact/,amysbalancingact
Alexander,https://www.instagram.com/alexrosenfitness/,alexrosenfitness
BRAVE,https://www.instagram.com/bravebodyproject/,bravebodyproject
Jacquie,https://www.instagram.com/jacquieandthegirls/,jacquieandthegirls
Laura,https://www.instagram.com/lauranorrisrunning/,lauranorrisrunning
Brittany,https://www.instagram.com/runyourlife_/,runyourlife_
Lauren🦄,https://www.instagram.com/breathedeeplyandsmile/,breathedeeplyandsmile
Coach,https://www.instagram.com/marathonwhisperer/,marathonwhisperer
Vicky,https://www.instagram.com/vickyconroy/,vickyconroy
NYC,https://www.instagram.com/lindseyclayton23/,lindseyclayton23
Laura,https://www.instagram.com/losingrace/,losingrace
Morgan,https://www.instagram.com/morgandallas13/,morgandallas13
Izzy,https://www.instagram.com/izzyseidel/,izzyseidel
José,https://www.instagram.com/josemigueelpr/,josemigueelpr
Rob,https://www.instagram.com/r.oh.bee/,r.oh.bee
Darren,https://www.instagram.com/darrentomasso/,darrentomasso
𝔸𝕝𝕝𝕚𝕤𝕠𝕟,https://www.instagram.com/alli_loves_lifting86/,alli_loves_lifting86
Carey,https://www.instagram.com/careykepler/,careykepler
Isaiah,https://www.instagram.com/isaiahvidal/,isaiahvidal
Desireé,https://www.instagram.com/dezi_loza/,dezi_loza
Erica,https://www.instagram.com/blindfitgirl/,blindfitgirl
Caitlin,https://www.instagram.com/caitlinmeadows_/,caitlinmeadows_
Dōminique,https://www.instagram.com/msdominiquelouise/,msdominiquelouise
Anna,https://www.instagram.com/anna_maguire/,anna_maguire
Kaylee,https://www.instagram.com/kayleekdelvalle/,kayleekdelvalle
Garrett,https://www.instagram.com/garrett.jjones/,garrett.jjones
Sean,https://www.instagram.com/sean.degnan/,sean.degnan
Haylee,https://www.instagram.com/hayleesfitnesss/,hayleesfitnesss
Eve,https://www.instagram.com/palindrome_rnr/,palindrome_rnr
Abigail,https://www.instagram.com/abigailmichelle/,abigailmichelle
Sabrina,https://www.instagram.com/run_sabrina/,run_sabrina
Montana,https://www.instagram.com/coachmontanadepasquale/,coachmontanadepasquale
Nico,https://www.instagram.com/nico__young__/,nico__young__
Lazaro,https://www.instagram.com/laz_vipnation/,laz_vipnation
Vin,https://www.instagram.com/vkennedy18/,vkennedy18
Rachel,https://www.instagram.com/raceolson/,raceolson
Jackie,https://www.instagram.com/jackiemhering/,jackiemhering
Every,https://www.instagram.com/emjtriteam/,emjtriteam
Alyssa,https://www.instagram.com/alyssagodesky/,alyssagodesky
Tom,https://www.instagram.com/whatsupgangsters/,whatsupgangsters
Tye,https://www.instagram.com/coach_tye7/,coach_tye7
Dr.,https://www.instagram.com/joshokonyeofficial/,joshokonyeofficial
Ashleigh,https://www.instagram.com/ashleighwosny/,ashleighwosny
Kristine,https://www.instagram.com/kbest_22/,kbest_22
Kevin,https://www.instagram.com/kevinogar/,kevinogar
Hayley,https://www.instagram.com/_hayleyamber/,_hayleyamber
Kelly,https://www.instagram.com/kellybenfey.dpt/,kellybenfey.dpt
Ethan,https://www.instagram.com/ethanhelbig35/,ethanhelbig35
Deanna,https://www.instagram.com/deannamariees/,deannamariees
Christin,https://www.instagram.com/christin_panchik/,christin_panchik
Dwight,https://www.instagram.com/dwight.upshaw/,dwight.upshaw
Paige,https://www.instagram.com/paige_semenza/,paige_semenza
SHELBY,https://www.instagram.com/shelby__neal/,shelby__neal
Hannah,https://www.instagram.com/h_blackk/,h_blackk
Preslie,https://www.instagram.com/heypreslie/,heypreslie
Tommie,https://www.instagram.com/tommie_runz/,tommie_runz
Mary,https://www.instagram.com/marathon.momma.11/,marathon.momma.11
Stefanie,https://www.instagram.com/beliefrunners/,beliefrunners
Jacqueline,https://www.instagram.com/real.life.running/,real.life.running
Herm,https://www.instagram.com/herm.runs/,herm.runs
Alison,https://www.instagram.com/alioop_0_o_runs/,alioop_0_o_runs
Joe,https://www.instagram.com/joecorcione/,joecorcione
Emma,https://www.instagram.com/emmaabrahamson/,emmaabrahamson
Mary,https://www.instagram.com/eatrunandbemary/,eatrunandbemary
Karen,https://www.instagram.com/howeaboutarun/,howeaboutarun
Peter,https://www.instagram.com/bromka/,bromka
Kristin,https://www.instagram.com/k_stokes829/,k_stokes829
John,https://www.instagram.com/johncianca/,johncianca
Michelle,https://www.instagram.com/waddellrunninglady/,waddellrunninglady
Gaby,https://www.instagram.com/moonshot_running/,moonshot_running
Greg,https://www.instagram.com/gregrollo/,gregrollo
cowgirlmaddie,https://www.instagram.com/cowgirlmaddie/,cowgirlmaddie
Deion,https://www.instagram.com/fitwithdeion/,fitwithdeion
Train,https://www.instagram.com/herculusapparel/,herculusapparel
Elcanah,https://www.instagram.com/_coach_el/,_coach_el
Ethan,https://www.instagram.com/ethanbwidoff/,ethanbwidoff
Rebecca,https://www.instagram.com/itsbeccadenae/,itsbeccadenae
Lauren,https://www.instagram.com/laurenkalil/,laurenkalil
𝐏𝐡𝐨𝐞𝐧𝐢𝐱.,https://www.instagram.com/smityy21/,smityy21
Dr.,https://www.instagram.com/thestoicphysio/,thestoicphysio
Emma,https://www.instagram.com/emmabruntil/,emmabruntil
KT,https://www.instagram.com/kt_breazeale/,kt_breazeale
Rachel,https://www.instagram.com/rachel_degutz/,rachel_degutz
Ryan,https://www.instagram.com/ryan_sester/,ryan_sester
Trav,https://www.instagram.com/travdaddy_running/,travdaddy_running
Eric,https://www.instagram.com/raddadbodtv/,raddadbodtv
Coach,https://www.instagram.com/runwithraj/,runwithraj
Pat,https://www.instagram.com/coachesdevelopment/,coachesdevelopment
Denise,https://www.instagram.com/denthomas7/,denthomas7
Aron,https://www.instagram.com/aron_parker/,aron_parker
⚡️park,https://www.instagram.com/sparkfit.co/,sparkfit.co
,https://www.instagram.com/guppygains/,guppygains
Shaylee,https://www.instagram.com/theunfilteredfitmom/,theunfilteredfitmom
𝐂𝐡𝐫𝐢𝐬𝐭𝐢𝐧𝐞,https://www.instagram.com/zeoli/,zeoli
Ryan,https://www.instagram.com/the_squatfather/,the_squatfather
𝐏𝐚𝐭𝐫𝐢𝐜𝐤,https://www.instagram.com/thepatfrank/,thepatfrank
Gui,https://www.instagram.com/theguiinacioshow/,theguiinacioshow
Jason,https://www.instagram.com/coach_jfern/,coach_jfern
Djaay,https://www.instagram.com/_thedealership/,_thedealership
SYDNEY,https://www.instagram.com/syddneyssmith/,syddneyssmith
Melissa,https://www.instagram.com/melibeli29/,melibeli29
Lindsey,https://www.instagram.com/_lindseyporter/,_lindseyporter
Lee,https://www.instagram.com/islnby_media/,islnby_media
Marte,https://www.instagram.com/its.marte/,its.marte
Alex,https://www.instagram.com/alexgazan_/,alexgazan_
Arielle,https://www.instagram.com/ariellecsanders/,ariellecsanders
Nader,https://www.instagram.com/naderissa/,naderissa
Bailee,https://www.instagram.com/_baileenicole/,_baileenicole
𝒥𝒶𝓎,https://www.instagram.com/owtailcontrol/,owtailcontrol
Gina,https://www.instagram.com/doc.gigi/,doc.gigi
Kat,https://www.instagram.com/cirone_bologna/,cirone_bologna
Vicky,https://www.instagram.com/vickycaruso/,vickycaruso
River,https://www.instagram.com/rivmoore/,rivmoore
Jordan,https://www.instagram.com/sessionslife/,sessionslife
Alexis,https://www.instagram.com/al_kowal/,al_kowal
Greg,https://www.instagram.com/shrek_diesel17/,shrek_diesel17
Erin,https://www.instagram.com/erinohhdee/,erinohhdee
David,https://www.instagram.com/dr.dave.strengthandkindness/,dr.dave.strengthandkindness
Caroline,https://www.instagram.com/caroline.stanley/,caroline.stanley
Dani,https://www.instagram.com/daniranirell/,daniranirell
Sarah,https://www.instagram.com/saraahfirestone/,saraahfirestone
James,https://www.instagram.com/spraguerrrr/,spraguerrrr
Jessica,https://www.instagram.com/dragonqueen11/,dragonqueen11
Jessica,https://www.instagram.com/jessicaandrosik/,jessicaandrosik
EJ,https://www.instagram.com/ej_hein/,ej_hein
Zebulun,https://www.instagram.com/blak_mufasa/,blak_mufasa
Joshua,https://www.instagram.com/joshinthegym/,joshinthegym
Dustin,https://www.instagram.com/dc_hogue/,dc_hogue
Alexa,https://www.instagram.com/alexa.javens/,alexa.javens
Mango,https://www.instagram.com/iamcrysfoster/,iamcrysfoster
Amira,https://www.instagram.com/amira_rajab/,amira_rajab
Miquelle,https://www.instagram.com/miquelle_camille/,miquelle_camille
Tyler,https://www.instagram.com/swartzcenter/,swartzcenter
Juan,https://www.instagram.com/nanicutsofficial/,nanicutsofficial
Victoria,https://www.instagram.com/iam_queenvee/,iam_queenvee
Carolyn,https://www.instagram.com/perspective_carolyn/,perspective_carolyn
Brittany,https://www.instagram.com/wattselite/,wattselite
Jon,https://www.instagram.com/jonfecikracing/,jonfecikracing
JOE,https://www.instagram.com/joeferraro7/,joeferraro7
Simon,https://www.instagram.com/the_simonshi/,the_simonshi
CHELSEA,https://www.instagram.com/chelseasodaro/,chelseasodaro
James,https://www.instagram.com/jamesolivier16/,jamesolivier16
Trevor,https://www.instagram.com/tfoleyracing/,tfoleyracing
Amanda,https://www.instagram.com/run_with_amanda/,run_with_amanda
Mitch,https://www.instagram.com/mitch__child/,mitch__child
Paul,https://www.instagram.com/paultenhaken/,paultenhaken
Kristin,https://www.instagram.com/kristin_shealy/,kristin_shealy
Bobby,https://www.instagram.com/bfit_strength/,bfit_strength
Momoody88,https://www.instagram.com/momoody88/,momoody88
Brianna,https://www.instagram.com/briannaraefitness/,briannaraefitness
Robyn,https://www.instagram.com/robynmachado/,robynmachado
Haley,https://www.instagram.com/haleyxhunter/,haleyxhunter
Jessica,https://www.instagram.com/jessicaatesoro/,jessicaatesoro
chealsea,https://www.instagram.com/chealseaenemor/,chealseaenemor
Hannah,https://www.instagram.com/hannahhnotbanana/,hannahhnotbanana
Victoria,https://www.instagram.com/victoria.tlifts/,victoria.tlifts
Evangeline,https://www.instagram.com/evangelifts/,evangelifts
Gabi,https://www.instagram.com/gabigrl_prostrongwoman/,gabigrl_prostrongwoman
Chris,https://www.instagram.com/coachchrislane/,coachchrislane
Lors,https://www.instagram.com/khaleesilors/,khaleesilors
Randy,https://www.instagram.com/coachrandyf2/,coachrandyf2
Jasmyn,https://www.instagram.com/jasmynpseay/,jasmynpseay
Bobby,https://www.instagram.com/calabeast_fitness/,calabeast_fitness
Gary,https://www.instagram.com/dr.gary.dylan/,dr.gary.dylan
Andres,https://www.instagram.com/the_tissueguy/,the_tissueguy
Arian,https://www.instagram.com/coachariank/,coachariank
Wil,https://www.instagram.com/wilfleming/,wilfleming
Sean,https://www.instagram.com/mcflurrywoo/,mcflurrywoo
TERRANCE,https://www.instagram.com/merciless_fit/,merciless_fit
Joseph,https://www.instagram.com/calisthenicsjdg/,calisthenicsjdg
Angel,https://www.instagram.com/angel_acostasw/,angel_acostasw
Rory,https://www.instagram.com/rory_linkletter/,rory_linkletter
Geoff,https://www.instagram.com/geoffcbrown/,geoffcbrown
Courtney,https://www.instagram.com/mamasrunnin/,mamasrunnin
Rob,https://www.instagram.com/pursuitofperformance__/,pursuitofperformance__
Clayton,https://www.instagram.com/_clayton_young_/,_clayton_young_
Pierce,https://www.instagram.com/pierceshowe/,pierceshowe
Gabe,https://www.instagram.com/gabegerhauser/,gabegerhauser
Matt,https://www.instagram.com/rambling_runner/,rambling_runner
Mere,https://www.instagram.com/meretherunner14/,meretherunner14
Seattle,https://www.instagram.com/seattlemarathon/,seattlemarathon
🏃🏻‍♀️Lindsay,https://www.instagram.com/lindsayrunsfordonuts/,lindsayrunsfordonuts
Beast,https://www.instagram.com/beastpacing/,beastpacing
Coach,https://www.instagram.com/coach.flavia/,coach.flavia
Liam,https://www.instagram.com/liamhfit/,liamhfit
ONLINE,https://www.instagram.com/bodiesbybri/,bodiesbybri
Destiny,https://www.instagram.com/destinyandersen/,destinyandersen
Taylor,https://www.instagram.com/taylrpetersn/,taylrpetersn
SALU,https://www.instagram.com/salu_gbla/,salu_gbla
Abby,https://www.instagram.com/abbyritfit/,abbyritfit
Megan,https://www.instagram.com/megan.the.nutritionist/,megan.the.nutritionist
Dana,https://www.instagram.com/danalitzel/,danalitzel
Gina,https://www.instagram.com/ginafito/,ginafito
Jessica,https://www.instagram.com/jessmnolt/,jessmnolt
Maddie(Madz),https://www.instagram.com/musclemadz/,musclemadz
Jennifer,https://www.instagram.com/jenn.lyfts/,jenn.lyfts
Javier,https://www.instagram.com/fitnesswjavier/,fitnesswjavier
Tyler,https://www.instagram.com/tyler_tir/,tyler_tir
Dr.,https://www.instagram.com/wilcoxstrengthinc/,wilcoxstrengthinc
Troy,https://www.instagram.com/troy.shallow/,troy.shallow
Tyler,https://www.instagram.com/dr.tlesh/,dr.tlesh
Nicole,https://www.instagram.com/nicolezapoli/,nicolezapoli
Krishna,https://www.instagram.com/krishnacurry/,krishnacurry
Shannon,https://www.instagram.com/shanlifts/,shanlifts
Habtamu,https://www.instagram.com/runnerhabs/,runnerhabs
Chris,https://www.instagram.com/chrismorrison_runs/,chrismorrison_runs
Harolito,https://www.instagram.com/harolito1/,harolito1
Nick,https://www.instagram.com/nickflintness/,nickflintness
Dom,https://www.instagram.com/dominic_hagerty/,dominic_hagerty
Justin,https://www.instagram.com/running_in_stache/,running_in_stache
Mark,https://www.instagram.com/mark.dowdle/,mark.dowdle
Serious,https://www.instagram.com/seriousrunner/,seriousrunner
Hunter,https://www.instagram.com/hunter_leininger/,hunter_leininger
Heather,https://www.instagram.com/heather_mckirdy/,heather_mckirdy
Marcos,https://www.instagram.com/bajoambitos/,bajoambitos
Alex,https://www.instagram.com/aaparker1/,aaparker1
Isaiah,https://www.instagram.com/zay_800/,zay_800
Karen,https://www.instagram.com/running.like.a.wrinkly/,running.like.a.wrinkly
Dillan,https://www.instagram.com/dillan_haviland/,dillan_haviland
Don,https://www.instagram.com/runwithdon/,runwithdon
Ryan,https://www.instagram.com/ultra.ryan/,ultra.ryan
Emily,https://www.instagram.com/mlekramer_/,mlekramer_
Jarlyn,https://www.instagram.com/adaptivewithjay/,adaptivewithjay
Jesi,https://www.instagram.com/jesistracham/,jesistracham
Christopher,https://www.instagram.com/dr._sims/,dr._sims
Reed,https://www.instagram.com/reedfisch/,reedfisch
Jessica,https://www.instagram.com/jessrhood/,jessrhood
India,https://www.instagram.com/i_of_endigo_runs/,i_of_endigo_runs
Julia,https://www.instagram.com/miwildmiles/,miwildmiles
Akina,https://www.instagram.com/akinatris/,akinatris
Natalie,https://www.instagram.com/natrunsfar/,natrunsfar
bela,https://www.instagram.com/bela.runs/,bela.runs
Sarah,https://www.instagram.com/sarahyeeun/,sarahyeeun
Molly,https://www.instagram.com/mollybookie/,mollybookie
Bekah,https://www.instagram.com/bekinreallife/,bekinreallife
Amy,https://www.instagram.com/usaf_amy_runs/,usaf_amy_runs
Amelia,https://www.instagram.com/mileswithamelia/,mileswithamelia
Chef,https://www.instagram.com/chefsyatfl/,chefsyatfl
Rajpaul,https://www.instagram.com/lightningraj/,lightningraj
carly,https://www.instagram.com/carlysheree/,carlysheree
Peyton,https://www.instagram.com/peytons_pace/,peytons_pace
,https://www.instagram.com/marathonpandamaurice/,marathonpandamaurice
Sean,https://www.instagram.com/sean.triathlete/,sean.triathlete
Steve,https://www.instagram.com/steve__finley/,steve__finley
Michael,https://www.instagram.com/bdg123/,bdg123
Tara,https://www.instagram.com/runwithtara/,runwithtara
Cal,https://www.instagram.com/theneffpace/,theneffpace
Emily,https://www.instagram.com/emily_fayette/,emily_fayette
Lauren,https://www.instagram.com/haagendazs_86/,haagendazs_86
Brogan,https://www.instagram.com/brogan.austin/,brogan.austin
Scott,https://www.instagram.com/sfaubs/,sfaubs
Aly,https://www.instagram.com/runswithheart/,runswithheart
Christine,https://www.instagram.com/miles_and_smiles_9/,miles_and_smiles_9
J.T.,https://www.instagram.com/jtchestnut/,jtchestnut
Beth,https://www.instagram.com/run_sunshine/,run_sunshine
Anna,https://www.instagram.com/annamaeflynn/,annamaeflynn
Howard,https://www.instagram.com/gofarinlife/,gofarinlife
Conner,https://www.instagram.com/connermantz/,connermantz
Jessica,https://www.instagram.com/jbrazeau/,jbrazeau
DAWN,https://www.instagram.com/goldendawn127/,goldendawn127
Jared,https://www.instagram.com/jwardy21/,jwardy21
Lara,https://www.instagram.com/laragruden/,laragruden
Andrea,https://www.instagram.com/rundrea21/,rundrea21
Paige,https://www.instagram.com/paige_simplyfit/,paige_simplyfit
Scot,https://www.instagram.com/scotmendelson/,scotmendelson
Dawn,https://www.instagram.com/dharp100mh/,dharp100mh
Melvin,https://www.instagram.com/eze.mel/,eze.mel
Matt,https://www.instagram.com/mattdomney_pt/,mattdomney_pt
Taylor,https://www.instagram.com/tnelsoncook19/,tnelsoncook19
J.Bush,https://www.instagram.com/j.bush__/,j.bush__
Nick,https://www.instagram.com/nicksoto_performance/,nicksoto_performance
Elise,https://www.instagram.com/elise_fittt/,elise_fittt
J.L.,https://www.instagram.com/jl_holdsworth/,jl_holdsworth
TAWNYA,https://www.instagram.com/tawnyaknguyen/,tawnyaknguyen
Brian,https://www.instagram.com/harrington_performance/,harrington_performance
Michael,https://www.instagram.com/michaelpiercy/,michaelpiercy
Daniel,https://www.instagram.com/d_haugh/,d_haugh
Andre,https://www.instagram.com/getfitwithdre_/,getfitwithdre_
Leah,https://www.instagram.com/_leah.phillips1/,_leah.phillips1
Rkstrengthtraining,https://www.instagram.com/rkstrengthtraining/,rkstrengthtraining
Bekah,https://www.instagram.com/rebekahmarie8/,rebekahmarie8
Jeremy,https://www.instagram.com/runner_blogger_az/,runner_blogger_az
Krissy,https://www.instagram.com/krissykinetics/,krissykinetics
Jerr,https://www.instagram.com/jerrika.goes.running/,jerrika.goes.running
Iri,https://www.instagram.com/iribloom22/,iribloom22
Jenna,https://www.instagram.com/nalaumma/,nalaumma
Jenna,https://www.instagram.com/jennaliveswell/,jennaliveswell
Clarissa,https://www.instagram.com/clarissaskitchen/,clarissaskitchen
𝕂𝕒𝕪,https://www.instagram.com/ohkaylin/,ohkaylin
Celine,https://www.instagram.com/celinelinarte/,celinelinarte
lauren,https://www.instagram.com/matcha.eats/,matcha.eats
Jen🍍🤍,https://www.instagram.com/missjenlifts/,missjenlifts
Elle,https://www.instagram.com/elleryans/,elleryans
Kristie,https://www.instagram.com/kristie.png/,kristie.png
maddie,https://www.instagram.com/foodiesontherhode/,foodiesontherhode
Elise,https://www.instagram.com/eliseseats_/,eliseseats_
angie,https://www.instagram.com/angies_listt/,angies_listt
sarah,https://www.instagram.com/lickthatplateclean/,lickthatplateclean
jenna,https://www.instagram.com/cafejuji/,cafejuji
Becka,https://www.instagram.com/beckalorene/,beckalorene
Jordyn,https://www.instagram.com/jordyspangler/,jordyspangler
serena,https://www.instagram.com/serena72lee/,serena72lee
Andy,https://www.instagram.com/andyjaide_/,andyjaide_
cheryl,https://www.instagram.com/cherylliuu/,cherylliuu
Daniela,https://www.instagram.com/danielafloresvlogs/,danielafloresvlogs
minna,https://www.instagram.com/minnamay_/,minnamay_
Amanda,https://www.instagram.com/amandanicoleday/,amandanicoleday
Madison,https://www.instagram.com/lifeasmadisondavis/,lifeasmadisondavis
Cara,https://www.instagram.com/cara_bowman12/,cara_bowman12
Monica,https://www.instagram.com/monicaweitzel/,monicaweitzel
Rhu,https://www.instagram.com/rhitu_thapa/,rhitu_thapa
SOPHIE,https://www.instagram.com/sophiesinds/,sophiesinds
she’s,https://www.instagram.com/sheselle/,sheselle
Taylor,https://www.instagram.com/taylordgarrisonn/,taylordgarrisonn
Samantha,https://www.instagram.com/sambreejones/,sambreejones
Helene,https://www.instagram.com/helene.skov/,helene.skov
Alia,https://www.instagram.com/_lifeofalia/,_lifeofalia
Carolina,https://www.instagram.com/carolina_arroyave/,carolina_arroyave
Lucy,https://www.instagram.com/msluciana.v/,msluciana.v
DANIELA,https://www.instagram.com/danielaprengelx/,danielaprengelx
karla,https://www.instagram.com/montoyamami/,montoyamami
Eva,https://www.instagram.com/evashuman_/,evashuman_
Taylor,https://www.instagram.com/tayyluve/,tayyluve
𝚅𝚊𝚕,https://www.instagram.com/fitlife_with_v/,fitlife_with_v
Erica,https://www.instagram.com/__ericamerica/,__ericamerica
Teyanna,https://www.instagram.com/iamteyanna_/,iamteyanna_
✨Merilee✨,https://www.instagram.com/happylittlehippiebymerilee/,happylittlehippiebymerilee
Sammy,https://www.instagram.com/sammyherrick/,sammyherrick
hannah,https://www.instagram.com/hannahjymoon/,hannahjymoon
Abby,https://www.instagram.com/mrsabbywalker/,mrsabbywalker
ALEXIS,https://www.instagram.com/alexisskulina/,alexisskulina
m,https://www.instagram.com/itsmarinaliu/,itsmarinaliu
Caroline,https://www.instagram.com/carolinelungaho/,carolinelungaho
steph❣️,https://www.instagram.com/stephiehlu/,stephiehlu
KELSIE,https://www.instagram.com/kelsiekeaira/,kelsiekeaira
MICHELLE,https://www.instagram.com/meeesher/,meeesher
Vanessa,https://www.instagram.com/vanessabenefiel/,vanessabenefiel
Nicole,https://www.instagram.com/nicoledelponte2/,nicoledelponte2
SEATTLE,https://www.instagram.com/mckennahashcroft/,mckennahashcroft
tatianna,https://www.instagram.com/tatiannaareizaga/,tatiannaareizaga
Ida,https://www.instagram.com/idahuang_/,idahuang_
Avery,https://www.instagram.com/averybsweatt/,averybsweatt
Heather,https://www.instagram.com/freckledbyheathermarie/,freckledbyheathermarie
alice,https://www.instagram.com/byalicesigh/,byalicesigh
nell,https://www.instagram.com/lifeby.nell/,lifeby.nell
Alli,https://www.instagram.com/alliiichristine/,alliiichristine
Molly,https://www.instagram.com/mollsmcadam/,mollsmcadam
,https://www.instagram.com/gracielavx/,gracielavx
Alexandra,https://www.instagram.com/alexandraxcorrine/,alexandraxcorrine
cass,https://www.instagram.com/cass.spinelli/,cass.spinelli
Kerry,https://www.instagram.com/kerrydenevan/,kerrydenevan
JAS,https://www.instagram.com/jasanahis/,jasanahis
Ally,https://www.instagram.com/carameloatmilklatte/,carameloatmilklatte
Robin,https://www.instagram.com/whatrobineats/,whatrobineats
Karla,https://www.instagram.com/karlacnicole/,karlacnicole
NATALIE,https://www.instagram.com/nataliebarbu/,nataliebarbu
ELIZA,https://www.instagram.com/elizadromgoole_/,elizadromgoole_
Mikala,https://www.instagram.com/mikalamacfadzen/,mikalamacfadzen
Jamie,https://www.instagram.com/jamielynkane/,jamielynkane
Jess,https://www.instagram.com/jess.truongg/,jess.truongg
Kristina,https://www.instagram.com/heykristinapadgett/,heykristinapadgett
Audrey,https://www.instagram.com/audreymadstowe/,audreymadstowe
maya,https://www.instagram.com/mayalorimer/,mayalorimer
PATRICIA,https://www.instagram.com/patriizzle/,patriizzle
Emylie,https://www.instagram.com/emzzfrisch/,emzzfrisch
Amanda,https://www.instagram.com/byamandapink/,byamandapink
Shay,https://www.instagram.com/shayjarman/,shayjarman
Alexa,https://www.instagram.com/alexa_nicole_x/,alexa_nicole_x
Marissa,https://www.instagram.com/thethriftwitch/,thethriftwitch
Clara,https://www.instagram.com/itsclarajones/,itsclarajones
makena,https://www.instagram.com/makena.lynnnn/,makena.lynnnn
ALLIE,https://www.instagram.com/allieappleton1/,allieappleton1
Kaitlyn,https://www.instagram.com/kaitlynpaige___2/,kaitlynpaige___2
Katie,https://www.instagram.com/therealkatiewaldow/,therealkatiewaldow
Andrea,https://www.instagram.com/andrealtuvee/,andrealtuvee
Marisol,https://www.instagram.com/simply_marisoll/,simply_marisoll
Heather,https://www.instagram.com/hhheathermichelle/,hhheathermichelle
Melina,https://www.instagram.com/itsmelinavega/,itsmelinavega
ariel,https://www.instagram.com/ariel_hendrixx/,ariel_hendrixx
estrella,https://www.instagram.com/affordableretailtherapy/,affordableretailtherapy
Courtney,https://www.instagram.com/courtneeypark/,courtneeypark
celine,https://www.instagram.com/celinekiimm/,celinekiimm
chloe,https://www.instagram.com/chloetessmiller/,chloetessmiller
aliyah,https://www.instagram.com/aliyah.simonee/,aliyah.simonee
Aubrey,https://www.instagram.com/aubrey.schoenekase/,aubrey.schoenekase
Judith,https://www.instagram.com/judithlrios/,judithlrios
maggie,https://www.instagram.com/maggiemaecockrum/,maggiemaecockrum
Brenna,https://www.instagram.com/brennalawrencee/,brennalawrencee
Mary,https://www.instagram.com/maryliz.bon/,maryliz.bon
Marina,https://www.instagram.com/marina.kanner/,marina.kanner
Nicole,https://www.instagram.com/nicoleexoxoxo/,nicoleexoxoxo
Kameron,https://www.instagram.com/kameron.whit/,kameron.whit
Emily,https://www.instagram.com/shopwithems/,shopwithems
Angelina,https://www.instagram.com/angelinakhang/,angelinakhang
alanah,https://www.instagram.com/exoticblendd/,exoticblendd
Charlotte,https://www.instagram.com/charlottelqu/,charlottelqu
ERIN,https://www.instagram.com/moody.wife/,moody.wife
Shayla,https://www.instagram.com/shaylagressman/,shaylagressman
Kaitlyn,https://www.instagram.com/kaitlynedejer/,kaitlynedejer
arabella,https://www.instagram.com/arabella.stokes/,arabella.stokes
Jadyn,https://www.instagram.com/jadynmarieharger/,jadynmarieharger
Taya,https://www.instagram.com/tayavlasova/,tayavlasova
Chy,https://www.instagram.com/chyannadestinee/,chyannadestinee
Abby,https://www.instagram.com/abbyjordanb/,abbyjordanb
Britt,https://www.instagram.com/britt.lyons/,britt.lyons
Mari,https://www.instagram.com/mariiismith/,mariiismith
Angela,https://www.instagram.com/angee.yc/,angee.yc
Kelly,https://www.instagram.com/kellyannestone/,kellyannestone
Jay,https://www.instagram.com/everydaywithjayy_/,everydaywithjayy_
KAYLIN,https://www.instagram.com/kay.r.rowland/,kay.r.rowland
brooke,https://www.instagram.com/brooke_lynnmilne/,brooke_lynnmilne
SHELBY,https://www.instagram.com/shelbylgettys/,shelbylgettys
Danielle,https://www.instagram.com/lifeasdeemarie/,lifeasdeemarie
Grisel,https://www.instagram.com/thefleiteslife/,thefleiteslife
T,https://www.instagram.com/piffanyandco/,piffanyandco
caitlin💞,https://www.instagram.com/_caitlinchampaco/,_caitlinchampaco
Aniya,https://www.instagram.com/aniyamariev/,aniyamariev
Amber,https://www.instagram.com/amberdowty_/,amberdowty_
Jazmine,https://www.instagram.com/jazminevaldivia/,jazminevaldivia
Taylor,https://www.instagram.com/taylorarteagalunt/,taylorarteagalunt
logan,https://www.instagram.com/thecrakesfam/,thecrakesfam
BIANCA,https://www.instagram.com/biancaxhenderson/,biancaxhenderson
Jennifer,https://www.instagram.com/our.blog.life/,our.blog.life
Safiie,https://www.instagram.com/safiie.bulhak/,safiie.bulhak
Moriah,https://www.instagram.com/moriahcrobinson/,moriahcrobinson
Alexis,https://www.instagram.com/babylexx27/,babylexx27
Hunter,https://www.instagram.com/hunterdestin/,hunterdestin
Sabrina,https://www.instagram.com/ssabrinaxoxo/,ssabrinaxoxo
Teona,https://www.instagram.com/itsyourgirltee17/,itsyourgirltee17
Enasha,https://www.instagram.com/enashaolivia/,enashaolivia
Hope,https://www.instagram.com/hope_zuckerbrow/,hope_zuckerbrow
Mariah,https://www.instagram.com/mariahtahresa/,mariahtahresa
Vera,https://www.instagram.com/veraa.vlogs/,veraa.vlogs
Cindy,https://www.instagram.com/cindysandjo/,cindysandjo
Samantha,https://www.instagram.com/samantha.janessa/,samantha.janessa
abby,https://www.instagram.com/abigailghoward/,abigailghoward
Laura,https://www.instagram.com/laurapjanis/,laurapjanis
Kelsey,https://www.instagram.com/kels_parrish/,kels_parrish
SYD,https://www.instagram.com/sydneyhopeee/,sydneyhopeee
natalie,https://www.instagram.com/srslyynat/,srslyynat
NICOLE,https://www.instagram.com/nicoleebennett_/,nicoleebennett_
grace,https://www.instagram.com/gracelemire/,gracelemire
Ash,https://www.instagram.com/ash.d.u.ff/,ash.d.u.ff
Sidney,https://www.instagram.com/sidneymarieduke/,sidneymarieduke
Betsy,https://www.instagram.com/betsy_ville/,betsy_ville
ALYSSA,https://www.instagram.com/alysssagenevieve/,alysssagenevieve
Lo,https://www.instagram.com/l.aur.e.n_s/,l.aur.e.n_s
Grace,https://www.instagram.com/graceful_health/,graceful_health
bailey,https://www.instagram.com/balancedwith_bai/,balancedwith_bai
Malana,https://www.instagram.com/malananavarre/,malananavarre
Trish,https://www.instagram.com/lifestylewithtrishm_/,lifestylewithtrishm_
Monica,https://www.instagram.com/sincerelymonicaa/,sincerelymonicaa
peyton,https://www.instagram.com/peytonjohnsonnn/,peytonjohnsonnn
LAUREN,https://www.instagram.com/laurenmurpp/,laurenmurpp
j,https://www.instagram.com/mohae.jennypark/,mohae.jennypark
madison,https://www.instagram.com/madison.groesbeck/,madison.groesbeck
Cortney,https://www.instagram.com/projectsunny/,projectsunny
Justine,https://www.instagram.com/justineelara/,justineelara
Hope,https://www.instagram.com/hopeannwilliams/,hopeannwilliams
Carly,https://www.instagram.com/carlybarrett04_/,carlybarrett04_
Misty,https://www.instagram.com/mistyness/,mistyness
Alexis,https://www.instagram.com/leximaedennis/,leximaedennis
Alejandra,https://www.instagram.com/alejandrasanet_/,alejandrasanet_
Brittanee,https://www.instagram.com/beingbrittanee/,beingbrittanee
kena,https://www.instagram.com/kenaabbasi/,kenaabbasi
celina,https://www.instagram.com/celinaprentiss/,celinaprentiss
Caitlin,https://www.instagram.com/caitlin.martinelli/,caitlin.martinelli
alejandra,https://www.instagram.com/alaihandra/,alaihandra
Brittany,https://www.instagram.com/pr1ncessbritt/,pr1ncessbritt
Alyssa,https://www.instagram.com/alyssa_kimber/,alyssa_kimber
(,https://www.instagram.com/_bousso/,_bousso
Vanessa,https://www.instagram.com/vanessa.kk6/,vanessa.kk6
Haley,https://www.instagram.com/haleyelizabethhx/,haleyelizabethhx
VICTORIA,https://www.instagram.com/just.my.lifestylee/,just.my.lifestylee
Bella,https://www.instagram.com/bellamikollee/,bellamikollee
Sav.Alyssa,https://www.instagram.com/savanahalyssa/,savanahalyssa
Kendal,https://www.instagram.com/kendalclarkk/,kendalclarkk
Sage,https://www.instagram.com/sagechandler_/,sagechandler_
Lacey,https://www.instagram.com/wearetheglittergospel/,wearetheglittergospel
Chell,https://www.instagram.com/drbombchell/,drbombchell
Sarah,https://www.instagram.com/intentionally_influenced/,intentionally_influenced
Erin,https://www.instagram.com/cozyonchestnut/,cozyonchestnut
Tara,https://www.instagram.com/tarabannick/,tarabannick
Logan,https://www.instagram.com/logan_faye/,logan_faye
Camila,https://www.instagram.com/camila.langley/,camila.langley
Olivia,https://www.instagram.com/olivia.gaucin/,olivia.gaucin
j,https://www.instagram.com/jacquelynstoddard/,jacquelynstoddard
Chelsea,https://www.instagram.com/chelsea.steelman/,chelsea.steelman
Caitlin,https://www.instagram.com/caitlinashlie/,caitlinashlie
Lindsey,https://www.instagram.com/lindseystackhouse_/,lindseystackhouse_
Alyssa,https://www.instagram.com/trutolyss/,trutolyss
SHEY,https://www.instagram.com/sheyymorales/,sheyymorales
Jade,https://www.instagram.com/jadeedietrich/,jadeedietrich
Adrianne,https://www.instagram.com/adriannemg/,adriannemg
Liz,https://www.instagram.com/thesimplychicstyle/,thesimplychicstyle
Stephi,https://www.instagram.com/stephiatencio/,stephiatencio
kayla,https://www.instagram.com/kaylalalanicole/,kaylalalanicole
Kaitlin,https://www.instagram.com/kait_kime/,kait_kime
SOPHIE,https://www.instagram.com/sophierframpton/,sophierframpton
Jasmine,https://www.instagram.com/jassn2/,jassn2
Nateanah,https://www.instagram.com/nateanah.albury/,nateanah.albury
✨TRACI,https://www.instagram.com/traci.merino/,traci.merino
Hannah,https://www.instagram.com/hannah_neese/,hannah_neese
Kaitilyn,https://www.instagram.com/koo.boo/,koo.boo
KAYLA,https://www.instagram.com/kaaylaramirez/,kaaylaramirez
Michele,https://www.instagram.com/michelebell21/,michelebell21
Katie,https://www.instagram.com/katie.h.snyder/,katie.h.snyder
Carlie,https://www.instagram.com/candidlycarlie/,candidlycarlie
Kimberly,https://www.instagram.com/kimberlygelinn/,kimberlygelinn
Madielle,https://www.instagram.com/madiellemadie/,madiellemadie
Breanna,https://www.instagram.com/breanna_alexisb/,breanna_alexisb
Kallie,https://www.instagram.com/thekalliedavis/,thekalliedavis
Kendra,https://www.instagram.com/kendrasraymond_/,kendrasraymond_
Liz,https://www.instagram.com/lizwebber_/,lizwebber_
Anna,https://www.instagram.com/annabhamm/,annabhamm
SUMMER,https://www.instagram.com/summerkmorgan/,summerkmorgan
Heather,https://www.instagram.com/heathermiinch/,heathermiinch
gina,https://www.instagram.com/ginaammarie/,ginaammarie
Rylie,https://www.instagram.com/ryliexkelly/,ryliexkelly
Chloe,https://www.instagram.com/chlobellexx/,chlobellexx
ashley,https://www.instagram.com/itsashleykimchi/,itsashleykimchi
KATIE,https://www.instagram.com/ktmdaley/,ktmdaley
Katie,https://www.instagram.com/thektmiller/,thektmiller
Camille,https://www.instagram.com/cami_griffith/,cami_griffith
Golda,https://www.instagram.com/goldarose_/,goldarose_
Maria,https://www.instagram.com/matebritoc/,matebritoc
Larissa,https://www.instagram.com/larissapena95/,larissapena95
Adriene,https://www.instagram.com/adriene.wilde/,adriene.wilde
L,https://www.instagram.com/lizabeth.rebecca/,lizabeth.rebecca
erika,https://www.instagram.com/erikaalaina/,erikaalaina
H,https://www.instagram.com/hannah_hanks/,hannah_hanks
sisilia,https://www.instagram.com/sisiliapiring/,sisiliapiring
Kaylee,https://www.instagram.com/solarpowered_blonde/,solarpowered_blonde
Brit,https://www.instagram.com/mamastimeout/,mamastimeout
Olivia,https://www.instagram.com/oliviaaustin/,oliviaaustin
ＤＡＦＮＥ,https://www.instagram.com/dafnesoliss/,dafnesoliss
Stephanie,https://www.instagram.com/stephhcardenas/,stephhcardenas
Mackenzie,https://www.instagram.com/kenzie.sommers/,kenzie.sommers
Sierra,https://www.instagram.com/siierraspring/,siierraspring
JADE,https://www.instagram.com/jadeswildparty/,jadeswildparty
Anna,https://www.instagram.com/anna_redman/,anna_redman
ALYSSA,https://www.instagram.com/_alyssamay/,_alyssamay
Abigail,https://www.instagram.com/abbyg.garcia/,abbyg.garcia
Scarlett,https://www.instagram.com/ohmyletto/,ohmyletto
Mel,https://www.instagram.com/mel.amartinez/,mel.amartinez
Jane,https://www.instagram.com/janeleckemby/,janeleckemby
Krystalyn,https://www.instagram.com/krystalynlaura/,krystalynlaura
Lizbeth,https://www.instagram.com/imlvh/,imlvh
nazjaa,https://www.instagram.com/nazjaa/,nazjaa
Kylie,https://www.instagram.com/kkylieannn/,kkylieannn
Haley,https://www.instagram.com/olivethetravelier/,olivethetravelier
Dasani,https://www.instagram.com/dasanis.daily/,dasanis.daily
Arlett,https://www.instagram.com/arlettsworld.xo/,arlettsworld.xo
Gracie,https://www.instagram.com/_graciedavis_/,_graciedavis_
KIARRA,https://www.instagram.com/kiarranorman/,kiarranorman
Mady,https://www.instagram.com/madymaio/,madymaio
Giselle,https://www.instagram.com/gisellemays_/,gisellemays_
Kylie,https://www.instagram.com/ninandkylie/,ninandkylie
MINA,https://www.instagram.com/minaharo777/,minaharo777
Malorie,https://www.instagram.com/malorie_lauren_/,malorie_lauren_
Caitlyn,https://www.instagram.com/caitlyn.moyer/,caitlyn.moyer
Senay,https://www.instagram.com/_shayofficial/,_shayofficial
Robin,https://www.instagram.com/iamrobingaites,iamrobingaites
CLOE,https://www.instagram.com/cloemoon/,cloemoon
ꎭꋪ.,https://www.instagram.com/_mr._finesse_fitness/,_mr._finesse_fitness
Mary,https://www.instagram.com/mkfitnesssandiego/,mkfitnesssandiego
Tarah,https://instagram.com/dailydoseoftarah,dailydoseoftarah
Delaney,https://www.instagram.com/living.with.laney/,living.with.laney
Ash,https://www.instagram.com/theashbsmith/,theashbsmith
Dan,https://www.instagram.com/danielscottkain/,danielscottkain
Raegan,https://instagram.com/dr.raeganlangeliers,dr.raeganlangeliers
Sabrina,https://instagram.com/sabri.savi,sabri.savi
Savanna,https://instagram.com/strengthwithsavanna,strengthwithsavanna
Haley,https://www.instagram.com/haleynicolefit/,haleynicolefit
Stacey,https://www.instagram.com/s__gross/,s__gross
Natalie,https://www.instagram.com/nataliekschwartz/,nataliekschwartz
Arkell,https://instagram.com/thebrinyblonde,thebrinyblonde
𝐒𝐢𝐞𝐫𝐫𝐚,https://www.instagram.com/mowdegrasse/,mowdegrasse
Jezalyn,https://www.instagram.com/jezzzzz.fit/,jezzzzz.fit
Cody,https://www.instagram.com/codywalterfitness/,codywalterfitness
Leah,https://www.instagram.com/leah.runs.dpt/,leah.runs.dpt
Maggie,https://www.instagram.com/maggienichols_fit/,maggienichols_fit
Brandon,https://www.instagram.com/brandonmillerfit/,brandonmillerfit
Personal,https://www.instagram.com/my_vfit/,my_vfit
April,https://www.instagram.com/teama_rodfitness/,teama_rodfitness
Emily,https://www.instagram.com/emilycoxwellness/,emilycoxwellness
Lucia,https://www.instagram.com/lucia.runald/,lucia.runald
Gianna,https://www.instagram.com/mirandawellness_/,mirandawellness_
functional,https://www.instagram.com/jennaleeadamss/,jennaleeadamss
Desiree,https://www.instagram.com/desireekitsmiller/,desireekitsmiller
Rachel,https://www.instagram.com/rachelbrock_/,rachelbrock_
Saneeta,https://www.instagram.com/saneetarenee/,saneetarenee
Alexis,https://www.instagram.com/alexisclairefit/,alexisclairefit
Thomas,https://www.instagram.com/mr._mcmanus/,mr._mcmanus
"Randi,",https://www.instagram.com/randimarshallfit/,randimarshallfit
Johannah,https://www.instagram.com/johannahkatzrd/,johannahkatzrd
Elevate,https://www.instagram.com/laura.frontiero/,laura.frontiero
KATERI,https://www.instagram.com/everythingkrause/,everythingkrause
Alicia,https://www.instagram.com/aliciagianafitness/,aliciagianafitness
ROOT,https://www.instagram.com/motherlandwellness/,motherlandwellness
Reneé,https://www.instagram.com/holistichealingla/,holistichealingla
Eleat,https://www.instagram.com/eleatnutrition/,eleatnutrition
Cassandra,https://www.instagram.com/dietitiancass/,dietitiancass
Anthea,https://www.instagram.com/alivewellnutrition/,alivewellnutrition
TRACY,https://www.instagram.com/stayfitmom_tracy/,stayfitmom_tracy
Grayson,https://www.instagram.com/grayson_hull/,grayson_hull
KATRINA,https://www.instagram.com/katrina_ellensohn/,katrina_ellensohn
Kelsey,https://www.instagram.com/kelseyjfit/,kelseyjfit
Jill,https://www.instagram.com/jillthornton814/,jillthornton814
Kayla,https://www.instagram.com/nourishmekay/,nourishmekay
Malisa,https://www.instagram.com/malisanguyen/,malisanguyen
Adrian,https://www.instagram.com/dr.adrian.chavez/,dr.adrian.chavez
Melanie,https://www.instagram.com/choosewellwithmel/,choosewellwithmel
William,https://www.instagram.com/wholemax/,wholemax
John,https://www.instagram.com/johnbinfordfitness/,johnbinfordfitness
Dr.,https://www.instagram.com/ktdabrowski/,ktdabrowski
Sydney,https://www.instagram.com/spinsyddy/,spinsyddy
Coach,https://www.instagram.com/coach_jessbell/,coach_jessbell
Danielle,https://www.instagram.com/dmbressoud/,dmbressoud
Bill,https://www.instagram.com/billsorosorenson/,billsorosorenson
Tricia,https://www.instagram.com/murphmadden/,murphmadden
Reagan,https://www.instagram.com/reaganndavis1/,reaganndavis1
Stephanie,https://www.instagram.com/iamcoachfowler/,iamcoachfowler
stephanie,https://www.instagram.com/stephanie.firenze/,stephanie.firenze
ARAW,https://www.instagram.com/allysonsalsbery/,allysonsalsbery
Jen,https://www.instagram.com/jensilvermannutrition/,jensilvermannutrition
Claudia,https://www.instagram.com/cookwithclaudia/,cookwithclaudia
Amy,https://www.instagram.com/2explorewellness/,2explorewellness
Yasi,https://www.instagram.com/yasiansarinutrition/,yasiansarinutrition
Dr.,https://www.instagram.com/drbartprecourt/,drbartprecourt
Maxie,https://www.instagram.com/maxiehaase/,maxiehaase
Abrar,https://www.instagram.com/naelynutrition/,naelynutrition
Brionne,https://www.instagram.com/brilovesdarling/,brilovesdarling
Erica,https://www.instagram.com/ericaboliek/,ericaboliek
Kelly,https://www.instagram.com/kellyschoice_nutrition/,kellyschoice_nutrition
Kat,https://www.instagram.com/kat_napolitano/,kat_napolitano
Tanner,https://www.instagram.com/tannercourtad/,tannercourtad
Natural-Minded,https://www.instagram.com/carrie_casserly/,carrie_casserly
Eden,https://www.instagram.com/livewellwitheden/,livewellwitheden
HALEY,https://www.instagram.com/haley.lives/,haley.lives
Ali,https://www.instagram.com/alinovitskymd/,alinovitskymd
♡,https://www.instagram.com/tammysalamone/,tammysalamone
CHASE💖,https://www.instagram.com/chase_willman/,chase_willman
Antonia,https://www.instagram.com/theantoniad/,theantoniad
SARAH,https://www.instagram.com/sarahfitafter5/,sarahfitafter5
Binay,https://www.instagram.com/bodybybinay/,bodybybinay
cw.fitness,https://www.instagram.com/cw.fitness/,cw.fitness
D,https://www.instagram.com/dolosfitness/,dolosfitness
SASHA,https://www.instagram.com/thelittleblondeyogi/,thelittleblondeyogi
Jennifer,https://www.instagram.com/peace_love_health_/,peace_love_health_
Abby,https://www.instagram.com/healthygirlhacks18/,healthygirlhacks18
Ali,https://www.instagram.com/thisisalikfitness/,thisisalikfitness
BECKY,https://www.instagram.com/beckythayer/,beckythayer
Amanda:,https://www.instagram.com/amandamargusity/,amandamargusity
Kenidee,https://www.instagram.com/kenideecragun_fit/,kenideecragun_fit
Morgan,https://www.instagram.com/morgankeyfitness/,morgankeyfitness
Jordan,https://www.instagram.com/healthybunhead/,healthybunhead
Kaylei,https://www.instagram.com/kayleidee/,kayleidee
Shiva,https://www.instagram.com/sheevz21/,sheevz21
Erin,https://www.instagram.com/wildchildyoga/,wildchildyoga
Heather,https://www.instagram.com/heatherleighfitness/,heatherleighfitness
Julia,https://www.instagram.com/jujueda/,jujueda
Mary,https://www.instagram.com/mornings_with_mary_/,mornings_with_mary_
orey,https://www.instagram.com/oreyfit/,oreyfit
Lauren,https://www.instagram.com/laurentglaze/,laurentglaze
Emily,https://www.instagram.com/knight__fit/,knight__fit
Nico,https://www.instagram.com/nicofelich/,nicofelich
Dr.,https://www.instagram.com/drchelseabarnespt/,drchelseabarnespt
BIANCA,https://www.instagram.com/soulflowbianca/,soulflowbianca
Matthew,https://www.instagram.com/heycoachmatt/,heycoachmatt
K͙I͙M͙,https://www.instagram.com/itskimglass/,itskimglass
Lindsey,https://www.instagram.com/liindseyleppo/,liindseyleppo
Dr.,https://www.instagram.com/thephysicaltherapyacademy/,thephysicaltherapyacademy
Johnathan,https://www.instagram.com/tallmanability/,tallmanability
Kellie,https://www.instagram.com/kellie.rongo/,kellie.rongo
C,https://www.instagram.com/cherie_amour05/,cherie_amour05
Patrick,https://www.instagram.com/pchperformance/,pchperformance
Ben,https://www.instagram.com/coach_benh/,coach_benh
TheGOAT,https://www.instagram.com/i_danadanethegoat/,i_danadanethegoat
Natasha,https://www.instagram.com/fitmamasb/,fitmamasb
Coach,https://www.instagram.com/avafagin/,avafagin
Samantha,https://www.instagram.com/allthings_samanthajo/,allthings_samanthajo
Amanda,https://www.instagram.com/fitshopwellness/,fitshopwellness
Aliya,https://www.instagram.com/agelessmobility/,agelessmobility
Michael,https://www.instagram.com/michael.autore/,michael.autore
Edgar,https://www.instagram.com/edgar_macias91/,edgar_macias91
Aleks,https://www.instagram.com/health.performance.engineer/,health.performance.engineer
Kai,https://www.instagram.com/kai_boyer_fitness/,kai_boyer_fitness
Dr.,https://www.instagram.com/drmichellegaubert/,drmichellegaubert
Gabriela,https://www.instagram.com/gabsthegreat_/,gabsthegreat_
Olivia,https://www.instagram.com/livpaigeee/,livpaigeee
Alisha,https://www.instagram.com/alishabeeman/,alishabeeman
Gina,https://www.instagram.com/ginachanis/,ginachanis
Cecilie,https://www.instagram.com/ccbarreandcore/,ccbarreandcore
kristin,https://www.instagram.com/kristinskelley/,kristinskelley
kenzie,https://www.instagram.com/kenziewesp/,kenziewesp
Vincient,https://www.instagram.com/laf610/,laf610
Yavuz,https://www.instagram.com/yavuzakman/,yavuzakman
Jess,https://www.instagram.com/coach.jessica/,coach.jessica
Rick,https://www.instagram.com/iamrickchavez/,iamrickchavez
Michael,https://www.instagram.com/coachmichael/,coachmichael
Wilhemina,https://www.instagram.com/theworkoutbody/,theworkoutbody
Amanda,https://www.instagram.com/amanda_katzz/,amanda_katzz
Zach,https://www.instagram.com/zach_moore24/,zach_moore24
KARL,https://www.instagram.com/karl.flrs/,karl.flrs
Sarah,https://www.instagram.com/sarahritchy/,sarahritchy
Celly,https://www.instagram.com/lifewithcelly/,lifewithcelly
Katia,https://www.instagram.com/coachkatia_/,coachkatia_
Lauren,https://www.instagram.com/laurennbfit/,laurennbfit
Joshua,https://www.instagram.com/joshowensfitness/,joshowensfitness
Rehab,https://www.instagram.com/rorimegan_prs/,rorimegan_prs
JP,https://www.instagram.com/jp_gzmn/,jp_gzmn
Justin,https://www.instagram.com/justinjugglingkettlebell/,justinjugglingkettlebell
Allen,https://www.instagram.com/allenswan/,allenswan
Addie,https://www.instagram.com/addiepower_/,addiepower_
Jessica,https://www.instagram.com/coachjburke/,coachjburke
Aja,https://www.instagram.com/ajacampbell21/,ajacampbell21
Alex,https://www.instagram.com/alexbrusiloff/,alexbrusiloff
Lenay,https://www.instagram.com/lenizzle/,lenizzle
Ricky,https://www.instagram.com/rickylatham98/,rickylatham98
Mary,https://www.instagram.com/_marywolfe_/,_marywolfe_
Kaylee,https://www.instagram.com/kayleee_brooke4/,kayleee_brooke4
Jasleen,https://www.instagram.com/lilfitjas/,lilfitjas
"Katie,",https://www.instagram.com/katiejanehoehn/,katiejanehoehn
Sam,https://www.instagram.com/sam_befit/,sam_befit
Samuel,https://www.instagram.com/samuellfunderburk/,samuellfunderburk
Olivia,https://www.instagram.com/oliviaderry/,oliviaderry
Victoria,https://www.instagram.com/_victoriacarr/,_victoriacarr
"SoFresh,",https://www.instagram.com/mc.sofresh/,mc.sofresh
Monica,https://www.instagram.com/romofit/,romofit
John,https://www.instagram.com/johnpappfitness/,johnpappfitness
ARIANNA,https://www.instagram.com/ariannaluther/,ariannaluther
Brendan,https://www.instagram.com/brendanthompsn/,brendanthompsn
Stacey,https://www.instagram.com/_solwellness/,_solwellness
𝐃𝐚𝐲𝐭𝐨𝐧,https://www.instagram.com/dayton_burnett/,dayton_burnett
Dr.,https://www.instagram.com/drmeganbrown/,drmeganbrown
NICANDRO,https://www.instagram.com/mindsetfitness/,mindsetfitness
Fitness,https://www.instagram.com/master_mister_mm/,master_mister_mm
Safia,https://www.instagram.com/safiafit/,safiafit
Thornton,https://www.instagram.com/kylue_chandler/,kylue_chandler
Bolden,https://www.instagram.com/king.bolden/,king.bolden
Tada,https://www.instagram.com/differentbreed_tada/,differentbreed_tada
Dante,https://www.instagram.com/daybydante/,daybydante
Dr.,https://www.instagram.com/alexismorganpt/,alexismorganpt
Ani,https://www.instagram.com/anigagikifit/,anigagikifit
Andrew,https://www.instagram.com/andrewreyy/,andrewreyy
Jen,https://www.instagram.com/jensmash13/,jensmash13
Dr.,https://www.instagram.com/drnikkiwanfit/,drnikkiwanfit
Fleur🌼,https://www.instagram.com/athleticwithfleur/,athleticwithfleur
Ruben,https://www.instagram.com/enmovement/,enmovement
Sharon,https://www.instagram.com/metabolicsixone/,metabolicsixone
Tim,https://www.instagram.com/timholzaepfel/,timholzaepfel
Fitness,https://www.instagram.com/e_fit5/,e_fit5
Nidal,https://www.instagram.com/personal.body/,personal.body
Tessa,https://www.instagram.com/tessawessa/,tessawessa
C&C,https://www.instagram.com/catandchau/,catandchau
Maximilian,https://www.instagram.com/max_nix/,max_nix
Wellington,https://www.instagram.com/coach__wellington/,coach__wellington
Aphrodite,https://www.instagram.com/sheiskettlebell/,sheiskettlebell
Zar,https://www.instagram.com/zarhorton_kbx/,zarhorton_kbx
Maku,https://www.instagram.com/makukameya/,makukameya
Dr.,https://www.instagram.com/hasmeetsandhu/,hasmeetsandhu
NAZHARIA,https://www.instagram.com/nazhariaschifra/,nazhariaschifra
Kyle,https://www.instagram.com/kyletinsondxb/,kyletinsondxb
Emma,https://www.instagram.com/emmjanderson/,emmjanderson
Grace,https://www.instagram.com/dieselgracefit/,dieselgracefit
Claudia,https://www.instagram.com/strongwithclaudia/,strongwithclaudia
Minal,https://www.instagram.com/minal_sangatwani/,minal_sangatwani
Archie,https://www.instagram.com/archieisrael/,archieisrael
Dalmie,https://www.instagram.com/dalmie.fitventures/,dalmie.fitventures
Cliff,https://www.instagram.com/ctmotivator/,ctmotivator
Gursharon,https://www.instagram.com/stronglikeg/,stronglikeg
Rachel,https://www.instagram.com/racheldellefield/,racheldellefield
Änna,https://www.instagram.com/cyclebossspinks/,cyclebossspinks
Judah,https://www.instagram.com/coach.judah/,coach.judah
Kimmy,https://www.instagram.com/coachkimmyduong/,coachkimmyduong
Mia,https://www.instagram.com/mia.k.fitness/,mia.k.fitness
Laura,https://www.instagram.com/laura_denmanfitness/,laura_denmanfitness
Brian,https://www.instagram.com/brianmontgomeryjr/,brianmontgomeryjr
Maddi,https://www.instagram.com/maddi.mindbodywellness/,maddi.mindbodywellness
✨Dawn✨,https://www.instagram.com/fittrainer.dawn/,fittrainer.dawn
Hallie,https://www.instagram.com/hallie_yourkettlebellcoach/,hallie_yourkettlebellcoach
Mj,https://www.instagram.com/mind_bodymanifestation/,mind_bodymanifestation
Steven,https://www.instagram.com/coachastro_cbp/,coachastro_cbp
Jason,https://www.instagram.com/jasonrotger/,jasonrotger
Lucas,https://www.instagram.com/coachlucasmiami/,coachlucasmiami
Joshua,https://www.instagram.com/josh_daniels_trueap/,josh_daniels_trueap
Chris,https://www.instagram.com/chrishannigan_/,chrishannigan_
Coach,https://www.instagram.com/i.am.relentless1/,i.am.relentless1
Tae,https://www.instagram.com/taefit45/,taefit45
Justin,https://www.instagram.com/coachkeg/,coachkeg
Fitness,https://www.instagram.com/koachedbykeith/,koachedbykeith
Dr.,https://www.instagram.com/keegan_ross_dpt/,keegan_ross_dpt
Ced,https://www.instagram.com/ced.mcfadden/,ced.mcfadden
Dr.,https://www.instagram.com/hughesa03/,hughesa03
Brittany,https://www.instagram.com/fit.with_brittt/,fit.with_brittt
Jacques,https://www.instagram.com/jacquesfit/,jacquesfit
Meg,https://www.instagram.com/meghancaffrey_/,meghancaffrey_
Tori,https://www.instagram.com/torikwhit/,torikwhit
Taylor,https://www.instagram.com/coach_burch/,coach_burch
Dr.,https://www.instagram.com/dr.stefanvaldes/,dr.stefanvaldes
Terri,https://www.instagram.com/terri.elder.dpt/,terri.elder.dpt
Lauren,https://www.instagram.com/laurmkrich/,laurmkrich
savannah,https://www.instagram.com/_savyfit/,_savyfit
Dr.,https://www.instagram.com/movement.chiro/,movement.chiro
James,https://www.instagram.com/thayer2513/,thayer2513
Jessica,https://www.instagram.com/jessmahowafitness/,jessmahowafitness
Khari,https://www.instagram.com/coach.khari/,coach.khari
Andy,https://www.instagram.com/andy86thomps/,andy86thomps
🐐,https://www.instagram.com/coach_rique/,coach_rique
Bobby,https://www.instagram.com/bobbythejet/,bobbythejet
COACH,https://www.instagram.com/_coachtayperformance/,_coachtayperformance
Coach,https://www.instagram.com/spinneralmighty/,spinneralmighty
Ramirra,https://www.instagram.com/mirrajai.fit/,mirrajai.fit
Daniel,https://www.instagram.com/theirish_yank/,theirish_yank
Emily,https://www.instagram.com/the_emilylawrence/,the_emilylawrence
Matt,https://www.instagram.com/mattsauerhoff/,mattsauerhoff
The,https://www.instagram.com/theofficialffathletics/,theofficialffathletics
ALYSSA,https://www.instagram.com/alyssacollinss/,alyssacollinss
Drew,https://www.instagram.com/drewdudek.dpt/,drewdudek.dpt
Q,https://www.instagram.com/qthemassagetherapist/,qthemassagetherapist
Mike,https://www.instagram.com/piskorz_/,piskorz_
Dr.,https://www.instagram.com/adylanboone/,adylanboone
Jackson,https://www.instagram.com/jacks_boyd/,jacks_boyd
Emma,https://www.instagram.com/emmapigeonyoga/,emmapigeonyoga
Sydney,https://www.instagram.com/sydneyadamsfitness/,sydneyadamsfitness
The,https://www.instagram.com/katieaustinapp/,katieaustinapp
Nora,https://www.instagram.com/noraminnord/,noraminnord
Adam,https://www.instagram.com/copperstatefit/,copperstatefit
Jessica,https://www.instagram.com/jessie_xoxoxo/,jessie_xoxoxo
Mrs.,https://www.instagram.com/hephanie_wellness/,hephanie_wellness
AMERICA,https://www.instagram.com/americaskitchen/,americaskitchen
Sontia,https://www.instagram.com/sontia.kay/,sontia.kay
Mackenzie,https://www.instagram.com/cheerfulchoices/,cheerfulchoices
James,https://www.instagram.com/jameslwhitee/,jameslwhitee
Justin,https://www.instagram.com/justinpeterrss/,justinpeterrss
Kellen,https://www.instagram.com/kellenrunsphilly/,kellenrunsphilly
LIZZIE,https://www.instagram.com/lizzie.ramey/,lizzie.ramey
Bobby,https://www.instagram.com/bobbyc_23/,bobbyc_23
COLBY,https://www.instagram.com/m3colby/,m3colby
Βrad,https://www.instagram.com/brad_neuerburg/,brad_neuerburg
Jenna,https://www.instagram.com/justjennafit/,justjennafit
Coach,https://www.instagram.com/joesigona/,joesigona
Devon,https://www.instagram.com/kindevon/,kindevon
Dr.,https://www.instagram.com/everathlete/,everathlete
Chrissy,https://www.instagram.com/mq_fitness_/,mq_fitness_
Emily,https://www.instagram.com/mileswithem44/,mileswithem44
QUINCY,https://www.instagram.com/gqfit_/,gqfit_
Will,https://www.instagram.com/builtbywill/,builtbywill
kristian,https://www.instagram.com/kristianelvina/,kristianelvina
ANUSHKA,https://www.instagram.com/its.anushkatyagi/,its.anushkatyagi
Char,https://www.instagram.com/charathoner/,charathoner
Chase,https://www.instagram.com/chaseprice/,chaseprice
Juanita,https://www.instagram.com/juanafitt/,juanafitt
Rylee,https://www.instagram.com/ryleejade.fit/,ryleejade.fit
Jennifer,https://www.instagram.com/jennivenegas_/,jennivenegas_
Toan,https://www.instagram.com/toan.guyen/,toan.guyen
Taylor,https://www.instagram.com/runwellwithtay/,runwellwithtay
Nicole,https://www.instagram.com/runnergirlnicole/,runnergirlnicole
Brandy,https://www.instagram.com/brandytherunner_/,brandytherunner_
Chloe,https://www.instagram.com/runwithchlomo/,runwithchlomo
Vanessa,https://www.instagram.com/v_real_mccoy/,v_real_mccoy
Jenny,https://www.instagram.com/jenlabaw/,jenlabaw
Matt,https://www.instagram.com/_mattmorton_/,_mattmorton_
Antonietta,https://www.instagram.com/antoniettavicario/,antoniettavicario
Nicole,https://www.instagram.com/_nicoleeesquigs/,_nicoleeesquigs
Emma,https://www.instagram.com/energybyemma/,energybyemma
Daisy,https://www.instagram.com/rawesome_daisy/,rawesome_daisy
Cameron,https://www.instagram.com/cameronjanefitness/,cameronjanefitness
Ashleysayque,https://www.instagram.com/ashleysayque/,ashleysayque
Shay,https://www.instagram.com/shaylincarrasco/,shaylincarrasco
Breanna,https://www.instagram.com/iambreannadanielle/,iambreannadanielle
Amber,https://www.instagram.com/amber_lynn_rich/,amber_lynn_rich
Allison,https://www.instagram.com/alikatttt/,alikatttt
Gavin,https://www.instagram.com/thegavinteague/,thegavinteague
LONI,https://instagram.com/lonipfeil/lonimichelle,lonipfeil
Jessica,https://instagram.com/jessicazaper_,jessicazaper_
Janine,https://instagram.com/janine.zow,janine.zow
Brianna,https://instagram.com/balancedbybree_,balancedbybree_
Laura,https://instagram.com/lauravandeberg_,lauravandeberg_
Tae,https://instagram.com/_tae.fit,_tae.fit
DIANA,https://www.instagram.com/dianamaux/,dianamaux
Karly,https://www.instagram.com/karlyalane_/,karlyalane_
Jill,https://www.instagram.com/guttalkgirls,guttalkgirls
Camilla,https://www.instagram.com/millaswellnessrecipe/,millaswellnessrecipe
Madison,https://www.instagram.com/madison_jules/,madison_jules
Halie,https://www.instagram.com/drhalieschoff/,drhalieschoff
Sarah,https://www.tiktok.com/@glowfromwithin?lang=en,glowfromwithin
Bernice,https://www.instagram.com/bernicegracefit/,bernicegracefit
Erica,https://www.instagram.com/ericabeine/,ericabeine
Kaylee,https://www.instagram.com/home_swaps,home_swaps
Lexi,https://www.instagram.com/lexinoelv/reels/,lexinoelv
Genelle,https://www.instagram.com/genelleariel/reels/,genelleariel
Braci,https://instagram.com/bracilanewellness,bracilanewellness
Ryan,https://www.instagram.com/women_of_wellness/,women_of_wellness
Beverly,https://www.instagram.com/dontletthemfoolyou2,dontletthemfoolyou2
Kara,https://www.instagram.com/organicmindedmom/,organicmindedmom
Jaide,https://www.instagram.com/simplystegner/,simplystegner
Morgan,https://www.instagram.com/verycrunchymama/,verycrunchymama
Heather,https://instagram.com/naturally_heather,naturally_heather
Bishaka,https://instagram.com/foodlicious444,foodlicious444
Kenzie,https://www.instagram.com/kenzietwomack/,kenzietwomack
Renae,https://instagram.com/nae.steele,nae.steele
Mel,https://www.instagram.com/melrodstyle/,melrodstyle
Kaylin,https://www.instagram.com/walkingandcounting/,walkingandcounting
Laurel,https://www.instagram.com/cleaneatingmom/,cleaneatingmom
,https://www.instagram.com/blonde.texas.mama/,blonde.texas.mama
Briana,https://www.instagram.com/breezy.wellness/,breezy.wellness
Angela,https://www.instagram.com/floridafacialist/,floridafacialist
Brianna,https://www.instagram.com/brifindingbalance/,brifindingbalance
Kimanna,https://www.instagram.com/sincerelykimanna/,sincerelykimanna
valeria,https://www.instagram.com/wellbyvaleria/,wellbyvaleria
erica,https://www.instagram.com/healthwitherica/,healthwitherica
Leah,https://www.instagram.com/xlivelaughleahx/,xlivelaughleahx
KC,https://www.instagram.com/thatssokc/,thatssokc
Lauren,https://www.instagram.com/health_by_lo/,health_by_lo
Jessica,https://www.instagram.com/jessica.gaddy/,jessica.gaddy
Ellie,https://www.instagram.com/elliehildrethh/,elliehildrethh
Diana,https://www.instagram.com/dianaajih/,dianaajih
Holistic,https://www.instagram.com/desiree.sprauve/,desiree.sprauve
emmy,https://www.instagram.com/emmaliee_rose/,emmaliee_rose
Maggie,https://www.instagram.com/ifeelrlygood/,ifeelrlygood
John,https://www.instagram.com/itsdoctorjohn/,itsdoctorjohn
Sydney,https://www.instagram.com/sydneyjulia.travels/,sydneyjulia.travels
Nicole,https://www.instagram.com/mindfulhealthnyc/,mindfulhealthnyc
Chelsea,https://www.instagram.com/theteacherchelsea/,theteacherchelsea
Bridget,https://www.instagram.com/bridgetcampbell_/,bridgetcampbell_
Alexis🌻,https://www.instagram.com/alexisboston1/,alexisboston1
Jodi,https://www.instagram.com/fitandcleanliving/,fitandcleanliving
Dusty,https://www.instagram.com/dbstanczyk/,dbstanczyk
grace,https://www.instagram.com/goodlifebygrace_/,goodlifebygrace_
Emily,https://www.instagram.com/emilycahillhealth/,emilycahillhealth
Sophia,https://www.instagram.com/wallstreetwellness/,wallstreetwellness
Em,https://www.instagram.com/emilyzygmunt/,emilyzygmunt
Jillian,https://www.instagram.com/urdaewellness/,urdaewellness
amber,https://www.instagram.com/amber.howell/,amber.howell
Makenna,https://www.instagram.com/makennalewers/,makennalewers
Michelle,https://www.instagram.com/shellkastle/,shellkastle
Chelsea,https://www.instagram.com/chelsea_dixon_/,chelsea_dixon_
Adriana,https://www.instagram.com/trulywell.rd/,trulywell.rd
Bailey,https://www.instagram.com/sincerely_bailey/,sincerely_bailey
Chandler,https://www.instagram.com/chandlermadeco/,chandlermadeco
francesca,https://www.instagram.com/frank.iie/,frank.iie
Kate,https://www.instagram.com/thewholesumnurse/,thewholesumnurse
Maral,https://www.instagram.com/thewellthybody/,thewellthybody
Susan,https://www.instagram.com/susanclancyfit2go/,susanclancyfit2go
Erriel,https://www.instagram.com/iamerriellorre/,iamerriellorre
Logan,https://www.instagram.com/__logandawson/,__logandawson
Keysha,https://www.instagram.com/keyshamilana/,keyshamilana
Joy,https://www.instagram.com/purejoy_lifestyle/,purejoy_lifestyle
Autumn,https://www.instagram.com/autumnsaaro/,autumnsaaro
alissa,https://www.instagram.com/alissa.montez/,alissa.montez
megan,https://www.instagram.com/megansecoy/,megansecoy
cassandra,https://www.instagram.com/cassandraleigh215/,cassandraleigh215
bri,https://www.instagram.com/briiwallace/,briiwallace
nicole,https://www.instagram.com/nicolemcappetta/,nicolemcappetta
madison,https://www.instagram.com/madinoellle/,madinoellle
Taylor,https://www.instagram.com/taylorlmckinley/,taylorlmckinley
Lisa,https://www.instagram.com/healisticbabe/,healisticbabe
Camille🌸,https://www.instagram.com/holistic__honey/,holistic__honey
MEG,https://www.instagram.com/meg.winje/,meg.winje
Plant-Based,https://www.instagram.com/hustleandbrussel/,hustleandbrussel
Bailey,https://www.instagram.com/nourishwithbailey/,nourishwithbailey
Nicole,https://www.instagram.com/simplistic.mama/,simplistic.mama
Faustine,https://www.instagram.com/intentional_nourishment/,intentional_nourishment
Fiorella,https://www.instagram.com/plntmorenutrition/,plntmorenutrition
Leslie,https://www.instagram.com/leslienorthwellness/,leslienorthwellness
Matia,https://www.instagram.com/matiasaxhealth/,matiasaxhealth
Kylie,https://www.instagram.com/bornnourished/,bornnourished
Emily,https://www.instagram.com/healthyw_em/,healthyw_em
Emma,https://www.instagram.com/emmalrobles/,emmalrobles
Ariana,https://www.instagram.com/wellness.pharm/,wellness.pharm
Nicole,https://www.instagram.com/nmdye/,nmdye
Kristine,https://www.instagram.com/subtleyoga/,subtleyoga
Tatiana,https://www.instagram.com/tatiana.yasmin/,tatiana.yasmin
Bea,https://www.instagram.com/holisticbea_/,holisticbea_
Cheyanne,https://www.instagram.com/cheyannerena/,cheyannerena
Chloe,https://www.instagram.com/chloebellerbymh/,chloebellerbymh
Kristi,https://www.instagram.com/kristidata/,kristidata
Jenna,https://www.instagram.com/jennaroseyoga/,jennaroseyoga
Jennifer,https://www.instagram.com/farmacyrevolution_/,farmacyrevolution_
Rachel,https://www.instagram.com/thechiababe/,thechiababe
Sara,https://www.instagram.com/healthyeatsnutrition/,healthyeatsnutrition
Bella,https://www.instagram.com/bewellbybella/,bewellbybella
Siera,https://www.instagram.com/siera_marshall/,siera_marshall
"Health,",https://www.instagram.com/be_well_with_becca/,be_well_with_becca
Klaudia,https://www.instagram.com/bylinebyklaudia/,bylinebyklaudia
KELLY,https://www.instagram.com/iamkellycole/,iamkellycole
Nicole,https://www.instagram.com/nicole___bruno/,nicole___bruno
Jordan,https://www.instagram.com/jttripp_/,jttripp_
Mel,https://www.instagram.com/meldelgados/,meldelgados
ABI,https://www.instagram.com/postcardsfromabi/,postcardsfromabi
Ana,https://www.instagram.com/anacchincoa/,anacchincoa
Olivia,https://www.instagram.com/oliviabearddd/,oliviabearddd
katie,https://www.instagram.com/katiebecknell/,katiebecknell
Kayleigh🦋☀️💫,https://www.instagram.com/fithappyhealthykayls/,fithappyhealthykayls
Ellen,https://www.instagram.com/ellendeckerr/,ellendeckerr
Keira,https://www.instagram.com/naturalbornkeira/,naturalbornkeira
Lara,https://www.instagram.com/larasalamone/,larasalamone
jess,https://www.instagram.com/jessicamccabefit/,jessicamccabefit
Keyla,https://www.instagram.com/keyla__reyes/,keyla__reyes
Arabella,https://www.instagram.com/thearabellasolution/,thearabellasolution
Sienna🌱Noe11e,https://www.instagram.com/siennanoe11e/,siennanoe11e
Zamaria,https://www.instagram.com/happyfitzam/,happyfitzam
Kara,https://www.instagram.com/kara.fit.simmons/,kara.fit.simmons
Giordana,https://www.instagram.com/gigivogel_/,gigivogel_
Kira,https://www.instagram.com/kirajones/,kirajones
Sierra,https://www.instagram.com/siec.j/,siec.j
Nike,https://www.instagram.com/coachzha/,coachzha
FIONA,https://www.instagram.com/fionajaneware/,fionajaneware
Egypt,https://www.instagram.com/egypt.ami/,egypt.ami
grace,https://www.instagram.com/gracekampen/,gracekampen
Telapilates,https://www.instagram.com/telapilates/,telapilates
Jordan,https://www.instagram.com/jordanartman/,jordanartman
Hannah,https://www.instagram.com/sweatwithhannah/,sweatwithhannah
A,https://www.instagram.com/alana.moves/,alana.moves
Christie,https://www.instagram.com/fitwithchristie/,fitwithchristie
Hadas,https://www.instagram.com/hadas_fitlife/,hadas_fitlife
✿,https://www.instagram.com/haileyrhodes__/,haileyrhodes__
tania,https://www.instagram.com/bad_b_t/,bad_b_t
Amber,https://www.instagram.com/amberrgamez/,amberrgamez
noelle,https://www.instagram.com/noellee.katee/,noellee.katee
Mirna,https://www.instagram.com/merelymirna/,merelymirna
Malia,https://www.instagram.com/themaliaelaine/,themaliaelaine
jasmine,https://www.instagram.com/jas.mine.ang/,jas.mine.ang
Amaya,https://www.instagram.com/_amayamonae/,_amayamonae
Lily,https://www.instagram.com/lilykltran/,lilykltran
,https://www.instagram.com/kuba.yilmaz/,kuba.yilmaz
POCA,https://www.instagram.com/saypoca/,saypoca
Deb,https://www.instagram.com/debb_leo/,debb_leo
Bella,https://www.instagram.com/bellaalich/,bellaalich
Isabella,https://www.instagram.com/isa_kristen22/,isa_kristen22
Bridget,https://www.instagram.com/blissbrie/,blissbrie
Eileen,https://www.instagram.com/eileensanch/,eileensanch
Linnea,https://www.instagram.com/syncwithlinn/,syncwithlinn
rachel,https://www.instagram.com/getyourglowww/,getyourglowww
Mali,https://www.instagram.com/healthwithmali/,healthwithmali
bee,https://www.instagram.com/thebusybeelife/,thebusybeelife
Kristin,https://www.instagram.com/kristinhauser/,kristinhauser
Hailey,https://www.instagram.com/basedgirlhailey/,basedgirlhailey
Charlotte,https://www.instagram.com/breathe_strength/,breathe_strength
Samantha,https://www.instagram.com/sjaneyogi/,sjaneyogi
Natalie,https://www.instagram.com/loveandalchemy_/,loveandalchemy_
Jennifer,https://www.instagram.com/mrs_kile/,mrs_kile
J,https://www.instagram.com/theelmosworld/,theelmosworld
Abby,https://www.instagram.com/abbyheyer/,abbyheyer
Noelle’s,https://www.instagram.com/noellesnaturals/,noellesnaturals
Hanna,https://www.instagram.com/airwaterandgreens/,airwaterandgreens
Carly,https://www.instagram.com/rewildcarlyrose/,rewildcarlyrose
Hannah,https://www.instagram.com/hannahstieveee/,hannahstieveee
Sisi,https://www.instagram.com/sisifriendly/,sisifriendly
Sama,https://www.instagram.com/samalouisaa/,samalouisaa
Morgan,https://www.instagram.com/morganreesfit/,morganreesfit
Becca,https://www.instagram.com/balanced_becs/,balanced_becs
Chelsea,https://www.instagram.com/chelsraecollins/,chelsraecollins
Allie,https://www.instagram.com/allietassano/,allietassano
Alisha,https://www.instagram.com/thealishawilliams/,thealishawilliams
Nathalia,https://www.instagram.com/nathysandoval/,nathysandoval
sheslivingwell🤍,https://www.instagram.com/sheslivingwell/,sheslivingwell
katy,https://www.instagram.com/katylmundy/,katylmundy
erica,https://www.instagram.com/ericaa_wolf/,ericaa_wolf
Ashley,https://www.instagram.com/ashleydianeevans/,ashleydianeevans
Lillian,https://www.instagram.com/lillynbelle/,lillynbelle
Lexi,https://www.instagram.com/xolexilu/,xolexilu
Paola,https://www.instagram.com/paola_ibl/,paola_ibl
Jess,https://www.instagram.com/jessmollybell/,jessmollybell
brooke,https://www.instagram.com/brookeworksout/,brookeworksout
christine,https://www.instagram.com/christines.life_/,christines.life_
Lavishh,https://www.instagram.com/lavishh.beyonce/,lavishh.beyonce
Melina,https://www.instagram.com/melinamblan/,melinamblan
E,https://www.instagram.com/erika3mtz/,erika3mtz
sam,https://www.instagram.com/sam.tahan/,sam.tahan
Alyssa,https://www.instagram.com/alyssakuri/,alyssakuri
STEPHI,https://www.instagram.com/stephinguyen/,stephinguyen
Katie,https://www.instagram.com/katiee__george/,katiee__george
Kate,https://www.instagram.com/_kateladner/,_kateladner
Hannah,https://www.instagram.com/heyhannahlee/,heyhannahlee
Quincie,https://www.instagram.com/quinciesimone_/,quinciesimone_
KAY,https://www.instagram.com/kayymrose/,kayymrose
Kristen,https://www.instagram.com/kristenrstevens/,kristenrstevens
VICTORIA,https://www.instagram.com/stick_with_it_fitness/,stick_with_it_fitness
emma,https://www.instagram.com/emma_godfreyy/,emma_godfreyy
caroline,https://www.instagram.com/caroline.beckham/,caroline.beckham
MEGAN,https://www.instagram.com/meglskalla/,meglskalla
Hande,https://www.instagram.com/handemirel/,handemirel
Ashton,https://www.instagram.com/ashtonvonkesslerfit/,ashtonvonkesslerfit
Zoe,https://www.instagram.com/veryveryzoe/,veryveryzoe
Jess,https://www.instagram.com/jesspallotti/,jesspallotti
Katie,https://www.instagram.com/thepilatesblonde/,thepilatesblonde
Gina,https://www.instagram.com/ginamurraypilates/,ginamurraypilates
𝒮𝒽𝒶𝓁𝓎𝓃𝓃,https://www.instagram.com/pilatesbaeshay/,pilatesbaeshay
Nicole,https://www.instagram.com/buttsbyshutt/,buttsbyshutt
Alexis,https://www.instagram.com/lexfish/,lexfish
Kelly,https://www.instagram.com/kellylookbook/,kellylookbook
kati,https://www.instagram.com/kati.villavicencio/,kati.villavicencio
Delia,https://www.instagram.com/deliapilates/,deliapilates
Abbey,https://www.instagram.com/ajoy10/,ajoy10
Callie,https://www.instagram.com/calliegualy/,calliegualy
Lisa,https://www.instagram.com/pilateswithlisabenson/,pilateswithlisabenson
maddie,https://www.instagram.com/maddiemilton_/,maddiemilton_
Emi,https://www.instagram.com/emimoves/,emimoves
Rachel,https://www.instagram.com/pilateswrachel/,pilateswrachel
Nancy,https://www.instagram.com/richermovement/,richermovement
Natasha,https://www.instagram.com/natashasalley/,natashasalley
Dani,https://www.instagram.com/daniiilondon/,daniiilondon
k,https://www.instagram.com/katemoats.movement/,katemoats.movement
Amanda,https://www.instagram.com/amandagreenpilates/,amandagreenpilates
Tamara,https://www.instagram.com/tamarasoulespilates/,tamarasoulespilates
Jordan,https://www.instagram.com/jordan_hana/,jordan_hana
Gianna,https://www.instagram.com/gfitgianna/,gfitgianna
Dr.,https://www.instagram.com/dr.nataziazustolberg/,dr.nataziazustolberg
Sua,https://www.instagram.com/clairesua/,clairesua
Yoga,https://www.instagram.com/sabine.appleby/,sabine.appleby
hale,https://www.instagram.com/haleygrecsek/,haleygrecsek
MADS,https://www.instagram.com/mads.onthedaily/,mads.onthedaily
Mariana,https://www.instagram.com/nutritionwithmariana/,nutritionwithmariana
Macy,https://www.instagram.com/balancebymacy/,balancebymacy
Sienna,https://www.instagram.com/siennadiaz._/,siennadiaz._
Beth,https://www.instagram.com/bethsimswellness/,bethsimswellness
Nicole,https://www.instagram.com/nicolesnutrition/,nicolesnutrition
Samantha,https://www.instagram.com/samanthariehl/ ,samanthariehl
Kelly,https://www.instagram.com/fitandwellwithkel/,fitandwellwithkel
jenny,https://www.instagram.com/jenny.minney/,jenny.minney
Shayla,https://www.instagram.com/shaylaquinn/,shaylaquinn
Jadyn,https://www.instagram.com/jadynhaileyy/,jadynhaileyy
linda,https://www.instagram.com/lindanguyenlee/,lindanguyenlee
ALEXA,https://www.instagram.com/alexafield/,alexafield
alexa,https://www.instagram.com/ambitiouslyalexa/,ambitiouslyalexa
veronica,https://www.instagram.com/veronicadroulia/,veronicadroulia
Katerina,https://www.instagram.com/katerinamangini/,katerinamangini
Beauty,https://www.instagram.com/awellthygirl/,awellthygirl
kayla,https://www.instagram.com/kaylaiutzwig/,kaylaiutzwig
Meghan,https://www.instagram.com/by.meghanrose/,by.meghanrose
Isa,https://www.instagram.com/wellbyisa/,wellbyisa
merryl,https://www.instagram.com/msdlifestyle/,msdlifestyle
les,https://www.instagram.com/balancedles/,balancedles
jacey,https://www.instagram.com/jacey.adler/,jacey.adler
𝐀𝐥𝐞𝐱𝐚𝐧𝐝𝐫𝐚,https://www.instagram.com/alexandrafreckles/,alexandrafreckles
Kayana,https://www.instagram.com/yonmiin/,yonmiin
Naomi💗,https://www.instagram.com/naomiheartsxo/,naomiheartsxo
Valencia,https://www.instagram.com/itgirls_lifestyle/,itgirls_lifestyle
Crystal,https://www.instagram.com/crystalskipper_/,crystalskipper_
Karen,https://www.instagram.com/louie.karen/,louie.karen
Angel,https://www.instagram.com/foliangel/,foliangel
Daniela,https://www.instagram.com/danielaagiraldoo/,danielaagiraldoo
morgan,https://www.instagram.com/morgan.portee/,morgan.portee
ANASTASIA,https://www.instagram.com/anastasiabess/,anastasiabess
Jenna,https://www.instagram.com/jennadeezio/,jennadeezio
Emily,https://www.instagram.com/healing.gracefully/,healing.gracefully
Payton,https://www.instagram.com/paytonmey/,paytonmey
three,https://www.instagram.com/threelustbadergirls/,threelustbadergirls
Nikki,https://www.instagram.com/nikkilynnbrown_/,nikkilynnbrown_
Alea,https://www.instagram.com/aleasedona/,aleasedona
Lexie,https://www.instagram.com/thehealthyavo/,thehealthyavo
Sara,https://www.instagram.com/sara_lynneee/,sara_lynneee
Sierra,https://www.instagram.com/sierrainphotos/,sierrainphotos
Dani,https://www.instagram.com/danifernandez.go/,danifernandez.go
Daisy,https://www.instagram.com/cafecitocondaisyg/,cafecitocondaisyg
McKenna,https://www.instagram.com/its_motek/,its_motek
Marleen,https://www.instagram.com/marleenvelascog/,marleenvelascog
Caila,https://www.instagram.com/cailastevensss/,cailastevensss
Lexi,https://www.instagram.com/lexishadle/,lexishadle
Laura,https://www.instagram.com/lauralivewell/,lauralivewell
muva,https://www.instagram.com/muva.jo/,muva.jo
Juliette,https://www.instagram.com/thenutritiousnorm/,thenutritiousnorm
Makayla,https://www.instagram.com/makaylasmucker/,makaylasmucker
Vonna,https://www.instagram.com/itsvonnajoi/,itsvonnajoi
Danielle,https://www.instagram.com/danielleharmswellness/,danielleharmswellness
Weronika,https://www.instagram.com/wiskaa/,wiskaa
maddie,https://www.instagram.com/maddieemartindale/,maddieemartindale
Hannah,https://www.instagram.com/hannahsykesburch/,hannahsykesburch
Shanthi,https://www.instagram.com/shanthis.lifestyle/,shanthis.lifestyle
AnnCatherine,https://www.instagram.com/anncatherineconneen/,anncatherineconneen
Emily,https://www.instagram.com/emilypayampss/,emilypayampss
Hannah,https://www.instagram.com/misshannahashton/,misshannahashton
Nicole,https://www.instagram.com/nicolebloopbloop/,nicolebloopbloop
Asia,https://www.instagram.com/alwaysasiamarie/,alwaysasiamarie
KATIE,https://www.instagram.com/ktmusser/,ktmusser
Vera,https://www.instagram.com/veranothing/,veranothing
LUMI,https://www.instagram.com/from_lumi/,from_lumi
Gabby,https://www.instagram.com/dailywellnesswithgabbby/,dailywellnesswithgabbby
Jaclyn,https://www.instagram.com/jaclynnnbrooke/,jaclynnnbrooke
rama,https://www.instagram.com/ramanalani/,ramanalani
Julia,https://www.instagram.com/wellness.withlia/,wellness.withlia
Baylee,https://www.instagram.com/bayleennicole/,bayleennicole
Denver,https://www.instagram.com/denver.lawler/,denver.lawler
Anna,https://www.instagram.com/annalifeunedited/,annalifeunedited
Laura,https://www.instagram.com/lauragalebe/,lauragalebe
Caitlin,https://www.instagram.com/realcaitlinrae/,realcaitlinrae
Savannah,https://www.instagram.com/savannah.cali.marie/,savannah.cali.marie
ALAIAS,https://www.instagram.com/alaias.fit/,alaias.fit
Sabrina,https://www.instagram.com/sabrinaangelic_/,sabrinaangelic_
Yuzu,https://www.instagram.com/yuzujoy/,yuzujoy
MacKenzie,https://www.instagram.com/the.nontoxicmama/,the.nontoxicmama
LEXINGTON,https://www.instagram.com/lexingtonbrewer/,lexingtonbrewer
Bailey,https://www.instagram.com/balancedbailey_/,balancedbailey_
Jason,https://www.instagram.com/jasonloebig/,jasonloebig
𝕃𝕆ℝ𝕀,https://www.instagram.com/lori.holla.fit,lori.holla.fit
DANIEL,https://www.instagram.com/fearlesscompetemore/,fearlesscompetemore
Josh,https://www.instagram.com/coachjoshevans/,coachjoshevans
CJ,https://www.instagram.com/cj.finley/,cj.finley
Leslie,https://www.instagram.com/leslieosborne12,leslieosborne12
Dr.,https://www.instagram.com/dangiordanodpt,dangiordanodpt
JULIO,https://www.instagram.com/athlete_m.e/,athlete_m.e
Elena,https://www.instagram.com/elen_rc/,elen_rc
Cole,https://www.instagram.com/coleschwartzz/,coleschwartzz
Rich,https://www.instagram.com/richryan610/,richryan610
Jake,https://www.instagram.com/jvke.white/,jvke.white
Kayteee,https://www.instagram.com/_littleeebeast_/,_littleeebeast_
Over,https://www.instagram.com/cynthiahillfitness/,cynthiahillfitness
Charlotte,https://www.instagram.com/charlottebradshaww/,charlottebradshaww
Veejay,https://www.instagram.com/veejay_jones/,veejay_jones
Jenna,https://www.instagram.com/_jenna_soulful/,_jenna_soulful
Sarah,https://www.instagram.com/sarahjr7/,sarahjr7
Isabella,https://www.instagram.com/isabellapardoft/,isabellapardoft
Kevin,https://www.instagram.com/bubblestheclowne/,bubblestheclowne
Brakken,https://www.instagram.com/brakkenkraker/,brakkenkraker
Pure,https://www.instagram.com/michael_quintela/,michael_quintela
Tiffany,https://www.instagram.com/iamfitandfemale/,iamfitandfemale
Mitch,https://www.instagram.com/mguerski/,mguerski
paty,https://www.instagram.com/thatgirlpaty/,thatgirlpaty
Brandon,https://www.instagram.com/waitwhatdelb/,waitwhatdelb
Marcus,https://www.instagram.com/marcusxlowe/,marcusxlowe
Keith,https://www.instagram.com/kh_kor4/,kh_kor4
De’Shaun,https://www.instagram.com/mr.outside_/,mr.outside_
abigail,https://www.instagram.com/abby_gia/,abby_gia
JASON,https://www.instagram.com/jmarkland_/,jmarkland_
Angel,https://www.instagram.com/langelcoach/,langelcoach
Danny,https://www.instagram.com/djbodish/,djbodish
Mr.,https://www.instagram.com/clockinn_/,clockinn_
Brianseghers1,https://www.instagram.com/brianseghers1/,brianseghers1
maggie_leigh,https://www.instagram.com/maggie_leigh/,maggie_leigh
Tyler,https://www.instagram.com/t_turneyfit/,t_turneyfit
Brent,https://www.instagram.com/brentlhill/,brentlhill
Enrique,https://www.instagram.com/officialrickyd/,officialrickyd
Corbin,https://www.instagram.com/coach.corb/,coach.corb
ninaprice11,https://www.instagram.com/ninaprice11/,ninaprice11
Faith,https://www.instagram.com/faithinpink/,faithinpink
Dr.,https://www.instagram.com/doctorfrankdaniel/,doctorfrankdaniel
Beau,https://www.instagram.com/beau.whitman/,beau.whitman
Zhanique,https://www.instagram.com/zhaniquelovett/,zhaniquelovett
Allen,https://www.instagram.com/theallenye/,theallenye
Brittnei,https://www.instagram.com/brittneirae/,brittneirae
Nat,https://www.instagram.com/natalietrann/,natalietrann
Traivon,https://www.instagram.com/traivonnieves_/,traivonnieves_
Jake,https://www.instagram.com/jakelouisdean/,jakelouisdean
Meg,https://www.instagram.com/meg.yessman/,meg.yessman
Joe,https://www.instagram.com/joemstacy/,joemstacy
Mark,https://www.instagram.com/bottenhornrunning/,bottenhornrunning
Jose,https://www.instagram.com/josegsfit/,josegsfit
Guillermo,https://www.instagram.com/okgesteva13/,okgesteva13
Vinay,https://www.instagram.com/chadhaforthevin/,chadhaforthevin
rachel,https://www.instagram.com/rach.morales/,rach.morales
𝙉𝙞𝙘𝙠𝙮,https://www.instagram.com/nicky_rizzles/,nicky_rizzles
Denae,https://www.instagram.com/hheyitsdenae/,hheyitsdenae
Joe,https://www.instagram.com/joeysundays_/,joeysundays_
Breanna,https://www.instagram.com/gymbaenation/,gymbaenation
Kris,https://www.instagram.com/krisrugloski/,krisrugloski
Matt,https://www.instagram.com/matt_zelaya/,matt_zelaya
Zig,https://www.instagram.com/zigsmilebig/,zigsmilebig
ALIE,https://www.instagram.com/alieurquhart/,alieurquhart
Jane,https://www.instagram.com/janebane_/,janebane_
Paula,https://www.instagram.com/extramile.fitness/,extramile.fitness
Easton,https://www.instagram.com/themeadowsfam_/,themeadowsfam_
Mike,https://www.instagram.com/mikebellny/,mikebellny
Eric,https://www.instagram.com/unconventional_athlete/,unconventional_athlete
ALEX,https://www.instagram.com/alex_mitchell2/,alex_mitchell2
Drew,https://www.instagram.com/nyfit_drew/,nyfit_drew
Pri,https://www.instagram.com/pristrong23/,pristrong23
Coach,https://www.instagram.com/simply_tapper/,simply_tapper
Elle,https://www.instagram.com/elleruns_4_her_life/,elleruns_4_her_life
Heather,https://www.instagram.com/heather0mg/,heather0mg
Karissa,https://www.instagram.com/karissaschweiz4/,karissaschweiz4
Vanessa,https://www.instagram.com/nessafraser/,nessafraser
Jazmin,https://www.instagram.com/jazminoniris/,jazminoniris
Melissa,https://www.instagram.com/motherrunnermel/,motherrunnermel
Kellyn,https://www.instagram.com/kellyn_taylor/,kellyn_taylor
Cait,https://www.instagram.com/caitsouthkeen/,caitsouthkeen
Emily,https://www.instagram.com/emhikin/,emhikin
Jessa,https://www.instagram.com/jessa.hanson/,jessa.hanson
Kimberly,https://www.instagram.com/kimberlyshenk/,kimberlyshenk
Abby,https://www.instagram.com/tveden/,tveden
Erin,https://www.instagram.com/erin_ton7/,erin_ton7
Keely,https://www.instagram.com/runwidkeel/,runwidkeel
Emily,https://www.instagram.com/emily_mac7/,emily_mac7
Terra Lee,https://www.instagram.com/runlikeagirrll/,runlikeagirrll
Lindsay,https://www.instagram.com/lindsay_flanagan24/,lindsay_flanagan24
Evelyn,https://www.instagram.com/evelynlavielle/,evelynlavielle
Maddie,https://www.instagram.com/madsalm12/,madsalm12
Andrea,https://www.instagram.com/runcoachkrun/,runcoachkrun
Nikki,https://www.instagram.com/iwasborn2run/,iwasborn2run
Gabby,https://www.instagram.com/gabscott13/,gabscott13
Dani,https://www.instagram.com/danishani/,danishani
Amy,https://www.instagram.com/amy.go.run/,amy.go.run
Nicole,https://www.instagram.com/nkbitter/,nkbitter
Crystal,https://www.instagram.com/crystal.rosales/,crystal.rosales
Demz,https://www.instagram.com/yagirldemz/,yagirldemz
Madeline,https://www.instagram.com/mstrandemo/,mstrandemo
Lianne,https://www.instagram.com/lifarber92/,lifarber92
Jada,https://www.instagram.com/jadak.lee/,jadak.lee
Tabor,https://www.instagram.com/tabor_hemming/,tabor_hemming
Millie,https://www.instagram.com/millieformiles/,millieformiles
Katie,https://www.instagram.com/katieizzo/,katieizzo
Bailey,https://www.instagram.com/baileyh_/,baileyh_
Adva,https://www.instagram.com/advacohen24/,advacohen24
Gabrielle,https://www.instagram.com/gigrunewald/,gigrunewald
Meghan,https://www.instagram.com/meghanmccormack3/,meghanmccormack3
Emily,https://www.instagram.com/em_durgin/,em_durgin
Kaci,https://www.instagram.com/ultrarunnerkc/,ultrarunnerkc
Courtney,https://www.instagram.com/courtsasport20/,courtsasport20
Alicia,https://www.instagram.com/monsonalicia/,monsonalicia
Eiryn,https://www.instagram.com/tonedwitheiryn/,tonedwitheiryn
Sashea,https://www.instagram.com/sassyfitgirl/,sassyfitgirl
Gemma,https://www.instagram.com/gemfinch_runs/,gemfinch_runs
Alice,https://www.instagram.com/mtn.alice/,mtn.alice
Alisha,https://www.instagram.com/alishawrightsullivan/,alishawrightsullivan
Brittany,https://www.instagram.com/twopeasandme/,twopeasandme
Nichole,https://www.instagram.com/nicholeroot/,nicholeroot
Angie,https://www.instagram.com/angieee_runs/,angieee_runs
Annie,https://www.instagram.com/anniefrisb3/,anniefrisb3
Hannah,https://www.instagram.com/hannahsteelman_/,hannahsteelman_
Bailey,https://www.instagram.com/baileykowalczyk/,baileykowalczyk
Valentina,https://www.instagram.com/vvalentina92/,vvalentina92
Jenna,https://www.instagram.com/miles.with.jenna/,miles.with.jenna
Caitlin,https://www.instagram.com/caitlintreats/,caitlintreats
Caroline,https://www.instagram.com/caroline_runs/,caroline_runs
Mel,https://www.instagram.com/mellawrence29/,mellawrence29
Sara,https://www.instagram.com/earth_crosser/,earth_crosser
Serena,https://www.instagram.com/serenamarierunning/,serenamarierunning
Anna,https://www.instagram.com/annac.bennett/,annac.bennett
Heather,https://www.instagram.com/heatherraekampf/,heatherraekampf
Karen,https://www.instagram.com/kare_les/,kare_les
Ashley,https://www.instagram.com/runningbun/,runningbun
Kaci,https://www.instagram.com/pixieninja44/,pixieninja44
Angel,https://www.instagram.com/angelp_1010/,angelp_1010
Becca,https://www.instagram.com/beccaboylan/,beccaboylan
Kaylee,https://www.instagram.com/kaylee_mitchell_/,kaylee_mitchell_
Amanda,https://www.instagram.com/amandavtyson/,amandavtyson
Ashley,https://www.instagram.com/run.with.ash/,run.with.ash
Kylie,https://www.instagram.com/kylierunssmiley/,kylierunssmiley
Grace,https://www.instagram.com/bygracelee/,bygracelee
Kaila,https://www.instagram.com/kailaderienzo/,kailaderienzo
Heather,https://www.instagram.com/heatherunz/,heatherunz
Elise,https://www.instagram.com/elise.cranny/,elise.cranny
Hellen,https://www.instagram.com/hellenobiri/,hellenobiri
Megan,https://www.instagram.com/meganmetal/,meganmetal
Alice,https://www.instagram.com/alicewright139/,alicewright139
Kimberlie,https://www.instagram.com/my.runstagram.life/,my.runstagram.life
Bree,https://www.instagram.com/bree_rohrer/,bree_rohrer
Sika,https://www.instagram.com/sikahenry/,sikahenry
Krista,https://www.instagram.com/exploradora_jett/,exploradora_jett
Emily,https://www.instagram.com/emilysweats/,emilysweats
Jessica,https://www.instagram.com/jessicas.ultra.miles/,jessicas.ultra.miles
Beverly,https://www.instagram.com/beastybevyy/,beastybevyy
gabi,https://www.instagram.com/gabi.barreraaa/,gabi.barreraaa
Shelley,https://www.instagram.com/pinkironlady/,pinkironlady
Amber,https://www.instagram.com/amberup4arun/,amberup4arun
Olivia,https://www.instagram.com/oliviamarkezich/,oliviamarkezich
Emily,https://www.instagram.com/ventersemily/,ventersemily
Gabija,https://www.instagram.com/gabyte_g/,gabyte_g
Morgan,https://www.instagram.com/morganleach/,morganleach
Paige,https://www.instagram.com/paigestoner11/,paigestoner11
Sam,https://www.instagram.com/samjackson12/,samjackson12
Mayra,https://www.instagram.com/born2run87/,born2run87
Layn,https://www.instagram.com/layntreadway/,layntreadway
Savannah,https://www.instagram.com/alldayrunning/,alldayrunning
Sharada,https://www.instagram.com/sharadamaddox/,sharadamaddox
Erica,https://www.instagram.com/estanleydott/,estanleydott
Amanda,https://www.instagram.com/a_vestri/,a_vestri
Gracie,https://www.instagram.com/graciehyde_/,graciehyde_
Allie,https://www.instagram.com/ohlawdwenommin/,ohlawdwenommin
Kate,https://www.instagram.com/fastkate/,fastkate
Dakotah,https://www.instagram.com/dakotahlindwurm/,dakotahlindwurm
Makenna,https://www.instagram.com/benzmakenz/,benzmakenz
Fiona,https://www.instagram.com/fiona_okeeffe/,fiona_okeeffe
Laci,https://www.instagram.com/laci_stoico/,laci_stoico
Jessica,https://www.instagram.com/jessklinger_/,jessklinger_
Sinclaire,https://www.instagram.com/sinclairejohnson/,sinclairejohnson
Heather,https://www.instagram.com/heather_maclean31/,heather_maclean31
Carmen,https://www.instagram.com/thedailycarmen/,thedailycarmen
Salena,https://www.instagram.com/lilsle/,lilsle
Abby,https://www.instagram.com/abby.murphy_/,abby.murphy_
Dani,https://www.instagram.com/dan_yell_a/,dan_yell_a
Lindsay,https://www.instagram.com/lindsayhmeyers/,lindsayhmeyers
Allie,https://www.instagram.com/alliejomac/,alliejomac
Beth,https://www.instagram.com/bethcarlin88/,bethcarlin88
Lindsay,https://www.instagram.com/lindsaycrouse/,lindsaycrouse
Sharon,https://www.instagram.com/shazrine/,shazrine
Jen,https://www.instagram.com/jen_ator/,jen_ator
Jessica,https://www.instagram.com/jesscunningtontv/,jesscunningtontv
Darci,https://www.instagram.com/darcis_evolvng/,darcis_evolvng
Annie,https://www.instagram.com/annie.a.hughes/,annie.a.hughes
Stephanie,https://www.instagram.com/misspurplebrown/,misspurplebrown
Angela,https://www.instagram.com/runninggirl406/,runninggirl406
Katie,https://www.instagram.com/k8str_runz/,k8str_runz
Allison,https://www.instagram.com/fromcoast2toast/,fromcoast2toast
Rebecca,https://www.instagram.com/rebecca_mehra/,rebecca_mehra
Kaitlin,https://www.instagram.com/runnerkg/,runnerkg
Carolyn,https://www.instagram.com/irunfortheglory/,irunfortheglory
Hayley,https://www.instagram.com/apontherun/,apontherun
Jennifer,https://www.instagram.com/jenniferlichter/,jenniferlichter
Taylor,https://www.instagram.com/tdub16werner/,tdub16werner
Addy,https://www.instagram.com/addywiley/,addywiley
Paige,https://www.instagram.com/paigefooteforward/,paigefooteforward
Logan,https://www.instagram.com/logan.jolly/,logan.jolly
Jessi,https://www.instagram.com/jessirunsmarathons/,jessirunsmarathons
Charlotte,https://www.instagram.com/charlotteoliviaprouse/,charlotteoliviaprouse
Christina,https://www.instagram.com/teenbean505/,teenbean505
Shiara,https://www.instagram.com/shiararobinson/,shiararobinson
Annie,https://www.instagram.com/andrearodenfels/,andrearodenfels
Aurora,https://www.instagram.com/aurora_rynda/,aurora_rynda
Mlynn,https://www.instagram.com/mlynn_strides/,mlynn_strides
Amanda,https://www.instagram.com/mandymovez/,mandymovez
Ariel,https://www.instagram.com/arielgreenstein_/,arielgreenstein_
Rebecca,https://www.instagram.com/dr.rebecca.smith.pt/,dr.rebecca.smith.pt
Hilary,https://www.instagram.com/running_up_that_hillary/,running_up_that_hillary
Nell,https://www.instagram.com/nell_rojas_running/,nell_rojas_running
Jill,https://www.instagram.com/toatalcatch/,toatalcatch
Chelsea,https://www.instagram.com/chelseazruns/,chelseazruns
Amanda,https://www.instagram.com/amondzontherun/,amondzontherun
Joslynn,https://www.instagram.com/bodyenroute/,bodyenroute
Kylie,https://www.instagram.com/kyliekrun_az/,kyliekrun_az
Ana,https://www.instagram.com/anavillegask/,anavillegask
Reixa,https://www.instagram.com/reireiruns/,reireiruns
Grayson,https://www.instagram.com/racin__grayson/,racin__grayson
Abby,https://www.instagram.com/abby__prentice/,abby__prentice
Lindsey,https://www.instagram.com/lin.health/,lin.health
Amanda,https://www.instagram.com/amanda_basham/,amanda_basham
Courtney,https://www.instagram.com/courtneyfrerichs/,courtneyfrerichs
Liz,https://www.instagram.com/liztrokey_/,liztrokey_
Elizabeth,https://www.instagram.com/healthy_cheers/,healthy_cheers
Allie,https://www.instagram.com/kiefferallie/,kiefferallie
Sarah,https://www.instagram.com/sarahrunstexas/,sarahrunstexas
Ruth,https://www.instagram.com/runwithruth/,runwithruth
Angel,https://www.instagram.com/angels_ventures/,angels_ventures
Sarai,https://www.instagram.com/hi.sarai/,hi.sarai
Lexi,https://www.instagram.com/lexirunsirl/,lexirunsirl
Nicole,https://www.instagram.com/nicolemruns/,nicolemruns
Karin,https://www.instagram.com/runnergirl_karin/,runnergirl_karin
Allie,https://www.instagram.com/abuchalski/,abuchalski
Dani,https://www.instagram.com/runnergirl_dani/,runnergirl_dani
Bérénice,https://www.instagram.com/berenice.cleyet/,berenice.cleyet
Dominique,https://www.instagram.com/domscottrunsa/,domscottrunsa
Kari,https://www.instagram.com/karicrowe/,karicrowe
Katie,https://www.instagram.com/katiegodec/,katiegodec
Kathyrn,https://www.instagram.com/kat_shultis/,kat_shultis
Claire,https://www.instagram.com/clairerunsthere/,clairerunsthere
Mollie,https://www.instagram.com/movewithmollz/,movewithmollz
Kindal,https://www.instagram.com/runningwithstrength/,runningwithstrength
Dani,https://www.instagram.com/danichristineee/,danichristineee
Saige,https://www.instagram.com/saigeyruns/,saigeyruns
Liz,https://www.instagram.com/lizzy_rockz/,lizzy_rockz
Aliphine,https://www.instagram.com/aliphine/,aliphine
Amy,https://www.instagram.com/mileswithamy/,mileswithamy
Nicole,https://www.instagram.com/belowaveragerunning/,belowaveragerunning
Piper,https://www.instagram.com/pacingwithpiper/,pacingwithpiper
Amelia,https://www.instagram.com/arboone11/,arboone11
Shania,https://www.instagram.com/shania_runs/,shania_runs
Amy,https://www.instagram.com/sincerely_amylee/,sincerely_amylee
Meredith,https://www.instagram.com/meredith.xo/,meredith.xo
Courtney,https://www.instagram.com/smithcourtneymarie/,smithcourtneymarie
Abby,https://www.instagram.com/abbygails14/,abbygails14
Angela,https://www.instagram.com/goodrunning26.2/,goodrunning26.2
Cat,https://www.instagram.com/catberad/,catberad
Leah,https://www.instagram.com/theleahalexis/,theleahalexis
Alexa,https://www.instagram.com/alexaefraimson/,alexaefraimson
Jai,https://www.instagram.com/jaiartistry/,jaiartistry
Caitlin,https://www.instagram.com/caitlinmpatterson/,caitlinmpatterson
Steph,https://www.instagram.com/runstrongrun/,runstrongrun
Colt,https://www.instagram.com/colt.dayne/,colt.dayne
Katherine,https://www.instagram.com/katherun26.2/,katherun26.2
Bailey,https://www.instagram.com/thestyledrunner/,thestyledrunner
Ciara,https://www.instagram.com/ciaravlucas/,ciaravlucas
Molly,https://www.instagram.com/yourrunningbff/,yourrunningbff
Courtney,https://www.instagram.com/court.marathon.runner/,court.marathon.runner
Lexi,https://www.instagram.com/lexilwatts/,lexilwatts
Kristen,https://www.instagram.com/runningfitkristen/,runningfitkristen
Kerry,https://www.instagram.com/itsmekerryv/,itsmekerryv
Chloe,https://www.instagram.com/26point2chloe/,26point2chloe
C,https://www.instagram.com/caseycline_/,caseycline_
Kinsey,https://www.instagram.com/pricklypear_fitness/,pricklypear_fitness
Kat,https://www.instagram.com/katherinekalill/,katherinekalill
Sam,https://www.instagram.com/workoutsbysam_/,workoutsbysam_
Amanda,https://www.instagram.com/amandajeanne.11/,amandajeanne.11
The,https://www.instagram.com/the.realistic.runner/,the.realistic.runner
Sarah,https://www.instagram.com/lyonessruns/,lyonessruns
🏴,https://www.instagram.com/jshresruns/,jshresruns
Todd,https://www.instagram.com/twentysixpointtodd/,twentysixpointtodd
Gerald,https://www.instagram.com/jyhodges/,jyhodges
Chandler,https://www.instagram.com/junkman_4/,junkman_4
Dar,https://www.instagram.com/darsrunning/,darsrunning
Kristen,https://www.instagram.com/bull_run_jumpers/,bull_run_jumpers
Revell,https://www.instagram.com/revellimages/,revellimages
jessie,https://www.instagram.com/jessiezapo/,jessiezapo
Dr.,https://www.instagram.com/runresilientlydpt/,runresilientlydpt
Amber,https://www.instagram.com/amberunz/,amberunz
AmbAr,https://www.instagram.com/ambar.running/,ambar.running
𝚃‘𝙰𝙽𝙰,https://www.instagram.com/t.ananicole/,t.ananicole
Carlos,https://www.instagram.com/carlostherunner/,carlostherunner
Rachel,https://www.instagram.com/rach_runs_rva/,rach_runs_rva
Lisa:,https://www.instagram.com/milebymile/,milebymile
Hannah,https://www.instagram.com/hannahtrenches/,hannahtrenches
Jodi,https://www.instagram.com/countryrunnerchick/,countryrunnerchick
Chase,https://www.instagram.com/chasebandolik/,chasebandolik
Liz,https://www.instagram.com/lizrunsmiles/,lizrunsmiles
Reinaldo,https://www.instagram.com/runningstray/,runningstray
Caroline,https://www.instagram.com/rungirlcaroline/,rungirlcaroline
Nicole,https://www.instagram.com/irish_runnergirl/,irish_runnergirl
Jacky,https://www.instagram.com/ncrunnerjacky/,ncrunnerjacky
Ellen,https://www.instagram.com/runcoachellen/,runcoachellen
Kaitlyn,https://www.instagram.com/kaitlynwitha_k_/,kaitlynwitha_k_
Emily,https://www.instagram.com/emily_andpups/,emily_andpups
Adam,https://www.instagram.com/thewoodsrun/,thewoodsrun
Coffey,https://www.instagram.com/thatcoffeyboy/,thatcoffeyboy
Shane,https://www.instagram.com/shane.hickenlooper/,shane.hickenlooper
László,https://www.instagram.com/lazruns/,lazruns
𝐀𝐧𝐧𝐚☆,https://www.instagram.com/annavonachen/,annavonachen
Matt,https://www.instagram.com/mattykruns/,mattykruns
Jimmy,https://www.instagram.com/jimmy.mac21/,jimmy.mac21
Helen-Hanson,https://www.instagram.com/helenhansonsmith/,helenhansonsmith
Corey,https://www.instagram.com/corcor_the_herbivore/,corcor_the_herbivore
Michaela,https://www.instagram.com/run.mac.run/,run.mac.run
Billy,https://www.instagram.com/billydakid21/,billydakid21
Raul,https://www.instagram.com/raularcosruns/,raularcosruns
Ozzie,https://www.instagram.com/trainwithozzie/,trainwithozzie
Athena,https://www.instagram.com/run4prs.coachathena/,run4prs.coachathena
Thomas,https://www.instagram.com/tf_run_newyork/,tf_run_newyork
Keila,https://www.instagram.com/keylitag/,keylitag
Mackenzy,https://www.instagram.com/mackenzy.runs/,mackenzy.runs
TRACIE,https://www.instagram.com/indianarunnergirl/,indianarunnergirl
Andrea,https://www.instagram.com/andrearunningwild/,andrearunningwild
Hunter,https://www.instagram.com/hunterzblack/,hunterzblack
Jessss,https://www.instagram.com/runner_jessss/,runner_jessss
Theo,https://www.instagram.com/the_medaler/,the_medaler
✨Pattie,https://www.instagram.com/run_salutation_/,run_salutation_
Ryan,https://www.instagram.com/ryan.triathlon/,ryan.triathlon
Montana,https://www.instagram.com/prettylilmudder/,prettylilmudder
Meerae,https://www.instagram.com/meerae.moves/,meerae.moves
Kirsty,https://www.instagram.com/kirsty.runs.cali/,kirsty.runs.cali
Corey,https://www.instagram.com/cjtherunner/,cjtherunner
Bob,https://www.instagram.com/fitgarbageman/,fitgarbageman
Jon,https://www.instagram.com/______jon/,______jon
Mikel,https://instagram.com/mikekosich14,mikekosich14
Barrett,https://instagram.com/barrett_dg,barrett_dg
Malani,https://instagram.com/movingwithmalani,movingwithmalani
Andrea,https://www.instagram.com/andreafausett/,andreafausett
Katie,https://www.instagram.com/simply.well.katie/,simply.well.katie
Catherine,https://www.instagram.com/inonaround/,inonaround
Soha,https://www.instagram.com/drypbysoha/,drypbysoha
Emily,https://www.instagram.com/healthifulbytes/,healthifulbytes
Ellie,https://www.instagram.com/ellieaxtellwellness/,ellieaxtellwellness
Jaymison,https://www.instagram.com/jaymison.summers/,jaymison.summers
Lexie,https://www.instagram.com/lexiethiery/,lexiethiery
Tayler,https://www.instagram.com/tayy.ayralee/,tayy.ayralee
aiyana,https://www.instagram.com/aiyana__gabrielle/,aiyana__gabrielle
ROB,https://www.instagram.com/walleats/,walleats
Laura,https://www.instagram.com/whole.co/,whole.co
Lacee,https://www.instagram.com/lacemuller/,lacemuller
Chelsea:,https://www.instagram.com/chelseaturnerwellness/,chelseaturnerwellness
Tabitha,https://www.instagram.com/tabithablue/,tabithablue
Brooke,https://www.instagram.com/brookebacci/,brookebacci
Danielle,https://www.instagram.com/danielle_mckean/,danielle_mckean
Taylor,https://www.instagram.com/taylorsweelyofficial/,taylorsweelyofficial
Carmen,https://www.instagram.com/fitsportsmom/,fitsportsmom
Haley,https://www.instagram.com/hayy_michelle/,hayy_michelle
Kristin,https://www.instagram.com/kristinsherwoodblog/,kristinsherwoodblog
Karissa,https://www.instagram.com/karissawidder/,karissawidder
maddiej,https://www.instagram.com/thee_entertaiiner/,thee_entertaiiner
Tiago,https://www.instagram.com/tiagocristinaa/,tiagocristinaa
Joice,https://www.instagram.com/joicee_miguel/,joicee_miguel
Dr.,https://www.instagram.com/thedr.scooklook/,thedr.scooklook
MICHELLE,https://www.instagram.com/michelle.e.renz/,michelle.e.renz
THE,https://www.instagram.com/thewellnesscafepod/,thewellnesscafepod
THE,https://www.instagram.com/junglejohanna/,junglejohanna
Camilia,https://www.instagram.com/bubbly_cami/,bubbly_cami
Liza,https://www.instagram.com/liza.henley.corral/,liza.henley.corral
Davia,https://www.instagram.com/daviaesther/,daviaesther
martina,https://www.instagram.com/first_fig/,first_fig
Fay,https://www.instagram.com/faayvelz/,faayvelz
Ani,https://www.instagram.com/anibaaaby/,anibaaaby
Madison,https://www.instagram.com/nutritionbymad/,nutritionbymad
Know,https://www.instagram.com/knowyourpowerpodcast/,knowyourpowerpodcast
foodfitnessflights,https://www.instagram.com/foodfitnessflights/,foodfitnessflights
MF,https://www.instagram.com/marinfreedman_/,marinfreedman_
anniejorgensen,https://www.instagram.com/anniejorgensen/,anniejorgensen
Maura,https://www.instagram.com/maurachanz/,maurachanz
ASHLYNN,https://www.instagram.com/ashneufit/,ashneufit
Candace,https://www.instagram.com/hey.candace/,hey.candace
DR.,https://www.instagram.com/dr.emmawhelpton/,dr.emmawhelpton
Selena,https://www.instagram.com/selenaatrevino/,selenaatrevino
Nicole,https://www.instagram.com/niicccoleee/,niicccoleee
adridiaries_,https://www.instagram.com/adridiaries_/,adridiaries_
Kat,https://www.instagram.com/kokat.fit/,kokat.fit
Taylor,https://www.instagram.com/taylorraealmonte/,taylorraealmonte
MaryKate,https://www.instagram.com/marykateschmidt/,marykateschmidt
donna,https://www.instagram.com/donnatrana/,donnatrana
Sav,https://www.instagram.com/savannahregensburger/,savannahregensburger
PurpL,https://www.instagram.com/purplandprosper/,purplandprosper
Armani,https://www.instagram.com/authenticallyarmani/,authenticallyarmani
Glo,https://www.instagram.com/jadynheck/,jadynheck
Dayami,https://www.instagram.com/dayamifrommiami/,dayamifrommiami
CHRISTINA,https://www.instagram.com/christinaychu/,christinaychu
spencer,https://www.instagram.com/healthywithspence/,healthywithspence
Nafsika,https://www.instagram.com/nafsikaofficial_/,nafsikaofficial_
gigi,https://www.instagram.com/wellness.gigi/,wellness.gigi
Erin,https://www.instagram.com/kee_to_wellness/,kee_to_wellness
Jess,https://www.instagram.com/jessaviles_/,jessaviles_
Emily,https://www.instagram.com/athomeinthedesert/,athomeinthedesert
Supriya,https://www.instagram.com/supriya_is_life/,supriya_is_life
Devyn,https://www.instagram.com/devyn.briggs/,devyn.briggs
Taylor,https://www.instagram.com/taylor.spradlin/,taylor.spradlin
Sam,https://www.instagram.com/spk.health/,spk.health
Lauren,https://www.instagram.com/conawaytwinss/,conawaytwinss
CARLY,https://www.instagram.com/carlyyyelizabeth/,carlyyyelizabeth
Briana,https://www.instagram.com/next.destination.unknown/,next.destination.unknown
jillianknoedler,https://www.instagram.com/jillianknoedler/,jillianknoedler
Saniyah🌸,https://www.instagram.com/_selfcarebae/,_selfcarebae
Brooke,https://www.instagram.com/brookelmcreynolds/,brookelmcreynolds
Sarah,https://www.instagram.com/sarah_barthel/,sarah_barthel
gaby,https://www.instagram.com/geminivlogsss/,geminivlogsss
Margo,https://www.instagram.com/itsmargovalentine/,itsmargovalentine
MORGAN,https://www.instagram.com/morganreneemcintyre/,morganreneemcintyre
Amanda,https://www.instagram.com/amandaasette/,amandaasette
Catherine,https://www.instagram.com/catherine.lockhart/,catherine.lockhart
Kathryn,https://www.instagram.com/kathryn__romine/,kathryn__romine
𝙂𝙞𝙣𝙖,https://www.instagram.com/alkaline.tribe/,alkaline.tribe
BEC,https://www.instagram.com/bec_kinderman/,bec_kinderman
Amanda,https://www.instagram.com/amanda_moak/,amanda_moak
THE,https://www.instagram.com/thelookskinandwellness/,thelookskinandwellness
yasmeen,https://www.instagram.com/yasmeen.murrietta/,yasmeen.murrietta
Jenn,https://www.instagram.com/lifeasjenn/,lifeasjenn
Nia,https://www.instagram.com/eclectic.wellness/,eclectic.wellness
Mary,https://www.instagram.com/ourkinandhome/,ourkinandhome
Dr.,https://www.instagram.com/drkaylaborchers/,drkaylaborchers
sydni,https://www.instagram.com/earth2sydni/,earth2sydni
Magikal,https://www.instagram.com/magikal.wombman/,magikal.wombman
MADISON,https://www.instagram.com/madison.paigge/,madison.paigge
Ashley,https://www.instagram.com/thatfoodietherapist/,thatfoodietherapist
Renae,https://www.instagram.com/renaemalone/,renaemalone
Kyra,https://www.instagram.com/kyrasgoodeats/,kyrasgoodeats
HAYDEN,https://www.instagram.com/haayydden/,haayydden
Natalia,https://www.instagram.com/nataliaaseliger/,nataliaaseliger
Melaney,https://www.instagram.com/melaneypham/,melaneypham
Ali’s,https://www.instagram.com/alis.appetitee/,alis.appetitee
claire,https://www.instagram.com/clairecancook/,clairecancook
Desirae,https://www.instagram.com/dez_fit/,dez_fit
Camai,https://www.instagram.com/embodybycam/,embodybycam
Ashley,https://www.instagram.com/ashleyeatsacai/,ashleyeatsacai
MAKENA,https://www.instagram.com/makenaraediehl/,makenaraediehl
naly,https://www.instagram.com/nalyfoodie/,nalyfoodie
JOSIE,https://www.instagram.com/josie.santi/,josie.santi
Alexa,https://www.instagram.com/alexajimenez___/,alexajimenez___
Irina,https://www.instagram.com/irinadoodle/,irinadoodle
Nikki,https://www.instagram.com/nikki.corcoran/,nikki.corcoran
Dayana,https://www.instagram.com/dayana_sabatin/,dayana_sabatin
Gabby,https://www.instagram.com/gabbys.greens/,gabbys.greens
JayC,https://www.instagram.com/jay_cherry/,jay_cherry
Steph,https://www.instagram.com/estephaniakatz/,estephaniakatz
Sophie,https://www.instagram.com/sophieglasserr/,sophieglasserr
Sina,https://www.instagram.com/sina.rie/,sina.rie
LaMyra,https://www.instagram.com/lamyraaa/,lamyraaa
PILATES,https://www.instagram.com/misspetitepilates/,misspetitepilates
Destiny,https://www.instagram.com/destinymonasmith/,destinymonasmith
BAY,https://www.instagram.com/baylates_/,baylates_
sophie,https://www.instagram.com/sophieaxelson/,sophieaxelson
Rebekah,https://www.instagram.com/rebekahbsantiago/,rebekahbsantiago
Adrien,https://www.instagram.com/pilateswithadrien/,pilateswithadrien
JAIME,https://www.instagram.com/theredhead_mama/,theredhead_mama
Jordan,https://www.instagram.com/jordanlexallen/,jordanlexallen
Jeny,https://www.instagram.com/zensoulbalance/,zensoulbalance
Dr.,https://www.instagram.com/bewellandbloom/,bewellandbloom
Athena,https://www.instagram.com/athenasixty/,athenasixty
Tasha,https://www.instagram.com/tashafranken/,tashafranken
Chelsea,https://www.instagram.com/chelsea_mccloskey_/,chelsea_mccloskey_
TraceyMallett,https://www.instagram.com/pilatesbarreondemand/,pilatesbarreondemand
Susan,https://www.instagram.com/corepowerbarre/,corepowerbarre
Amber,https://www.instagram.com/thelifeofaflowers/,thelifeofaflowers
Alyssa,https://www.instagram.com/_alyssasparks_/,_alyssasparks_
coco,https://www.instagram.com/cocobackshall/,cocobackshall
Mia,https://www.instagram.com/mia__lind/,mia__lind
Calee,https://www.instagram.com/caleeshea/,caleeshea
Ana,https://www.instagram.com/ana.getsfit/,ana.getsfit
Shanelle,https://www.instagram.com/dippedinshanelle/,dippedinshanelle
Tina,https://www.instagram.com/tinalefit/,tinalefit
Jade,https://www.instagram.com/jadelyn.overton/,jadelyn.overton
MINA,https://www.instagram.com/peachyymina_/,peachyymina_
Mina,https://www.instagram.com/minaalexis_/,minaalexis_
Denise,https://www.instagram.com/livenaturallylove/,livenaturallylove
KT,https://www.instagram.com/ktfranklinfit/,ktfranklinfit
Laura,https://www.instagram.com/laura.girard/,laura.girard
Dulce,https://www.instagram.com/sweetgainzzz/,sweetgainzzz
Julia,https://www.instagram.com/just_as_jul/,just_as_jul
nicole,https://www.instagram.com/bankrollnicole/,bankrollnicole
Taylor,https://www.instagram.com/ttaylorolsen/,ttaylorolsen
TT,https://www.instagram.com/fitwith.tt/,fitwith.tt
em,https://www.instagram.com/emilythepoop/,emilythepoop
Hailey,https://www.instagram.com/baybayhay/,baybayhay
Alyssia,https://www.instagram.com/alyssiasimone/,alyssiasimone
MEG,https://www.instagram.com/happywithmeg/,happywithmeg
Suly,https://www.instagram.com/sulystanton/,sulystanton
Sophia,https://www.instagram.com/soph_armata/,soph_armata
Farah,https://www.instagram.com/farahlinatracy/,farahlinatracy
Sophia,https://www.instagram.com/sophiamariedee/,sophiamariedee
Olivia,https://www.instagram.com/oliviasmithfit/,oliviasmithfit
Sheridan,https://www.instagram.com/sheridan.rossi/,sheridan.rossi
Shambhavi,https://www.instagram.com/srlifts/,srlifts
Gabriella,https://www.instagram.com/fitnursegabby/,fitnursegabby
ALEXI,https://www.instagram.com/aleximckinley/,aleximckinley
taycrums,https://www.instagram.com/taycrumssss/,taycrumssss
Mulenga♡,https://www.instagram.com/ivanilly/,ivanilly
Kimberly,https://www.instagram.com/kimmienicolesmith/,kimmienicolesmith
Justina,https://www.instagram.com/justinapatton/,justinapatton
E.Taylor,https://www.instagram.com/tailoredbyetaylor/,tailoredbyetaylor
Annika,https://www.instagram.com/annika.orozco/,annika.orozco
Gigi,https://www.instagram.com/gigi.fierro/,gigi.fierro
Morgan,https://www.instagram.com/morgancrino/,morgancrino
ANALLEY,https://www.instagram.com/ifidosaysomyselff/,ifidosaysomyselff
Rachel,https://www.instagram.com/rachsolomon_/,rachsolomon_
grecia,https://www.instagram.com/ggrrecia/,ggrrecia
belle,https://www.instagram.com/isabella.l.flores/,isabella.l.flores
Zoe,https://www.instagram.com/fitwith.zo/,fitwith.zo
Jill,https://www.instagram.com/jill_justine_/,jill_justine_
Emily,https://www.instagram.com/lifewith.emilyy/,lifewith.emilyy
Maddie,https://www.instagram.com/itsmaddiegreen/,itsmaddiegreen
andrea,https://www.instagram.com/andreamgranados/,andreamgranados
COURTNEY,https://www.instagram.com/worth.fit/,worth.fit
Grace,https://www.instagram.com/gracefreyrefit/,gracefreyrefit
Myah,https://www.instagram.com/myahsalinas/,myahsalinas
Tiffany,https://www.instagram.com/moore2health/,moore2health
Curated,https://www.instagram.com/ccuratedbychloe/,ccuratedbychloe
Carly,https://www.instagram.com/bodybycarl/,bodybycarl
Ericka,https://www.instagram.com/_erickataylor_/,_erickataylor_
Des,https://www.instagram.com/desschnell/,desschnell
The,https://www.instagram.com/lorynhansbrough/,lorynhansbrough
Kayla,https://www.instagram.com/itskaylabishop/,itskaylabishop
Anissia,https://www.instagram.com/anissia.hughes/,anissia.hughes
Shelby,https://www.instagram.com/shelbyj_brewster/,shelbyj_brewster
E,https://www.instagram.com/emmelinedixon/,emmelinedixon
Alyssa,https://www.instagram.com/alyssaa.howard/,alyssaa.howard
Ellie,https://www.instagram.com/elliepetersonn/,elliepetersonn
jocelyn,https://www.instagram.com/chasingcarpediem/,chasingcarpediem
Carolina,https://www.instagram.com/carolinaherrera1093/,carolinaherrera1093
Karina,https://www.instagram.com/karinaxo/,karinaxo
jacqueline,https://www.instagram.com/jacqvelin/,jacqvelin
Jayla,https://www.instagram.com/jaylamegs/,jaylamegs
Caroline,https://www.instagram.com/caro_manning/,caro_manning
Alicia,https://www.instagram.com/liveactiveli/,liveactiveli
Monica,https://www.instagram.com/monicarojasfitness/,monicarojasfitness
Jasmine,https://www.instagram.com/jas_blocker/,jas_blocker
lexey,https://www.instagram.com/lexeytamayo/,lexeytamayo
Carina,https://www.instagram.com/jpgcarina/,jpgcarina
Aye,https://www.instagram.com/simplynicoleeee/,simplynicoleeee
Victoria,https://www.instagram.com/victoriaurso/,victoriaurso
Natalie,https://www.instagram.com/itsnataliecass/,itsnataliecass
Sam,https://www.instagram.com/samanthatherrien_/,samanthatherrien_
brieana,https://www.instagram.com/brieanabanks_/,brieanabanks_
TASHA,https://www.instagram.com/tashavass/,tashavass
Ashley,https://www.instagram.com/ashmamafit_/,ashmamafit_
erika,https://www.instagram.com/erikalivingwell/,erikalivingwell
Kenz,https://www.instagram.com/kenzieeswanson/,kenzieeswanson
Melissa,https://www.instagram.com/natural.minded.mama/,natural.minded.mama
Emily,https://www.instagram.com/itsemilyfuller/,itsemilyfuller
Isabelle,https://instagram.com/isabellehyder,isabellehyder
Baltimore,https://instagram.com/illuminabyelayne,illuminabyelayne
Katie,https://instagram.com/katiescardiokitchen,katiescardiokitchen
Hannah,https://www.instagram.com/hann_berkk/,hann_berkk
Caroline,https://www.instagram.com/carolinemaggs/,carolinemaggs
Ming,https://www.instagram.com/shona.ming/,shona.ming
Ilham,https://www.instagram.com/ilhxm.my/,ilhxm.my
Kristina,https://www.instagram.com/lifeof_kristina/,lifeof_kristina
Kylea,https://www.instagram.com/kylearenea_/,kylearenea_
Tab,https://www.instagram.com/tabithagarnerrr/,tabithagarnerrr
Lauren,https://www.instagram.com/laurencopleston/,laurencopleston
kayani,https://www.instagram.com/kayani_rose_/,kayani_rose_
Ena,https://www.instagram.com/ena.pn.lor_/,ena.pn.lor_
Moe,https://www.instagram.com/morgan11thomas/,morgan11thomas
Lo,https://www.instagram.com/iiamlo/,iiamlo
Jade,https://www.instagram.com/jadepardo.xo/,jadepardo.xo
Chinitaaxo,https://www.instagram.com/chinitaaxo/,chinitaaxo
Victoria,https://www.instagram.com/themckinneytribe/,themckinneytribe
Sierra,https://www.instagram.com/sierraalongi/,sierraalongi
Cayla,https://www.instagram.com/itscaylanadine/,itscaylanadine
Rocky,https://www.instagram.com/_raquelkiara/,_raquelkiara
Candace,https://www.instagram.com/candacehawk/,candacehawk
Christina,https://www.instagram.com/mayne_atraktion/,mayne_atraktion
Ciara,https://www.instagram.com/ciara_cleary/,ciara_cleary
Arielle,https://www.instagram.com/sweatinsd/,sweatinsd
Ahlam,https://www.instagram.com/ahlamyyyyyy/,ahlamyyyyyy
Stacia,https://www.instagram.com/foodandfellowship_/,foodandfellowship_
Brooke,https://www.instagram.com/brookealexisford/,brookealexisford
Superia,https://www.instagram.com/superiastar/,superiastar
Stacey,https://www.instagram.com/loveorhatestace/,loveorhatestace
Maddi,https://www.instagram.com/maddidawn_/,maddidawn_
Kyria,https://www.instagram.com/kyriaxtamzil/,kyriaxtamzil
Moriah,https://www.instagram.com/moriahhgrace/,moriahhgrace
Mace,https://www.instagram.com/lifelikemace/,lifelikemace
Natalia,https://www.instagram.com/nataliacestti/,nataliacestti
Kharli,https://www.instagram.com/kharlikunarasa/,kharlikunarasa
Erica,https://www.instagram.com/erica_wade_/,erica_wade_
Owner,https://www.instagram.com/elsaduenez/,elsaduenez
Lauren,https://www.instagram.com/lauren_riley15/,lauren_riley15
Caitlin,https://www.instagram.com/your.yogi.agent/,your.yogi.agent
Jassiel,https://www.instagram.com/jassiedcc/,jassiedcc
Romi,https://www.instagram.com/rominoodless/,rominoodless
Aleysha,https://www.instagram.com/bbaleysha/,bbaleysha
︎Morghan,https://www.instagram.com/morghan_leah/,morghan_leah
Ahmauni,https://www.instagram.com/ahmauni/,ahmauni
Wynter️,https://www.instagram.com/hellowynterr/,hellowynterr
Sabrina,https://www.instagram.com/sabrinatoday/,sabrinatoday
Joanna,https://www.instagram.com/lifewithmissjayy__/,lifewithmissjayy__
Gods,https://www.instagram.com/airetheanointed/,airetheanointed
Melissa,https://www.instagram.com/mindofmelissa/,mindofmelissa
Ariana,https://www.instagram.com/ariananrmz/,ariananrmz
Em,https://www.instagram.com/emwindham/,emwindham
Kayla,https://www.instagram.com/ms.kaylarae/,ms.kaylarae
Deb,https://www.instagram.com/_debwhite/,_debwhite
Lenique,https://www.instagram.com/solutionswithlee/,solutionswithlee
Elizabeth,https://www.instagram.com/__elizabethvazquez/,__elizabethvazquez
Krystal,https://www.instagram.com/krystal_rivera/,krystal_rivera
Emma,https://www.instagram.com/emmasedition/,emmasedition
Olivia,https://www.instagram.com/oliviaaichholz/,oliviaaichholz
Monay,https://www.instagram.com/theerealmonay/,theerealmonay
Claudia,https://www.instagram.com/cl.audiaaaa/,cl.audiaaaa
Lori,https://www.instagram.com/lorilou.1/,lorilou.1
Natalie,https://www.instagram.com/nataliee_ho/,nataliee_ho
Elena,https://www.instagram.com/moorefit_pt/,moorefit_pt
Personal,https://www.instagram.com/_jujjj/,_jujjj
Aleya,https://www.instagram.com/aleya.west/,aleya.west
Olivia,https://www.instagram.com/olivia.santelli/,olivia.santelli
Letty,https://www.instagram.com/lettttyyyyyy/,lettttyyyyyy
Kemoni,https://www.instagram.com/kemoni.irvinn/,kemoni.irvinn
Steph,https://www.instagram.com/stephcolleen/,stephcolleen
Ari,https://www.instagram.com/ari.x.333/,ari.x.333
Charlene,https://www.instagram.com/charxrichards/,charxrichards
Emily,https://www.instagram.com/emilycovarrubias/,emilycovarrubias
Jamie,https://www.instagram.com/_jamielwolf/,_jamielwolf
Audrey,https://www.instagram.com/itsaudreyy_a/,itsaudreyy_a
Crystal,https://www.instagram.com/lifeofcrys/,lifeofcrys
Ashlee,https://www.instagram.com/ashalese/,ashalese
Dalythalia,https://www.instagram.com/jtsmaavida/,jtsmaavida
Kiana,https://www.instagram.com/kimo.fitnesss/,kimo.fitnesss
Morgan,https://www.instagram.com/_morganuhh/,_morganuhh
Sazzy,https://www.instagram.com/sazzy__cash/,sazzy__cash
Mia,https://www.instagram.com/miahayesmoore/,miahayesmoore
Liyah,https://www.instagram.com/iamliyahchante/,iamliyahchante
A'ngelee,https://www.instagram.com/ange.l.ee/,ange.l.ee
Erica,https://www.instagram.com/erica.giuseppina/,erica.giuseppina
Anis,https://www.instagram.com/anis.acevedo/,anis.acevedo
Tori,https://www.instagram.com/torikaelyn/,torikaelyn
Britt,https://www.instagram.com/skybrit_/,skybrit_
Benedicte,https://www.instagram.com/genuineeeb/,genuineeeb
Brianna,https://www.instagram.com/bdubb_/,bdubb_
Kt,https://www.instagram.com/katieereel/,katieereel
Crystal,https://www.instagram.com/crysfitover50/,crysfitover50
Bdf,https://www.instagram.com/briannadestiny/,briannadestiny
Maryjane,https://www.instagram.com/maryjane.jean98/,maryjane.jean98
Ashley,https://www.instagram.com/baybee.giant/,baybee.giant
S,https://www.instagram.com/itssammbtw/,itssammbtw
Lauryn,https://www.instagram.com/its_lauryynn/,its_lauryynn
Preeti,https://www.instagram.com/preetiikumarr/,preetiikumarr
Ashley,https://www.instagram.com/ashleyamora/,ashleyamora
Keleigh,https://www.instagram.com/keleighsaraee/,keleighsaraee
Wisdom,https://www.instagram.com/wisdomdavina/,wisdomdavina
Saiyonna,https://www.instagram.com/yonna.tashea/,yonna.tashea
Chanty,https://www.instagram.com/dalittlelifter/,dalittlelifter
Ciaira,https://www.instagram.com/ciairajordn/,ciairajordn
Shevonne,https://www.instagram.com/shevleanne/,shevleanne
Nasha,https://www.instagram.com/nasha_martinez/,nasha_martinez
Jordan,https://www.instagram.com/theejordannicole/,theejordannicole
Bigbosslay,https://www.instagram.com/_bigbosslay/,_bigbosslay
Monica,https://www.instagram.com/monigod/,monigod
Bama,https://www.instagram.com/amandabreona/,amandabreona
Kelley,https://www.instagram.com/itskelleyann/,itskelleyann
Miah,https://www.instagram.com/miahgiavonni/,miahgiavonni
Alexis,https://www.instagram.com/summ_speshul/,summ_speshul
Dallas,https://www.instagram.com/doseofdallas_/,doseofdallas_
Kamrynn,https://www.instagram.com/kamrynnalexis_/,kamrynnalexis_
Linzi,https://www.instagram.com/soldbylinzi/,soldbylinzi
Quan,https://www.instagram.com/amourquan.fit/,amourquan.fit
Athalia,https://www.instagram.com/athaliaadouko/,athaliaadouko
High,https://www.instagram.com/jabryanarchie/,jabryanarchie
Dalneshea,https://www.instagram.com/trejure_her/,trejure_her
Alejandra,https://www.instagram.com/aleways_alejandra/,aleways_alejandra
Natasha,https://www.instagram.com/natashanieves/,natashanieves
Courtney,https://www.instagram.com/courtneycapano/,courtneycapano
Jacie,https://www.instagram.com/jacie.lynn.shackelford/,jacie.lynn.shackelford
Courtney,https://www.instagram.com/courtney_amber/,courtney_amber
Asia,https://www.instagram.com/asiafrmanc/,asiafrmanc
Katie,https://www.instagram.com/gainsbykatie_/,gainsbykatie_
Adrianna,https://www.instagram.com/adrianaamariex/,adrianaamariex
,https://www.instagram.com/k.beauty__/,k.beauty__
Maiya,https://www.instagram.com/maiyaimanii/,maiyaimanii
Miranda,https://www.instagram.com/mirandagrayfit/,mirandagrayfit
Julie,https://www.instagram.com/juliiesummers/,juliiesummers
Savanna,https://www.instagram.com/_xosavannaa/,_xosavannaa
Savannah,https://www.instagram.com/savannahcbravo/,savannahcbravo
Nsm,https://www.instagram.com/en_es_em/,en_es_em
Anna,https://www.instagram.com/ac.fit._/,ac.fit._
Briseida,https://www.instagram.com/briseidaax/,briseidaax
Lydia,https://www.instagram.com/lydiaohlydiaa/,lydiaohlydiaa
Baddie,https://www.instagram.com/baddieinchief/,baddieinchief
Zakia,https://www.instagram.com/justcallmee_z/,justcallmee_z
Camera,https://www.instagram.com/camerawhoring/,camerawhoring
Siena,https://www.instagram.com/siena.fitt/,siena.fitt
Gigi,https://www.instagram.com/gigi_arafa/,gigi_arafa
Amanda,https://www.instagram.com/amandamastrion/,amandamastrion
B.Nicole,https://www.instagram.com/jadorebarbie/,jadorebarbie
Kobii,https://www.instagram.com/kobii.r/,kobii.r
Hope,https://www.instagram.com/hoperomeo_/,hoperomeo_
Lluvia,https://www.instagram.com/lluviasvidaa/,lluviasvidaa
Maeve,https://www.instagram.com/maevedandrea/,maevedandrea
Jo,https://www.instagram.com/jodellefit/,jodellefit
Mariah,https://www.instagram.com/riahhthegreat/,riahhthegreat
Maia,https://www.instagram.com/maiahenry1/,maiahenry1
Marina,https://www.instagram.com/marina_xo_/,marina_xo_
Lee,https://www.instagram.com/leeohnaa/,leeohnaa
Cyn,https://www.instagram.com/fitcynn_/,fitcynn_
Venus,https://www.instagram.com/dosesofvenus/,dosesofvenus
Ms.aaliyah,https://www.instagram.com/ms.aaliyahd/,ms.aaliyahd
Paige,https://www.instagram.com/pager15/,pager15
Sarah,https://www.instagram.com/sarahb.fit/,sarahb.fit
Babygirl,https://www.instagram.com/lucyys.way/,lucyys.way
Stephanie,https://www.instagram.com/stephaniepwns/,stephaniepwns
Sin,https://www.instagram.com/itssin_gabriela/,itssin_gabriela
Aaliyah,https://www.instagram.com/aaliyahshantellll/,aaliyahshantellll
Mercedes,https://www.instagram.com/mercedes.cava/,mercedes.cava
Maddie,https://www.instagram.com/maddiee.nnicole/,maddiee.nnicole
Teash,https://www.instagram.com/jennifadawta/,jennifadawta
Selina,https://www.instagram.com/selina.mvriee/,selina.mvriee
Lex,https://www.instagram.com/alexus.iman_hair/,alexus.iman_hair
Miami,https://www.instagram.com/miamimichellee/,miamimichellee
Amber,https://www.instagram.com/amberaurae/,amberaurae
Kyra,https://www.instagram.com/kyralynncarter/,kyralynncarter
️,https://www.instagram.com/kuntakunna/,kuntakunna
Kylee,https://www.instagram.com/kyleesuefit/,kyleesuefit
Laurenjenna,https://www.instagram.com/lifeandlaurenjenna/,lifeandlaurenjenna
Melissa,https://www.instagram.com/melylaflaki/,melylaflaki
Aquarius,https://www.instagram.com/okaquarius/,okaquarius
Kylira,https://www.instagram.com/kyliraj_/,kyliraj_
Rachel,https://www.instagram.com/racheeleve/,racheeleve
Nelle,https://www.instagram.com/janellepenney/,janellepenney
Merina,https://www.instagram.com/merinavalenzuela/,merinavalenzuela
Dr.Toyo,https://www.instagram.com/professor_toy/,professor_toy
Te’a,https://www.instagram.com/teaettson/,teaettson
Tawanda,https://www.instagram.com/tawandausher/,tawandausher
Erin,https://www.instagram.com/erin.m.hopkins/,erin.m.hopkins
Gabby,https://www.instagram.com/gabaverill/,gabaverill
Gloria,https://www.instagram.com/gloria_u_fit/,gloria_u_fit
Laura,https://www.instagram.com/laura_919_/,laura_919_
Maggie,https://www.instagram.com/magali_doll/,magali_doll
Kacey,https://www.instagram.com/kacey.green/,kacey.green
Brielle,https://www.instagram.com/missfitbrie/,missfitbrie
Tyla,https://www.instagram.com/tylacamillee/,tylacamillee
Ashley,https://www.instagram.com/arust03/,arust03
Lola,https://www.instagram.com/lolasalazar_/,lolasalazar_
Toni,https://www.instagram.com/tonibowden.x/,tonibowden.x
Presley,https://www.instagram.com/presley.green/,presley.green
Miechonya,https://www.instagram.com/lifewithmie__/,lifewithmie__
Trin,https://www.instagram.com/trinsfablife/,trinsfablife
Kaya,https://www.instagram.com/itskayav/,itskayav
Adrianna,https://www.instagram.com/adriannasmiles/,adriannasmiles
Tatianna,https://www.instagram.com/lifeoftati.m/,lifeoftati.m
Mandy,https://www.instagram.com/mandy.brown__/,mandy.brown__
Kelsey,https://www.instagram.com/the_ride_room/,the_ride_room
Cassandra,https://www.instagram.com/miss_cassy22/,miss_cassy22
Alex,https://www.instagram.com/alexxpineiro/,alexxpineiro
Chelsea,https://www.instagram.com/cmarie_tx/,cmarie_tx
Angelface,https://www.instagram.com/angelfaceexo21/,angelfaceexo21
Aniya,https://www.instagram.com/therealniyahrose/,therealniyahrose
Sadie,https://www.instagram.com/sadiekathryns/,sadiekathryns
,https://www.instagram.com/prettyfitvic/,prettyfitvic
Dekilia,https://www.instagram.com/dekiliaspence/,dekiliaspence
Drea,https://www.instagram.com/poshpoodle525/,poshpoodle525
Mariana,https://www.instagram.com/marianagiraldo.hol/,marianagiraldo.hol
Masha,https://www.instagram.com/mashachallenge/,mashachallenge
Samantha,https://www.instagram.com/sam.gravess/,sam.gravess
Paige,https://www.instagram.com/paigemyers_rd/,paigemyers_rd
Jillian,https://www.instagram.com/itzzjill/,itzzjill
Yohannah,https://www.instagram.com/yohannahmala/,yohannahmala
Personal,https://www.instagram.com/chachachasen/,chachachasen
Natalie,https://www.instagram.com/natalieetrow/,natalieetrow
Alliemae.fit,https://www.instagram.com/alliemae.fit/,alliemae.fit
Kayla,https://www.instagram.com/kaylamelendez_/,kaylamelendez_
Ashh,https://www.instagram.com/ashh.lemons/,ashh.lemons
Riayn,https://www.instagram.com/riaynchristina/,riaynchristina
Xena,https://www.instagram.com/xena_dez/,xena_dez
Tish,https://www.instagram.com/tishiboo/,tishiboo
Tori,https://www.instagram.com/toriuweiss/,toriuweiss
Danika,https://www.instagram.com/dreamgirldanika/,dreamgirldanika
Jennifer,https://www.instagram.com/alignwithjennifer/,alignwithjennifer
Celeste,https://www.instagram.com/sheiscelestee/,sheiscelestee
Jash,https://www.instagram.com/iamjashley/,iamjashley
Joy,https://www.instagram.com/dr.joy.md/,dr.joy.md
Ry,https://www.instagram.com/rythemermaid/,rythemermaid
Sierra,https://www.instagram.com/sierranicoletreff/,sierranicoletreff
Nina,https://www.instagram.com/nina_b3n/,nina_b3n
Jenna,https://www.instagram.com/jennamstauffer/,jennamstauffer
Cienna,https://www.instagram.com/ciennajordyn/,ciennajordyn
Makayla,https://www.instagram.com/makaylawalker.xo/,makaylawalker.xo
Ashley,https://www.instagram.com/_thtblasiangirl/,_thtblasiangirl
Claridy,https://www.instagram.com/claridygrace/,claridygrace
Veronica,https://www.instagram.com/pottiebabiee/,pottiebabiee
Jasmin,https://www.instagram.com/thatssovegas/,thatssovegas
Micayla,https://www.instagram.com/micaylagreen/,micaylagreen
Devoirdes,https://www.instagram.com/devoirdes/,devoirdes
Danaeja,https://www.instagram.com/danaeja.p/,danaeja.p
Chidibella,https://www.instagram.com/chidibella/,chidibella
Jameisha,https://www.instagram.com/meimariee/,meimariee
Kait,https://www.instagram.com/kaittheripper/,kaittheripper
Sejal,https://www.instagram.com/sejaljannu/,sejaljannu
Analy,https://www.instagram.com/yylaanaa/,yylaanaa
Victory,https://www.instagram.com/imvictoria__/,imvictoria__
Kyra,https://www.instagram.com/kyralashai/,kyralashai
Amani,https://www.instagram.com/amaniwortham/,amaniwortham
Lauren,https://www.instagram.com/lauren.b.webb/,lauren.b.webb
Jackie,https://www.instagram.com/jackie.curtis/,jackie.curtis
Breana,https://www.instagram.com/breanareneee/,breanareneee
Sierra,https://www.instagram.com/ellett98/,ellett98
Camille,https://www.instagram.com/caamiillleeeee/,caamiillleeeee
Taylor,https://www.instagram.com/taylorcroyle/,taylorcroyle
Olivia,https://www.instagram.com/olivialaurenyoga/,olivialaurenyoga
Janae,https://www.instagram.com/naejordannn/,naejordannn
Brianna,https://www.instagram.com/briannababy_fit/,briannababy_fit
Ashley,https://www.instagram.com/ashleygraffice/,ashleygraffice
Brea,https://www.instagram.com/breawash/,breawash
Angelina,https://www.instagram.com/therealangelinamarie/,therealangelinamarie
Emily,https://www.instagram.com/emilyy.schmidtt/,emilyy.schmidtt
Mia,https://www.instagram.com/_miaajohn/,_miaajohn
Angela,https://www.instagram.com/angelawheeler_/,angelawheeler_
Gabriela,https://www.instagram.com/liongaby/,liongaby
Akilla,https://www.instagram.com/akillah_xo/,akillah_xo
Kaitlyn,https://www.instagram.com/kaybella_xoxo/,kaybella_xoxo
Justina,https://www.instagram.com/ohemma_j/,ohemma_j
Jada,https://www.instagram.com/jada.arnelle/,jada.arnelle
Janine,https://www.instagram.com/janine.kattar/,janine.kattar
Makayla,https://www.instagram.com/fitbymakayla/,fitbymakayla
Coco,https://www.instagram.com/fitwithcocox/,fitwithcocox
Tiana,https://www.instagram.com/tiana_jolai/,tiana_jolai
Maria,https://www.instagram.com/mariamiramontess/,mariamiramontess
That,https://www.instagram.com/theelifeofdaisy/,theelifeofdaisy
Zay,https://www.instagram.com/tripsandchic/,tripsandchic
Amra,https://www.instagram.com/amradonaldson_/,amradonaldson_
Chanel,https://www.instagram.com/chanellnay/,chanellnay
Kelli,https://www.instagram.com/misskelz89/,misskelz89
Madison,https://www.instagram.com/madison.pracht/,madison.pracht
Chelsea,https://www.instagram.com/chel.sea.lynn/,chel.sea.lynn
Jamie,https://www.instagram.com/floridafunctionalrn/,floridafunctionalrn
Emma,https://www.instagram.com/eemmaacr/,eemmaacr
Erin,https://www.instagram.com/gornik_twins/,gornik_twins
Les,https://www.instagram.com/lreyeslie/,lreyeslie
Taylor,https://www.instagram.com/taylorpaigetrainor/,taylorpaigetrainor
Jazzy,https://www.instagram.com/miniijazz/,miniijazz
Ashley,https://www.instagram.com/healthysahm/,healthysahm
Ellie,https://www.instagram.com/elliewfrazier/,elliewfrazier
Amaya,https://www.instagram.com/amayacamara/,amayacamara
Aracelis,https://www.instagram.com/iam.aracelis/,iam.aracelis
Freyyo,https://www.instagram.com/freyyyo_/,freyyyo_
Lala,https://www.instagram.com/only_lauryn/,only_lauryn
Jaci,https://www.instagram.com/jaci_sparks/,jaci_sparks
Diana,https://www.instagram.com/_dmarcela/,_dmarcela
Ari,https://www.instagram.com/fiji.ariiii/,fiji.ariiii
Vee,https://www.instagram.com/itsprettyvee/,itsprettyvee
Elayna,https://www.instagram.com/elayna.quinton/,elayna.quinton
Karimah,https://www.instagram.com/rimahhh_runs/,rimahhh_runs
Sincerely,https://www.instagram.com/sincerely.ann/,sincerely.ann
Jessica,https://www.instagram.com/jessicamarvisi/,jessicamarvisi
Lynna,https://www.instagram.com/porscha.alia/,porscha.alia
Riley,https://www.instagram.com/rileymerrifield/,rileymerrifield
Wei,https://www.instagram.com/wei_fit17/,wei_fit17
Heather,https://www.instagram.com/heathascott/,heathascott
Tee,https://www.instagram.com/keepinupwit.tee/,keepinupwit.tee
Corin,https://www.instagram.com/corindonaphin/,corindonaphin
Karla,https://www.instagram.com/ok.karla/,ok.karla
Jessica,https://www.instagram.com/_amazoniaa/,_amazoniaa
Ky,https://www.instagram.com/kysiimone_/,kysiimone_
Autumn,https://www.instagram.com/autumn.msparks/,autumn.msparks
Q,https://www.instagram.com/vibing_always/,vibing_always
Kayla,https://www.instagram.com/kayygibson/,kayygibson
Jamie,https://www.instagram.com/stallionfitnesss/,stallionfitnesss
May,https://www.instagram.com/maybuny/,maybuny
Stephanie,https://www.instagram.com/_stephanieayala_/,_stephanieayala_
Hansberry,https://www.instagram.com/queen__ken/,queen__ken
Nicole,https://www.instagram.com/nicolemattox_/,nicolemattox_
Kelci,https://www.instagram.com/kelcilsmith/,kelcilsmith
Donna,https://www.instagram.com/tlo.donna/,tlo.donna
Kp,https://www.instagram.com/kponthemic/,kponthemic
Lauren,https://www.instagram.com/lauren.kendyll/,lauren.kendyll
Brittney,https://www.instagram.com/brittmatice/,brittmatice
Mexil,https://www.instagram.com/mrs.jsouth/,mrs.jsouth
Cristi,https://www.instagram.com/ccgolift/,ccgolift
Shelby,https://www.instagram.com/shelby.wuest/,shelby.wuest
Carly,https://www.instagram.com/thehealthbabe_/,thehealthbabe_
Kelcey,https://www.instagram.com/kelceyw_/,kelceyw_
Emily,https://www.instagram.com/emilyzubi/,emilyzubi
Chloe,https://www.instagram.com/chloeohnhaus/,chloeohnhaus
Madi,https://www.instagram.com/madisonilewis/,madisonilewis
Amris,https://www.instagram.com/missamorous/,missamorous
Sarah,https://www.instagram.com/sarahjinsui/,sarahjinsui
Liz,https://www.instagram.com/lizperexx/,lizperexx
Tamara,https://www.instagram.com/tamara_strait/,tamara_strait
Clarissa,https://www.instagram.com/clarissa_pazfit/,clarissa_pazfit
Taylor,https://www.instagram.com/___taylor10/,___taylor10
Kia,https://www.instagram.com/kiatsmith/,kiatsmith
Angelica,https://www.instagram.com/angelicaleeann/,angelicaleeann
Cheyenne,https://www.instagram.com/cheyb.fit/,cheyb.fit
Hailey,https://www.instagram.com/haileypolitron/,haileypolitron
Morghan,https://www.instagram.com/morg.hannn/,morg.hannn
Coach.King,https://www.instagram.com/naek.47/,naek.47
Emily,https://www.instagram.com/xemmilyy/,xemmilyy
Chrissy,https://www.instagram.com/beautyrush2/,beautyrush2
Aliyah,https://www.instagram.com/aliyah_lee_lee/,aliyah_lee_lee
Michelle,https://www.instagram.com/michellegarabito/,michellegarabito
Abby,https://www.instagram.com/iamabbyluckett/,iamabbyluckett
Emmy,https://www.instagram.com/simpkins_emmy/,simpkins_emmy
Tia,https://www.instagram.com/tia.taks/,tia.taks
Kiana,https://www.instagram.com/theki_tolife/,theki_tolife
Jessica,https://www.instagram.com/jessicadansotv/,jessicadansotv
Bri,https://www.instagram.com/briledoux/,briledoux
Rachel,https://www.instagram.com/rachhleigh/,rachhleigh
Victoria,https://www.instagram.com/torpeace/,torpeace
Teagan,https://www.instagram.com/teagyluvs/,teagyluvs
Liz,https://www.instagram.com/liiiz.k/,liiiz.k
Bailey,https://www.instagram.com/minivanmom/,minivanmom
Mariah,https://www.instagram.com/thefitesty/,thefitesty
Anna,https://www.instagram.com/annacamden/,annacamden
Michele,https://www.instagram.com/micheleschoice/,micheleschoice
Courtney,https://www.instagram.com/coxrt/,coxrt
Viva,https://www.instagram.com/vivathemodel/,vivathemodel
Gelasia,https://www.instagram.com/__gelasia/,__gelasia
Chrissy,https://www.instagram.com/iamchrissybarnett/,iamchrissybarnett
Syd,https://www.instagram.com/sydneygoldberg.slp/,sydneygoldberg.slp
Alle,https://www.instagram.com/bb_brean/,bb_brean
Camryn,https://www.instagram.com/camryn_nickelle/,camryn_nickelle
Dr.Mara,https://www.instagram.com/dr.marabargeron/,dr.marabargeron
Michelle,https://www.instagram.com/michellemucerino/,michellemucerino
Jade,https://www.instagram.com/jade.borynski/,jade.borynski
Anastasia,https://www.instagram.com/anastasia167/,anastasia167
Latrice,https://www.instagram.com/latrice_kennedy/,latrice_kennedy
Your,https://www.instagram.com/tiana_edwardss/,tiana_edwardss
Sierra,https://www.instagram.com/sierra.aaliyah/,sierra.aaliyah
Kim,https://www.instagram.com/kimchistamps/,kimchistamps
Makayla,https://www.instagram.com/smilessence/,smilessence
Whisper,https://www.instagram.com/happylilhippiee/,happylilhippiee
Brenda,https://www.instagram.com/brenzzu/,brenzzu
Rosario,https://www.instagram.com/miss_despistada/,miss_despistada
Nat,https://www.instagram.com/naty3431/,naty3431
Syd,https://www.instagram.com/thesydrich/,thesydrich
Deelexi,https://www.instagram.com/deealexisxox/,deealexisxox
Kimberli,https://www.instagram.com/kimberlilovesyou/,kimberlilovesyou
Alyssa,https://www.instagram.com/nurseealy/,nurseealy
Molly,https://www.instagram.com/molly_tuschen/,molly_tuschen
Anna,https://www.instagram.com/ackelly__/,ackelly__
Taylor,https://www.instagram.com/taylorarmaniesq/,taylorarmaniesq
Jamin,https://www.instagram.com/jamxn/,jamxn
Emily,https://www.instagram.com/emilyborgstede/,emilyborgstede
Ugochi,https://www.instagram.com/ugochinyeree/,ugochinyeree
Jessica,https://www.instagram.com/jessica_june/,jessica_june
Lexi,https://www.instagram.com/lexigibbons/,lexigibbons
Madeliene,https://www.instagram.com/madds_vanmarter/,madds_vanmarter
Sarah,https://www.instagram.com/sarahmoraleta/,sarahmoraleta
Daisha,https://www.instagram.com/anythingfordaish_/,anythingfordaish_
Chloe,https://www.instagram.com/_chloegfit/,_chloegfit
Emmy,https://www.instagram.com/emmyrwhite/,emmyrwhite
Adriana,https://www.instagram.com/inked_by_adri/,inked_by_adri
Kayla,https://www.instagram.com/kaylamgreene_/,kaylamgreene_
Cassidy,https://www.instagram.com/casbryn/,casbryn
Treyy,https://www.instagram.com/travelintrey/,travelintrey
Taylor,https://www.instagram.com/tayrena_/,tayrena_
Brooke,https://www.instagram.com/brookelfittt/,brookelfittt
B,https://www.instagram.com/_.badguez/,_.badguez
Micah,https://www.instagram.com/micah.leia/,micah.leia
Nala,https://www.instagram.com/bodybynala/,bodybynala
,https://www.instagram.com/getyourlondonlook/,getyourlondonlook
Eva,https://www.instagram.com/eva_marie23/,eva_marie23
Crystal,https://www.instagram.com/ketowithcrystal/,ketowithcrystal
Mackenzie,https://www.instagram.com/mackenzie_aalexis/,mackenzie_aalexis
Kandi,https://www.instagram.com/kandi.x/,kandi.x
Taiya,https://www.instagram.com/taiyashelby/,taiyashelby
Mikailia,https://www.instagram.com/_mikailia_/,_mikailia_
Kim,https://www.instagram.com/kimgargano_/,kimgargano_
Jenny,https://www.instagram.com/thefaithfulfarmingfamily/,thefaithfulfarmingfamily
Kaylee,https://www.instagram.com/kayleebucci/,kayleebucci
Cam,https://www.instagram.com/_camryn.haworth_/,_camryn.haworth_
Soph,https://www.instagram.com/sophia.pouliot/,sophia.pouliot
Elizabeth,https://www.instagram.com/elizabethpriyakumar/,elizabethpriyakumar
Phoenix,https://www.instagram.com/francine.dinh/,francine.dinh
Jess,https://www.instagram.com/jesssmontanez/,jesssmontanez
Summer,https://www.instagram.com/summerroy_fit/,summerroy_fit
Fulani,https://www.instagram.com/queenfulani/,queenfulani
Carina,https://www.instagram.com/carinajean_/,carinajean_
Kailey,https://www.instagram.com/kailey.marcroft/,kailey.marcroft
Savannah,https://www.instagram.com/savannahbrymer/,savannahbrymer
Harper,https://www.instagram.com/harperrcc/,harperrcc
Sydney,https://www.instagram.com/sydneyyfreeman/,sydneyyfreeman
Elena,https://www.instagram.com/elena.denese/,elena.denese
Erika,https://www.instagram.com/erika_juliannaa/,erika_juliannaa
Marya,https://www.instagram.com/jmaryauringer/,jmaryauringer
Latinalina,https://www.instagram.com/latinalina619/,latinalina619
Kaylee,https://www.instagram.com/kayleereeder/,kayleereeder
Angela,https://www.instagram.com/angelamashelle/,angelamashelle
Natalee,https://www.instagram.com/nataleemarie.__/,nataleemarie.__
Bri,https://www.instagram.com/brianna_.ross/,brianna_.ross
Lauren,https://www.instagram.com/lofro_/,lofro_
Anh,https://www.instagram.com/three2anh/,three2anh
Faith,https://www.instagram.com/kpehefaith/,kpehefaith
Chrissy,https://www.instagram.com/chrissyrbb/,chrissyrbb
Brooke,https://www.instagram.com/brookeheld/,brookeheld
Tatianna,https://www.instagram.com/techtatee/,techtatee
Kate,https://www.instagram.com/itskaterichards/,itskaterichards
Kaitlyn,https://www.instagram.com/theektsymone/,theektsymone
Jada,https://www.instagram.com/callme__jada/,callme__jada
Sierra,https://www.instagram.com/swaggonerrr/,swaggonerrr
Katie,https://www.instagram.com/katieboff_/,katieboff_
Dalayah,https://www.instagram.com/dalayup/,dalayup
Erica,https://www.instagram.com/ericadeazsa/,ericadeazsa
Melanie,https://www.instagram.com/melsellsdc/,melsellsdc
Shan,https://www.instagram.com/stackedbyshanfitness/,stackedbyshanfitness
Presley,https://www.instagram.com/p4presley/,p4presley
Vale,https://www.instagram.com/valebodyfit/,valebodyfit
Jusilla,https://www.instagram.com/jusillabridgemon/,jusillabridgemon
Vivi,https://www.instagram.com/victoriaaferrazz/,victoriaaferrazz
Xogenmarie,https://www.instagram.com/itsgenmariefit/,itsgenmariefit
Estephany,https://www.instagram.com/estephanyh_/,estephanyh_
Grace,https://www.instagram.com/graceecooperr/,graceecooperr
Shannon,https://www.instagram.com/__itsshannn/,__itsshannn
Xo,https://www.instagram.com/xoshugg/,xoshugg
Jean,https://www.instagram.com/jeannstephenson/,jeannstephenson
Kate,https://www.instagram.com/madewholeherbs/,madewholeherbs
Michelle,https://www.instagram.com/meeshy.elise/,meeshy.elise
Anasia,https://www.instagram.com/nayxxo/,nayxxo
Kaybae,https://www.instagram.com/calichanell/,calichanell
Jessica,https://www.instagram.com/njfitmom/,njfitmom
Ava,https://www.instagram.com/avagonzalez1/,avagonzalez1
Leslie,https://www.instagram.com/lesliemunniz/,lesliemunniz
Pamela,https://www.instagram.com/refinedambiance/,refinedambiance
Lilly,https://www.instagram.com/thelillygoodman/,thelillygoodman
Amairany,https://www.instagram.com/_anniielovee/,_anniielovee
Limor,https://www.instagram.com/tastefullylimor/,tastefullylimor
Barbie,https://www.instagram.com/barbie_viton/,barbie_viton
Ah’mani,https://www.instagram.com/iamahmani/,iamahmani
Ave,https://www.instagram.com/averychilders_/,averychilders_
Yami,https://www.instagram.com/amorxyami/,amorxyami
Toni,https://www.instagram.com/toniimarmo/,toniimarmo
Caleigh,https://www.instagram.com/caleighrobbi/,caleighrobbi
Rebekah,https://www.instagram.com/mixxed.b_/,mixxed.b_
Kiara,https://www.instagram.com/kiarahastings/,kiarahastings
Barb,https://www.instagram.com/trinade._/,trinade._
Myri,https://www.instagram.com/aamyri_/,aamyri_
Krislynn,https://www.instagram.com/krxslynnchandler/,krxslynnchandler
Aita,https://www.instagram.com/aita.samba/,aita.samba
Janee,https://www.instagram.com/janeeandreya/,janeeandreya
Mar,https://www.instagram.com/marlomulligann/,marlomulligann
Judith,https://www.instagram.com/official_.judith/,official_.judith
Chrissy,https://www.instagram.com/chrissyhess_/,chrissyhess_
Kuwx,https://www.instagram.com/kuwx.r/,kuwx.r
Allera,https://www.instagram.com/allerastockman/,allerastockman
Sunny,https://www.instagram.com/sunnyisbaee/,sunnyisbaee
Erin,https://www.instagram.com/lifeoferinbriley/,lifeoferinbriley
Monica,https://www.instagram.com/mamakor_/,mamakor_
Michelle,https://www.instagram.com/michellekubala/,michellekubala
Ashley,https://www.instagram.com/prettychocolate_doll/,prettychocolate_doll
Jade,https://www.instagram.com/slimjad3y/,slimjad3y
Naisla,https://www.instagram.com/naislamr/,naislamr
Alexandra,https://www.instagram.com/alex.michelleg/,alex.michelleg
,https://www.instagram.com/b4theyallloveme/,b4theyallloveme
Daisy,https://www.instagram.com/daisybguerrero/,daisybguerrero
Neha,https://www.instagram.com/neha614/,neha614
Megan,https://www.instagram.com/__meganlynch__/,__meganlynch__
Javonia,https://www.instagram.com/javonia.ellis/,javonia.ellis
,https://www.instagram.com/prettyhaute_lifestyle/,prettyhaute_lifestyle
Maya,https://www.instagram.com/m0chic/,m0chic
Leandra,https://www.instagram.com/leandra.r.johnson/,leandra.r.johnson
Bell,https://www.instagram.com/bella.waltz/,bella.waltz
Mulan,https://www.instagram.com/anice.alaina/,anice.alaina
Tiana,https://www.instagram.com/tianasimone/,tianasimone
Morgan,https://www.instagram.com/_morganmaloy/,_morganmaloy
Mariel,https://www.instagram.com/marielamada/,marielamada
Tay,https://www.instagram.com/taylmarie/,taylmarie
Simran,https://www.instagram.com/simmykinns/,simmykinns
Dior,https://www.instagram.com/diormarzette/,diormarzette
Amanda,https://www.instagram.com/amandaecannon/,amandaecannon
High,https://www.instagram.com/high.kee/,high.kee
Dominique,https://www.instagram.com/_dom.xo/,_dom.xo
Chelsea,https://www.instagram.com/chelseacraveiro/,chelseacraveiro
Jordan,https://www.instagram.com/jbauth/,jbauth
Ab,https://www.instagram.com/averybracher/,averybracher
Vivian,https://www.instagram.com/drvivianasamoah/,drvivianasamoah
Miyaa,https://www.instagram.com/miyaawiyaa/,miyaawiyaa
Destinee,https://www.instagram.com/destinee.delgado/,destinee.delgado
Allison,https://www.instagram.com/fin_was_here_/,fin_was_here_
Sofeeyahh,https://www.instagram.com/whatsofi/,whatsofi
Rebecca,https://www.instagram.com/rebeccaj3/,rebeccaj3
Shelsee,https://www.instagram.com/shelseeparlin/,shelseeparlin
Holly,https://www.instagram.com/hollylars/,hollylars
Miss,https://www.instagram.com/abril_coronel/,abril_coronel
Callie,https://www.instagram.com/callie.forbes/,callie.forbes
Ree,https://www.instagram.com/reemonayy/,reemonayy
Abby,https://www.instagram.com/abbyrosegreen/,abbyrosegreen
Kaylyn,https://www.instagram.com/kaylynrathel/,kaylynrathel
Haleigh,https://www.instagram.com/haleighoriginal/,haleighoriginal
Janessa,https://www.instagram.com/janessaz/,janessaz
Hiralmi,https://www.instagram.com/hiralmixo/,hiralmixo
Shaquita,https://www.instagram.com/shaquita.k_/,shaquita.k_
Abbie,https://www.instagram.com/xabbie.ex/,xabbie.ex
Samantha,https://www.instagram.com/simplysamanthastyle/,simplysamanthastyle
Veronica,https://www.instagram.com/vver0niica/,vver0niica
Brittany,https://www.instagram.com/thelittlewhitecoop/,thelittlewhitecoop
The,https://www.instagram.com/pantrybyhilary/,pantrybyhilary
The,https://www.instagram.com/officialcannamom/,officialcannamom
Jealeyni,https://www.instagram.com/daintyjea/,daintyjea
Melissa,https://www.instagram.com/thesisterstyledlife/,thesisterstyledlife
Jalyn,https://www.instagram.com/jalynjunell/,jalynjunell
Randi,https://www.instagram.com/mamarands_/,mamarands_
Courtney,https://www.instagram.com/cc.mellow/,cc.mellow
Maria,https://www.instagram.com/mariadonley_/,mariadonley_
Kaily,https://www.instagram.com/kailybradstreet/,kailybradstreet
Taryn,https://www.instagram.com/taryn_monique/,taryn_monique
Erica,https://www.instagram.com/ericaagolds/,ericaagolds
Loren,https://www.instagram.com/loren_loves.it/,loren_loves.it
Ari,https://www.instagram.com/arii_christine/,arii_christine
Amanda,https://www.instagram.com/helloamandaleigh/,helloamandaleigh
Haven,https://www.instagram.com/haven.presley/,haven.presley
Larissa,https://www.instagram.com/lalarosenyc_/,lalarosenyc_
Emily,https://www.instagram.com/em__cookie/,em__cookie
Jessica,https://www.instagram.com/jessica.budke/,jessica.budke
Beth,https://www.instagram.com/themomdromat/,themomdromat
Sydney,https://www.instagram.com/sydelisehud/,sydelisehud
Morgan,https://www.instagram.com/morganmdavis/,morganmdavis
Maureen,https://www.instagram.com/themagicalmundanelife/,themagicalmundanelife
Savannah,https://www.instagram.com/savvysavfinds/,savvysavfinds
Melinda,https://www.instagram.com/glowmebymelinda/,glowmebymelinda
Nattie,https://www.instagram.com/nattiejopo/,nattiejopo
Isa,https://www.instagram.com/isafamilyfun/,isafamilyfun
Kelly,https://www.instagram.com/abraidedblonde/,abraidedblonde
Kalynn,https://www.instagram.com/kalynndaviss/,kalynndaviss
Maria,https://www.instagram.com/musclebymaria/,musclebymaria
Jennifer,https://www.instagram.com/thejenniferruhling/,thejenniferruhling
Ashley,https://www.instagram.com/ashleyvailxoxo/,ashleyvailxoxo
Sarah,https://www.instagram.com/sarahlibbyeveryday/,sarahlibbyeveryday
Taylor,https://www.instagram.com/taylorjackzen/,taylorjackzen
Megan,https://www.instagram.com/megan_mena90/,megan_mena90
Nicole,https://www.instagram.com/thefithomemaker/,thefithomemaker
,https://www.instagram.com/whynotnatural_us/,whynotnatural_us
Paige,https://www.instagram.com/mamapaigenicole12/,mamapaigenicole12
Jayla,https://www.instagram.com/x__jaylaaaa/,x__jaylaaaa
Alexandra,https://www.instagram.com/alexandrarotger/,alexandrarotger
Brooke,https://www.instagram.com/_brookeleanne/,_brookeleanne
Katie,https://www.instagram.com/mrsktwilson/,mrsktwilson
Hannah,https://www.instagram.com/hanzcakess/,hanzcakess
Carley,https://www.instagram.com/carleyherro/,carleyherro
Maddie,https://www.instagram.com/itsmaddiecox/,itsmaddiecox
Monica,https://www.instagram.com/xoxomonniee/,xoxomonniee
Liz,https://www.instagram.com/lifewithelizabeth/,lifewithelizabeth
Christy,https://www.instagram.com/itschristyruiz/,itschristyruiz
Talai,https://www.instagram.com/talaikay/,talaikay
Phoebe,https://www.instagram.com/phoebestokss/,phoebestokss
Anisa,https://www.instagram.com/anisa.dhoore/,anisa.dhoore
Jenisse,https://www.instagram.com/mamajenisse/,mamajenisse
Nancy,https://www.instagram.com/nancy_hdzz/,nancy_hdzz
Kia,https://www.instagram.com/takiah_cee/,takiah_cee
Mandik,https://www.instagram.com/the_mandi_ketter/,the_mandi_ketter
Brooke,https://www.instagram.com/brookeeewoods/,brookeeewoods
,https://www.instagram.com/bepositive_fit20/,bepositive_fit20
Alyssa,https://www.instagram.com/sheis_alyssamarie/,sheis_alyssamarie
Olivia,https://www.instagram.com/livienicole_/,livienicole_
Lia,https://www.instagram.com/liascenna/,liascenna
Addie,https://www.instagram.com/heyaddnotsubtract/,heyaddnotsubtract
Sarah,https://www.instagram.com/sarahguy_/,sarahguy_
Camila,https://www.instagram.com/camichula_/,camichula_
Katie,https://www.instagram.com/kcdanek93/,kcdanek93
Cora,https://www.instagram.com/coralouise.reese/,coralouise.reese
Virginia,https://www.instagram.com/just_mevirginia/,just_mevirginia
Isabella,https://www.instagram.com/isabellastricklandd/,isabellastricklandd
Gisell,https://www.instagram.com/giselldestini/,giselldestini
Riley,https://www.instagram.com/riley.hectik/,riley.hectik
Rae,https://www.instagram.com/raeyanafrazier/,raeyanafrazier
Mandi,https://www.instagram.com/whatmandi6/,whatmandi6
Mikaila,https://www.instagram.com/mikaila_nelson/,mikaila_nelson
Nina,https://www.instagram.com/ninaiblanton/,ninaiblanton
Katie,https://www.instagram.com/thekatiecosta/,thekatiecosta
Rachel,https://www.instagram.com/raelocdandloaded/,raelocdandloaded
Savannah,https://www.instagram.com/savconsidine/,savconsidine
Maisy,https://www.instagram.com/maisy.a.reynolds/,maisy.a.reynolds
Alex,https://www.instagram.com/alexrianmundy/,alexrianmundy
Janelle,https://www.instagram.com/janellemarieandrews/,janellemarieandrews
Brooke,https://www.instagram.com/brooke_mydlo/,brooke_mydlo
Jordan,https://www.instagram.com/livingwiththehansens/,livingwiththehansens
Ariella,https://www.instagram.com/ariellahendershaw/,ariellahendershaw
Camille,https://www.instagram.com/itsmilley/,itsmilley
Mckenna,https://www.instagram.com/_mckennawalker/,_mckennawalker
Heather,https://www.instagram.com/therealmamaheat/,therealmamaheat
Deanna,https://www.instagram.com/deanna_falzone/,deanna_falzone
Jenna,https://www.instagram.com/_jennapierce/,_jennapierce
Erica,https://www.instagram.com/twincitiesmama/,twincitiesmama
Ryanne,https://www.instagram.com/ryannemichelle_/,ryannemichelle_
Connie,https://www.instagram.com/connie_geronimo/,connie_geronimo
Shanda,https://www.instagram.com/shanda.fields/,shanda.fields
Laurie,https://www.instagram.com/lovelaurieb/,lovelaurieb
Daniela,https://www.instagram.com/danielambonet/,danielambonet
Lindsey,https://www.instagram.com/lindserly/,lindserly
Lauren,https://www.instagram.com/thelaurenrobinsonn/,thelaurenrobinsonn
Channing,https://www.instagram.com/lifewithchanning/,lifewithchanning
Kelly,https://www.instagram.com/kellykmarx/,kellykmarx
Chelsey,https://www.instagram.com/chelseygobbo/,chelseygobbo
Tayler,https://www.instagram.com/taylerreagan/,taylerreagan
Emily,https://www.instagram.com/emilyjacoutot/,emilyjacoutot
Janaiah,https://www.instagram.com/janaiahmcclure/,janaiahmcclure
Jaden,https://www.instagram.com/jadenmcgrew/,jadenmcgrew
Mariam,https://www.instagram.com/mariamanna_/,mariamanna_
Franceschie,https://www.instagram.com/lovefranceschie/,lovefranceschie
Kelly,https://www.instagram.com/kelly.toto4/,kelly.toto4
Judyann,https://www.instagram.com/judy_atiga/,judy_atiga
Stef,https://www.instagram.com/stef.orsello/,stef.orsello
Mariam,https://www.instagram.com/msilverxo/,msilverxo
Kaylee,https://www.instagram.com/kaybsimmons/,kaybsimmons
Whitney,https://www.instagram.com/crunchycountrymom/,crunchycountrymom
Yesenia,https://www.instagram.com/smalltowntxmamaa/,smalltowntxmamaa
Brynn,https://www.instagram.com/brynnmoves/,brynnmoves
Katie,https://www.instagram.com/heykatieejay/,heykatieejay
Jasmine,https://www.instagram.com/misstwiggy/,misstwiggy
Brittany,https://www.instagram.com/brittgreenfield/,brittgreenfield
Bronte,https://www.instagram.com/brontebogetti/,brontebogetti
Justjeseeka,https://www.instagram.com/justjeseeka/,justjeseeka
Melissa,https://www.instagram.com/melissathompsonhome/,melissathompsonhome
Jessie,https://www.instagram.com/thejessiegrace/,thejessiegrace
Kierrah,https://www.instagram.com/kierrahchantel/,kierrahchantel
Jennifer,https://www.instagram.com/jen.galati/,jen.galati
Corina,https://www.instagram.com/corinaxrjs/,corinaxrjs
Nicolette,https://www.instagram.com/nikkibrito2/,nikkibrito2
Laura,https://www.instagram.com/lauramlucks/,lauramlucks
Leah,https://www.instagram.com/bostoncountrymom/,bostoncountrymom
Yasmine,https://www.instagram.com/yasmineatris/,yasmineatris
Victoria,https://www.instagram.com/victoriamorse/,victoriamorse
Lacy,https://www.instagram.com/lacy.dollar/,lacy.dollar
Nikki,https://www.instagram.com/nikkiifitzgerald/,nikkiifitzgerald
Gabrielle,https://www.instagram.com/gabifrati/,gabifrati
Brooke,https://www.instagram.com/brooklyn_bliss/,brooklyn_bliss
May,https://www.instagram.com/mayy.cole/,mayy.cole
Kait,https://www.instagram.com/kait.pongratz/,kait.pongratz
Jessica,https://www.instagram.com/therealjessicagoodman/,therealjessicagoodman
Sara,https://www.instagram.com/sincerelysarabrooke/,sincerelysarabrooke
Hope,https://www.instagram.com/hopekindred/,hopekindred
Kaley,https://www.instagram.com/kaleysolitro/,kaleysolitro
Tall,https://www.instagram.com/tallmomstyle/,tallmomstyle
Phalisia,https://www.instagram.com/phalisia/,phalisia
Sarah,https://www.instagram.com/sarahmbiegel/,sarahmbiegel
Savana,https://www.instagram.com/savana_chapin/,savana_chapin
Amanda,https://www.instagram.com/justmandss/,justmandss
Hillary,https://www.instagram.com/crumbkisses/,crumbkisses
Taylor,https://www.instagram.com/tayraebates/,tayraebates
Aubrey,https://www.instagram.com/aubreyycook/,aubreyycook
Maia,https://www.instagram.com/maiaanicholee/,maiaanicholee
Paula,https://www.instagram.com/practicallyperfectfamily/,practicallyperfectfamily
Brooke,https://www.instagram.com/anders_at_home/,anders_at_home
Marrisa,https://www.instagram.com/thatcasualmama/,thatcasualmama
Giannina,https://www.instagram.com/giannina.oner/,giannina.oner
Tori,https://www.instagram.com/torimarks/,torimarks
Annie,https://www.instagram.com/acsocialdesigns/,acsocialdesigns
Bethany,https://www.instagram.com/littlelucytotschool/,littlelucytotschool
Jess,https://www.instagram.com/jessowensdaily/,jessowensdaily
Gabriella,https://www.instagram.com/gabbynoto/,gabbynoto
Allie,https://www.instagram.com/_alliefromalabama_/,_alliefromalabama_
Nesha,https://www.instagram.com/neshavonte/,neshavonte
Divine,https://www.instagram.com/queenzee_.baby/,queenzee_.baby
Madie,https://www.instagram.com/madie.mathews/,madie.mathews
Brianna,https://www.instagram.com/brianna.nichelle/,brianna.nichelle
Genevieve,https://www.instagram.com/genorgenevieve/,genorgenevieve
Raven,https://www.instagram.com/raven_11/,raven_11
Gina,https://www.instagram.com/me.after.mom/,me.after.mom
Bri,https://www.instagram.com/bri_galee/,bri_galee
Amanda,https://www.instagram.com/amandaxsabel/,amandaxsabel
Lauren,https://www.instagram.com/mamasandmesses/,mamasandmesses
Taylor,https://www.instagram.com/taylorleeroberts/,taylorleeroberts
Shannon,https://www.instagram.com/candidlyshan/,candidlyshan
Mariah,https://www.instagram.com/mariahmmcswain/,mariahmmcswain
Lindsy,https://www.instagram.com/thelindsyexperience/,thelindsyexperience
Lauren,https://www.instagram.com/thelaurenmarie/,thelaurenmarie
Adabelle,https://www.instagram.com/adabellebuntrock/,adabellebuntrock
Rachel,https://www.instagram.com/rachvanschyndel/,rachvanschyndel
Amirah,https://www.instagram.com/amirahcastillo/,amirahcastillo
Brandi,https://www.instagram.com/born2bebold/,born2bebold
Coffee,https://www.instagram.com/young.ster_/,young.ster_
Stormy,https://www.instagram.com/stormybeaty/,stormybeaty
Liz,https://www.instagram.com/liznoza/,liznoza
Whitney,https://www.instagram.com/whitglick1/,whitglick1
Priscilla,https://www.instagram.com/mommyonamission511/,mommyonamission511
Jessica,https://www.instagram.com/jessicajordan.44/,jessicajordan.44
Steph,https://www.instagram.com/steph.vaughan/,steph.vaughan
jess,https://www.instagram.com/jessbrownsberger/,jessbrownsberger
Molly,https://www.instagram.com/happilyevansafterall/,happilyevansafterall
Brittanie,https://www.instagram.com/brittanie_remmich/,brittanie_remmich
Ashley,https://www.instagram.com/ashleysanderslife/,ashleysanderslife
Tanya,https://www.instagram.com/tatidrea/,tatidrea
Brianna,https://www.instagram.com/iamstillbri/,iamstillbri
Mimi,https://www.instagram.com/mimibolden/,mimibolden
Aurielle,https://www.instagram.com/aurielle.lindblom/,aurielle.lindblom
Jess,https://www.instagram.com/jesserinweberr/,jesserinweberr
Dani,https://www.instagram.com/danicarroll._/,danicarroll._
To-tam,https://www.instagram.com/totamsachika/,totamsachika
Taylor,https://www.instagram.com/tay_noto/,tay_noto
Morgan,https://www.instagram.com/morganbon/,morganbon
Liz,https://www.instagram.com/liz.beelman/,liz.beelman
Alayna,https://www.instagram.com/laynafinau/,laynafinau
Madison,https://www.instagram.com/madison_ellizabeth/,madison_ellizabeth
Marari,https://www.instagram.com/mararicoo/,mararicoo
Brittany,https://www.instagram.com/thesortacrunchymama/,thesortacrunchymama
Mary,https://www.instagram.com/marybethfeichter/,marybethfeichter
Zhane,https://www.instagram.com/zhanegeorge_/,zhanegeorge_
Hannah,https://www.instagram.com/hannah.ensink/,hannah.ensink
Kiana,https://www.instagram.com/kianakahn/,kianakahn
Charissa,https://www.instagram.com/charissabacon/,charissabacon
Madison,https://www.instagram.com/madisonleighmaryan/,madisonleighmaryan
Rayna,https://www.instagram.com/raynaagant/,raynaagant
Andrea,https://www.instagram.com/andreagabrielllee/,andreagabrielllee
Tabetha,https://www.instagram.com/tabethamezz/,tabethamezz
Allis,https://www.instagram.com/allisclare/,allisclare
Amanda,https://www.instagram.com/amandaholla/,amandaholla
Kirsten,https://www.instagram.com/kirstenfuentess/,kirstenfuentess
Ruth,https://www.instagram.com/ruth_swing316/,ruth_swing316
Bree,https://www.instagram.com/xobreewilson/,xobreewilson
Shieann,https://www.instagram.com/thatmomfriendd/,thatmomfriendd
Alexis,https://www.instagram.com/alexismariemade/,alexismariemade
Sophia,https://www.instagram.com/sophiaubieta/,sophiaubieta
Taylor,https://www.instagram.com/taylorwingg/,taylorwingg
Eclaire,https://www.instagram.com/eclairesimmons/,eclairesimmons
Chelsea,https://www.instagram.com/chelseauithoven/,chelseauithoven
Nicole,https://www.instagram.com/nicoledoyon/,nicoledoyon
Amber,https://www.instagram.com/lovelyamberrrr/,lovelyamberrrr
Elle,https://www.instagram.com/elleevancasselman/,elleevancasselman
Karleigh,https://www.instagram.com/karleighjg/,karleighjg
Delaney,https://www.instagram.com/wellnesswithdelaney/,wellnesswithdelaney
Taryn,https://www.instagram.com/_tarynitup_/,_tarynitup_
Kelly,https://www.instagram.com/jonesingforit/,jonesingforit
Emma,https://www.instagram.com/emmalouisesuttle/,emmalouisesuttle
Izzy,https://www.instagram.com/fitness.with.izz/,fitness.with.izz
Anna,https://www.instagram.com/annaxtrip/,annaxtrip
Marissa,https://www.instagram.com/marissajmauricio/,marissajmauricio
Kourtney,https://www.instagram.com/yogikourtstyle/,yogikourtstyle
Alisa,https://www.instagram.com/alisalulu/,alisalulu
Payton,https://www.instagram.com/szatpayton/,szatpayton
Sophie,https://www.instagram.com/sophkochmann/,sophkochmann
Emeline,https://www.instagram.com/emeline.chang/,emeline.chang
Madison,https://www.instagram.com/themadisonclaire/,themadisonclaire
Jen,https://www.instagram.com/jen_laurenn/,jen_laurenn
Monica,https://www.instagram.com/monicadelv/,monicadelv
Alex,https://www.instagram.com/alexseeksmore/,alexseeksmore
Kayla,https://www.instagram.com/kaylaelledge/,kaylaelledge
Julia,https://www.instagram.com/julezcampion/,julezcampion
Nicole,https://www.instagram.com/itsnicolechristine/,itsnicolechristine
Giselle,https://www.instagram.com/wellnessbygiselle/,wellnessbygiselle
Simone,https://www.instagram.com/simone.sharice/,simone.sharice
Monique,https://www.instagram.com/beablissfulbabe/,beablissfulbabe
Carla,https://www.instagram.com/carlacasty/,carlacasty
Claud,https://www.instagram.com/claudia.sams/,claudia.sams
Kailee,https://www.instagram.com/kaileecastillo/,kaileecastillo
Sharlenae,https://www.instagram.com/sharlenaecollingsworth/,sharlenaecollingsworth
Macy,https://www.instagram.com/macy_broyles/,macy_broyles
Ashley,https://www.instagram.com/vitalityash/,vitalityash
Dani,https://www.instagram.com/danimal.fit_/,danimal.fit_
Joi,https://www.instagram.com/joinicole_/,joinicole_
Karina,https://www.instagram.com/drkari/,drkari
Sharon,https://www.instagram.com/sharnutrition/,sharnutrition
Lizzie,https://www.instagram.com/lizzie_colson/,lizzie_colson
Sierra,https://www.instagram.com/sierrralash/,sierrralash
Reagan,https://www.instagram.com/reaganspencerr/,reaganspencerr
Bre,https://www.instagram.com/bre.lessard/,bre.lessard
Marcella,https://www.instagram.com/drmarcellajewellmd/,drmarcellajewellmd
Francesca,https://www.instagram.com/fancyisforever/,fancyisforever
Nicole,https://www.instagram.com/solowithnicole/,solowithnicole
Natalie,https://www.instagram.com/notnataliesmith/,notnataliesmith
Brittany,https://www.instagram.com/bringitbrat_/,bringitbrat_
Emily,https://www.instagram.com/__emilyrangel/,__emilyrangel
Dr.Shabnam,https://www.instagram.com/drshabnamislam/,drshabnamislam
Katie,https://www.instagram.com/thoughtsfrommy30s/,thoughtsfrommy30s
Laura,https://www.instagram.com/lauramahachek/,lauramahachek
Koti,https://www.instagram.com/livinwright_/,livinwright_
Danielle,https://www.instagram.com/danielleburkleo/,danielleburkleo
Sophia,https://www.instagram.com/sophiaaaaa___/,sophiaaaaa___
Priscilla,https://www.instagram.com/legallypriscilla/,legallypriscilla
Laura,https://www.instagram.com/laura_kruk/,laura_kruk
Haley,https://www.instagram.com/itshaleypepper/,itshaleypepper
Maria,https://www.instagram.com/mafe_fit,mafe_fit
Lana,https://www.instagram.com/flexwitlana_,flexwitlana_
Ashley,https://www.instagram.com/ashhpollard,ashhpollard
Anisa,https://www.instagram.com/mindbodyandhustle,mindbodyandhustle
Anu,https://www.instagram.com/anuakinwande,anuakinwande
Isabella,https://www.instagram.com/bellarenaldi,bellarenaldi
Ashley,https://www.instagram.com/ashleyrayfitt,ashleyrayfitt
Laila,https://www.instagram.com/lailadfitness,lailadfitness
Faith,https://www.instagram.com/hotgirlscientist,hotgirlscientist
Janeissy,https://www.instagram.com/jnssy,jnssy
Bia,https://www.instagram.com/teambiafit,teambiafit
La,https://www.instagram.com/_bodiedbyla,_bodiedbyla
Sophia,https://www.instagram.com/nardofittt,nardofittt
Jeny,https://www.instagram.com/jenycaletti,jenycaletti
Mia,https://www.instagram.com/miaspuler,miaspuler
Amanda,https://www.instagram.com/amandaabellll,amandaabellll
Katie,https://www.instagram.com/tone_it_downnnn,tone_it_downnnn
Jaclyn,https://www.instagram.com/jackierobertswellness,jackierobertswellness
Kenna,https://www.instagram.com/kenna_duncan,kenna_duncan
Megan,https://www.instagram.com/megan.morneau,megan.morneau
Sarah,https://www.instagram.com/sarahbadaraa,sarahbadaraa
Paulina,https://www.instagram.com/paulinagonzalezz,paulinagonzalezz
Jennifer,https://www.instagram.com/jennyfitnessss,jennyfitnessss
Tea,https://www.instagram.com/tea.anderson,tea.anderson
Denise,https://www.instagram.com/denisehamdan,denisehamdan
Saige,https://www.instagram.com/saige,saige
Hannah,https://www.instagram.com/hannahthaiss,hannahthaiss
Jack,https://www.instagram.com/therealjacksosa,therealjacksosa
Milanna,https://www.instagram.com/milannamikrut,milannamikrut
Tish,https://www.instagram.com/leticiamartinezzz,leticiamartinezzz
Alon,https://www.instagram.com/alondriz,alondriz
Marianna,https://www.instagram.com/marianasastre,marianasastre
Rena,https://www.instagram.com/renaflaccofit,renaflaccofit
Veronicca,https://www.instagram.com/vernknoll.fit,vernknoll.fit
Malena,https://www.instagram.com/malenaapadilla,malenaapadilla
Erika,https://www.instagram.com/erikaanicolee1,erikaanicolee1
Brenda,https://www.instagram.com/brendaymendez,brendaymendez
Isabella,https://www.instagram.com/isabellavezga_,isabellavezga_
Belle,https://www.instagram.com/bellecogill.fit,bellecogill.fit
Jess,https://www.instagram.com/_jessicaakbar,_jessicaakbar
Vanessa,https://www.instagram.com/thisgirll_,thisgirll_
Colleen,https://www.instagram.com/colleen.hollis,colleen.hollis
Casey,https://www.instagram.com/caseylburks,caseylburks
Jesseenia,https://www.instagram.com/_jesseniaveras,_jesseniaveras
Madison,https://www.instagram.com/madispray,madispray
Jess,https://www.instagram.com/jcarpfit,jcarpfit
Raudelisse,https://www.instagram.com/raudelisse___,raudelisse___
Jackie,https://www.instagram.com/jackieesoro,jackieesoro
Kristina,https://www.instagram.com/kristina.pettit_,kristina.pettit_
Kayla,https://www.instagram.com/thekaylaramos,thekaylaramos
Jessica,https://www.instagram.com/jesssswole,jesssswole
Henny,https://www.instagram.com/gainzw.henny,gainzw.henny
Nicole,https://www.instagram.com/nicoledafit,nicoledafit
Carly,https://www.instagram.com/carlyxgym,carlyxgym
Stephanie,https://www.instagram.com/stephanielynfitt,stephanielynfitt
Cassie,https://www.instagram.com/reachbycassie,reachbycassie
Jenna,https://www.instagram.com/jennaburnes,jennaburnes
Eryca,https://www.instagram.com/e.v.fitt,e.v.fitt
Izzy,https://www.instagram.com/izzyhecht,izzyhecht
Alondra,https://www.instagram.com/aalonderz,aalonderz
Dominique,https://www.instagram.com/dominiqueee_c,dominiqueee_c
Maya,https://www.instagram.com/kimberlyiwunze,kimberlyiwunze
Alyssamarie,https://www.instagram.com/lyss__mariee,lyss__mariee
Alexia,https://www.instagram.com/alexiafitaf,alexiafitaf
Bree,https://www.instagram.com/brownskinnedfit,brownskinnedfit
Catherine,https://www.instagram.com/cathypacfit,cathypacfit
Kendra,https://www.instagram.com/ken.denae,ken.denae
Kaityn,https://www.instagram.com/kaityn_jones,kaityn_jones
Kis,https://www.instagram.com/coachkis_,coachkis_
Erin,https://www.instagram.com/_erincase,_erincase
Christina,https://www.instagram.com/femalek_fit,femalek_fit
Tal,https://www.instagram.com/tal_fitnesss,tal_fitnesss
Melissa,https://www.instagram.com/melissa.mckenzy,melissa.mckenzy
Marie,https://www.instagram.com/missmariefit,missmariefit
Ruzmary,https://www.instagram.com/ruzcarol,ruzcarol
Ericka,https://www.instagram.com/erikaramirez153,erikaramirez153
Karma,https://www.instagram.com/karmabuchanann,karmabuchanann
Nikilee,https://www.instagram.com/nikilee,nikilee
Jacque,https://www.instagram.com/jxcquelinxx,jxcquelinxx
Deisy,https://www.instagram.com/dai_z_ee,dai_z_ee
Gabi,https://www.instagram.com/gabi.campbell,gabi.campbell
Zahra,https://www.instagram.com/_czahra_,_czahra_
Kania,https://www.instagram.com/kania.taylor,kania.taylor
Arib,https://www.instagram.com/aribitar,aribitar
Verlinda,https://www.instagram.com/verli_fit,verli_fit
Taneshia,https://www.instagram.com/taneshiam,taneshiam
Taylor,https://www.instagram.com/tayloreliseee,tayloreliseee
Jojo,https://www.instagram.com/ohhhjojo,ohhhjojo
Lex,https://www.instagram.com/lexxibarb,lexxibarb
Briana,https://www.instagram.com/itsbriibabe,itsbriibabe
Daisy,https://www.instagram.com/daisytjimenez,daisytjimenez
Michelle,https://www.instagram.com/chellekayy,chellekayy
Sherrezade,https://www.instagram.com/sherrezade_tm,sherrezade_tm
Isabel,https://www.instagram.com/k.arlaisabel,k.arlaisabel
Kearia,https://www.instagram.com/fitwkearia/,fitwkearia
Debby,https://www.instagram.com/getfitwithdeb_/,getfitwithdeb_
Julianna,https://www.instagram.com/julianna_messina/,julianna_messina
Alondra,https://www.instagram.com/alondrardiaz/,alondrardiaz
Takijah,https://www.instagram.com/takijah.rasheed/,takijah.rasheed
Jayden,https://www.instagram.com/fitnesswithjayd_/,fitnesswithjayd_
Courtney,https://www.instagram.com/courtvigfitness/,courtvigfitness
Minji,https://www.instagram.com/hello.itsminji/,hello.itsminji
Sydney,https://www.instagram.com/sydxc.fit/,sydxc.fit
Makalea,https://www.instagram.com/kahi.lifts/,kahi.lifts
Hannah,https://www.instagram.com/hannah_fit_lift/,hannah_fit_lift
Lauren,https://www.instagram.com/lauren_nicolefit/,lauren_nicolefit
Nessa,https://www.instagram.com/nessaxlifts/,nessaxlifts
Cheslea,https://www.instagram.com/savvysavit/,savvysavit
Stefani,https://www.instagram.com/stefanisassos/,stefanisassos
Bianca,https://www.instagram.com/bfit_perella/,bfit_perella
Rachel,https://www.instagram.com/rachelclousing/,rachelclousing
Audrey,https://www.instagram.com/audreybowmanfit/,audreybowmanfit
Ellie,https://www.instagram.com/elliehiller/,elliehiller
Giselle,https://www.instagram.com/gigithedopest/,gigithedopest
Kaylani,https://www.instagram.com/kay.lanilee/,kay.lanilee
Stephanie,https://www.instagram.com/sgfit.online/,sgfit.online
Savannah,https://www.instagram.com/shapedbysav/,shapedbysav
Deana,https://www.instagram.com/deanna.price/,deanna.price
Natalie,https://www.instagram.com/natalie_goodglutes/,natalie_goodglutes
Magan,https://www.instagram.com/maganmourad/,maganmourad
Aniella,https://www.instagram.com/aniella.d/,aniella.d
Sydnee,https://www.instagram.com/sydneeweinberg/,sydneeweinberg
Marissa,https://www.instagram.com/thiccfitwithriss/,thiccfitwithriss
Abi,https://www.instagram.com/delbarka/,delbarka
Anaya,https://www.instagram.com/aanaya.rogerss/,aanaya.rogerss
Emma,https://www.instagram.com/emmadonovanfit/,emmadonovanfit
Nicole,https://www.instagram.com/nicgolfs/,nicgolfs
Katrina,https://www.instagram.com/the.sleeved.rn/,the.sleeved.rn
,https://www.instagram.com/renowned.bod/,renowned.bod
Delia,https://www.instagram.com/_delia_elizabeth/,_delia_elizabeth
Jess,https://www.instagram.com/jessrightfitness/,jessrightfitness
Courtney,https://www.instagram.com/courtneyelggren/,courtneyelggren
Alex,https://www.instagram.com/aelbfit/,aelbfit
Lia,https://www.instagram.com/twinkie_bug_gymnast/,twinkie_bug_gymnast
Sophie,https://www.instagram.com/sophiewifts/,sophiewifts
Emma,https://www.instagram.com/emmabfitnhealthy/,emmabfitnhealthy
Roxy,https://www.instagram.com/roxysaraviaa/,roxysaraviaa
Shakira,https://www.instagram.com/kirajfit/,kirajfit
Lexi,https://www.instagram.com/lexitrains/,lexitrains
Katie,https://www.instagram.com/katie_america_/,katie_america_
Rubi,https://www.instagram.com/jennyaurah_/,jennyaurah_
Sharon,https://www.instagram.com/miss_beautiful_ross/,miss_beautiful_ross
Adele,https://www.instagram.com/an.athletes.appetite/,an.athletes.appetite
Lucero,https://www.instagram.com/luceritaxoxo/,luceritaxoxo
Claribel,https://www.instagram.com/_claricolee/,_claricolee
Masha,https://www.instagram.com/mashafigureskater/,mashafigureskater
Julia,https://www.instagram.com/jujustepan/,jujustepan
Giselle,https://www.instagram.com/gisss.ellle/,gisss.ellle
Madi,https://www.instagram.com/mln.pic/,mln.pic
Caroline,https://www.instagram.com/barolyfit/,barolyfit
Hannah,https://www.instagram.com/hannah_lthompson/,hannah_lthompson
Lexi,https://www.instagram.com/bittenby_lex/,bittenby_lex
Kaylanna,https://www.instagram.com/im_kaylana/,im_kaylana
Rachel,https://www.instagram.com/rachel.word/,rachel.word
Miranda,https://www.instagram.com/miranda_ulrey/,miranda_ulrey
Jessica,https://www.instagram.com/jessica.m.salvaggio/,jessica.m.salvaggio
Tee,https://www.instagram.com/coachtee_0/,coachtee_0
Darcy,https://www.instagram.com/darcygrumke/,darcygrumke
Crystal,https://www.instagram.com/mrsrealdealfit/,mrsrealdealfit
Rae,https://www.instagram.com/thefitrae/,thefitrae
Maria,https://www.instagram.com/mariaa_estraa/,mariaa_estraa
Carmel,https://www.instagram.com/curvesbycarmel/,curvesbycarmel
Krista,https://www.instagram.com/dr.kfazio/,dr.kfazio
Lauren,https://www.instagram.com/lauren_e_weeks/,lauren_e_weeks
Yasmin,https://www.instagram.com/yasmeen.tinsley/,yasmeen.tinsley
Maria,https://www.instagram.com/mandremoves/,mandremoves
Ashley,https://www.instagram.com/ashleyyladner/,ashleyyladner
Dianna,https://www.instagram.com/dihanajones/,dihanajones
Emily,https://www.instagram.com/itsemilylyons/,itsemilylyons
Haley,https://www.instagram.com/haleywright_fitt/,haleywright_fitt
Sydney,https://www.instagram.com/squiiid23/,squiiid23
Bre,https://www.instagram.com/b_livininbliss/,b_livininbliss
Brittany,https://www.instagram.com/justicebeeber/,justicebeeber
Brittni,https://www.instagram.com/brittnilanders/,brittnilanders
Kate,https://www.instagram.com/kkatenoel/,kkatenoel
T'Essence,https://www.instagram.com/misstphelps/,misstphelps
Maddie,https://www.instagram.com/maddie_oak/,maddie_oak
Cadence,https://www.instagram.com/cadence__lane/,cadence__lane
Dylan,https://www.instagram.com/dylanhernandezfit/,dylanhernandezfit
Jake,https://www.instagram.com/jake.rath/,jake.rath
Gavin,https://www.instagram.com/gavinstarck/,gavinstarck
Ethan,https://www.instagram.com/ethanmouzon/,ethanmouzon
Kameron,https://www.instagram.com/kameron_nelson/,kameron_nelson
Rakeem,https://www.instagram.com/rock.nationx2/,rock.nationx2
Jared,https://www.instagram.com/jaredshult/,jaredshult
Logan,https://www.instagram.com/loganpatete/,loganpatete
Dylan,https://www.instagram.com/dylanbrill21/,dylanbrill21
Nick,https://www.instagram.com/nick_oconnor__/,nick_oconnor__
Danny,https://www.instagram.com/danny13mendez/,danny13mendez
Curtis,https://www.instagram.com/lilcurtis3/,lilcurtis3
Nathaniel,https://www.instagram.com/nates.average.life/,nates.average.life
Reed,https://www.instagram.com/reedseid/,reedseid
Joel,https://www.instagram.com/fit25_j/,fit25_j
Sierra,https://www.instagram.com/sierraaab_fitness/,sierraaab_fitness
Keri-ann,https://www.instagram.com/keriannjamess/,keriannjamess
Shaquita,https://www.instagram.com/shaquitaaaa/,shaquitaaaa
Celica,https://www.instagram.com/ceciliaspicee/,ceciliaspicee
Mari,https://www.instagram.com/mariii.wellness/,mariii.wellness
Jourdan,https://www.instagram.com/jourdannn_14/,jourdannn_14
Jennifer,https://www.instagram.com/jennifermartinnn/,jennifermartinnn
Reuben,https://www.instagram.com/_reubencohen/,_reubencohen
Taylor,https://www.instagram.com/taytrace/,taytrace
Camille,https://www.instagram.com/camilleadamsrdn/,camilleadamsrdn
Michael,https://www.instagram.com/itsmikewill24/,itsmikewill24
Brielle,https://www.instagram.com/briellemoney/,briellemoney
Kim,https://www.instagram.com/nourish.withkim/,nourish.withkim
Sam,https://www.instagram.com/fitness_skoops/,fitness_skoops
Nina,https://www.instagram.com/sculptbynina/,sculptbynina
,https://www.instagram.com/rumblebumm/,rumblebumm
Siera,https://www.instagram.com/sieracapesius/,sieracapesius
Lo,https://www.instagram.com/lolothetrainer/,lolothetrainer
Drayden,https://www.instagram.com/drayden.bell/,drayden.bell
Lindsey,https://www.instagram.com/lp.fitnesscoaching_/,lp.fitnesscoaching_
Jose,https://www.instagram.com/joseclugo_/,joseclugo_
Sam,https://www.instagram.com/sam_phill/,sam_phill
Kendall,https://www.instagram.com/lifeofken___/,lifeofken___
Abigail,https://www.instagram.com/pbt.fitness/,pbt.fitness
Hope,https://www.instagram.com/hopes_fit_ifbbpro/,hopes_fit_ifbbpro
Emma,https://www.instagram.com/emmamadison_fit/,emmamadison_fit
Ava,https://www.instagram.com/avaaxe/,avaaxe
Jack,https://www.instagram.com/jackkknormannn/,jackkknormannn
Jules,https://www.instagram.com/itsjuleshunt/,itsjuleshunt
Danice,https://www.instagram.com/danicedanae/,danicedanae
Nikka,https://www.instagram.com/nikkafitt/,nikkafitt
DJ,https://www.instagram.com/_itsdj_/,_itsdj_
Tyler,https://www.instagram.com/imtylerseeley/,imtylerseeley
Jake,https://www.instagram.com/jakereevesfit/,jakereevesfit
Jessica,https://www.instagram.com/healthylifebyjess/,healthylifebyjess
,https://www.instagram.com/_htxn/,_htxn
Emily,https://www.instagram.com/liftin.mama/,liftin.mama
Carla,https://www.instagram.com/carlaigonzalezp/,carlaigonzalezp
Lily,https://www.instagram.com/coachlilyy_/,coachlilyy_
Janae,https://www.instagram.com/janaethorntonn/,janaethorntonn
Chloe,https://www.instagram.com/chloeabz/,chloeabz
Briana,https://www.instagram.com/bbrisayrath/,bbrisayrath
Holli,https://www.instagram.com/hollielliott_/,hollielliott_
Caitlin,https://www.instagram.com/cat60kg/,cat60kg
Giselle,https://www.instagram.com/gizzyxvera/,gizzyxvera
Natalie,https://www.instagram.com/nat.alie.dances/,nat.alie.dances
Veronica,https://www.instagram.com/veronicaaa.fit/,veronicaaa.fit
avery,https://www.instagram.com/avery_glantz/,avery_glantz
Myja,https://www.instagram.com/askmyj__/,askmyj__
Milana,https://www.instagram.com/milana_vlk/,milana_vlk
Bayleigh,https://www.instagram.com/baybartic/,baybartic
Lilly,https://www.instagram.com/toned_barbiee/,toned_barbiee
Sam,https://www.instagram.com/gymwithcruz/,gymwithcruz
Leila,https://www.instagram.com/leilafitjourney/,leilafitjourney
Joann,https://www.instagram.com/joannleigh/,joannleigh
Malia,https://www.instagram.com/iammaliawatson/,iammaliawatson
Brooke,https://www.instagram.com/breukfit/,breukfit
Jenny,https://www.instagram.com/jennnnnyfit/,jennnnnyfit
Shayle,https://www.instagram.com/shaylevalhalla/,shaylevalhalla
Carisma,https://www.instagram.com/fitnessrisma/,fitnessrisma
Darly,https://www.instagram.com/darlymurray/,darlymurray
Adriana,https://www.instagram.com/adre.fitness/,adre.fitness
Yessica,https://www.instagram.com/yessicasilva_10/,yessicasilva_10
Imari,https://www.instagram.com/imariangelic/,imariangelic
Caroline,https://www.instagram.com/carolinequinnlifts/,carolinequinnlifts
Ava,https://www.instagram.com/avarobar/,avarobar
Fendi,https://www.instagram.com/fendi.fitness/,fendi.fitness
Kerry,https://www.instagram.com/kiloswithkerry/,kiloswithkerry
Evelyn,https://www.instagram.com/evelin.amendano/,evelin.amendano
Kristen,https://www.instagram.com/kristenrunswild/,kristenrunswild
Emma,https://www.instagram.com/emma.squires10/,emma.squires10
Cali,https://www.instagram.com/cschweik/,cschweik
Juliette,https://www.instagram.com/juliettelh/,juliettelh
Addy,https://www.instagram.com/addyherman_/,addyherman_
Ibiso,https://www.instagram.com/ibiso.dw/,ibiso.dw
Cam,https://www.instagram.com/camerongracegains/,camerongracegains
Jamie,https://www.instagram.com/jamie.hines/,jamie.hines
Ahlaam,https://www.instagram.com/healthwithahlaam/,healthwithahlaam
Lauren,https://www.instagram.com/cptlaurenfit/,cptlaurenfit
Jackie,https://www.instagram.com/jackienychole/,jackienychole
Genna,https://www.instagram.com/genna.mollo/,genna.mollo
Alison,https://www.instagram.com/alisoncapra/,alisoncapra
Sophie,https://www.instagram.com/loaf__/,loaf__
Maria,https://www.instagram.com/mpoweredbymaria/,mpoweredbymaria
Tas,https://www.instagram.com/tassarlie/,tassarlie
Maggie,https://www.instagram.com/pump.med/,pump.med
Taylor,https://www.instagram.com/taylorcharie/,taylorcharie
Libby,https://www.instagram.com/libby.angle/,libby.angle
Ana,https://www.instagram.com/bodiedbyana/,bodiedbyana
Ceci,https://www.instagram.com/c.lean.fit/,c.lean.fit
Amber,https://www.instagram.com/amber_rees/,amber_rees
Sarah,https://www.instagram.com/sarahgracetoler/,sarahgracetoler
Tata,https://www.instagram.com/tatawalata_/,tatawalata_
Bella,https://www.instagram.com/bellaxanya/,bellaxanya
Vida,https://www.instagram.com/journeywithvi_/,journeywithvi_
Tamara,https://www.instagram.com/tamaraalak/,tamaraalak
JT,https://www.instagram.com/jt_chenoweth/,jt_chenoweth
Noah,https://www.instagram.com/__bignoah/,__bignoah
Cos,https://www.instagram.com/cosliftss/,cosliftss
Jeff,https://www.instagram.com/lordquads/,lordquads
Kyle,https://www.instagram.com/allelse.fit/,allelse.fit
Jimbo,https://www.instagram.com/jimboschannel/,jimboschannel
Gunna,https://www.instagram.com/gunnathelifta/,gunnathelifta
Ahmed,https://www.instagram.com/ahmifit/,ahmifit
Justin,https://www.instagram.com/justindom/,justindom
Kemari,https://www.instagram.com/kemaricopeland/,kemaricopeland
Joshua,https://www.instagram.com/joshxpo/,joshxpo
Chase,https://www.instagram.com/chaseranderson/,chaseranderson
Christian,https://www.instagram.com/_christianchilly_/,_christianchilly_
Rizzo,https://www.instagram.com/rizzo.runs/,rizzo.runs
Zach,https://www.instagram.com/zachgroverfit/,zachgroverfit
Yohann,https://www.instagram.com/yocalisthenics/,yocalisthenics
Wayne,https://www.instagram.com/waynecarmona_/,waynecarmona_
Dallas,https://www.instagram.com/dallas24montgomery/,dallas24montgomery
Fabian,https://www.instagram.com/fabiandiaz_sm/,fabiandiaz_sm
Cole,https://www.instagram.com/colegreashaber/,colegreashaber
Teziah,https://www.instagram.com/king_tzatziki.fit/,king_tzatziki.fit
Anon,https://www.instagram.com/anonmorris/,anonmorris
Bryce,https://www.instagram.com/bryce_witmer/,bryce_witmer
Jacob,https://www.instagram.com/jacobshalvey/,jacobshalvey
Jaishaun,https://www.instagram.com/jaishaunwhite/,jaishaunwhite
Luke,https://www.instagram.com/lukedwinters/,lukedwinters
Cal,https://www.instagram.com/caltolentino_/,caltolentino_
James,https://www.instagram.com/james_corrigan_/,james_corrigan_
,https://www.instagram.com/turkishturbo_/,turkishturbo_
Martin,https://www.instagram.com/martinmichael_/,martinmichael_
Reno,https://www.instagram.com/reno.james8/,reno.james8
Carson,https://www.instagram.com/carson.coop/,carson.coop
Mac,https://www.instagram.com/macforehand/,macforehand
Crosby,https://www.instagram.com/crosby_schlosser/,crosby_schlosser
Sean,https://www.instagram.com/seanjonesjr_/,seanjonesjr_
Anthony,https://www.instagram.com/anthonygross_/,anthonygross_
AB,https://www.instagram.com/ab.carbajal/,ab.carbajal
Yav,https://www.instagram.com/yavin.hines/,yavin.hines
Nate,https://www.instagram.com/salas.nate/,salas.nate
,https://www.instagram.com/easymoney615/,easymoney615
Kevin,https://www.instagram.com/_kevykevv/,_kevykevv
Austin,https://www.instagram.com/austingreto/,austingreto
Cam,https://www.instagram.com/cam_thecoach/,cam_thecoach
Jaquez,https://www.instagram.com/quezfit/,quezfit
Jonathan,https://www.instagram.com/jonathangettys3/,jonathangettys3
Aaron,https://www.instagram.com/asaptraining19/,asaptraining19
Abdalla,https://www.instagram.com/abdalla_atiyah/,abdalla_atiyah
Alec,https://www.instagram.com/alec2austin/,alec2austin
Cam,https://www.instagram.com/cam.montgomery1/,cam.montgomery1
Desmond,https://www.instagram.com/dckxng/,dckxng
Elijah,https://www.instagram.com/ejlifestyl/,ejlifestyl
Simen,https://www.instagram.com/simen_guttormsen/,simen_guttormsen
Luke,https://www.instagram.com/_lukedillon_/,_lukedillon_
,https://www.instagram.com/coach.attaway/,coach.attaway
Connor,https://www.instagram.com/jacoby.ftness/,jacoby.ftness
Luis,https://www.instagram.com/luisvdc/,luisvdc
Nate,https://www.instagram.com/nate.ackermann/,nate.ackermann
Angelo,https://www.instagram.com/angeloschaedler/,angeloschaedler
James,https://www.instagram.com/jameskellermvn/,jameskellermvn
Axel,https://www.instagram.com/axelayllon2/,axelayllon2
Mohamed,https://www.instagram.com/bensidhomm/,bensidhomm
Se'Vaughn,https://www.instagram.com/skibeeep/,skibeeep
Dillan,https://www.instagram.com/dillan_bennett/,dillan_bennett
Irena,https://www.instagram.com/siggudottir/,siggudottir
Julie,https://www.instagram.com/hi.julier/,hi.julier
Aracelies,https://www.instagram.com/officialxaracelies/,officialxaracelies
Flexi lexi,https://www.instagram.com/flexi.lexiiii_/,flexi.lexiiii_
Kimberly,https://www.instagram.com/kimberlyiwunzee/,kimberlyiwunzee
Jennie,https://www.instagram.com/jenniieg3_/,jenniieg3_
Bristyl,https://www.instagram.com/bridempseyy/,bridempseyy
Lily,https://www.instagram.com/lilyy.moon/,lilyy.moon
Casey,https://www.instagram.com/caseyshappyhealthy/,caseyshappyhealthy
Laken,https://www.instagram.com/lakenbrowning/,lakenbrowning
Diana,https://www.instagram.com/gainzgoddess/,gainzgoddess
Madison,https://www.instagram.com/madisondorsett_/,madisondorsett_
Bernie,https://www.instagram.com/bernielevv/,bernielevv
Cole,https://www.instagram.com/colemattera/,colemattera
Jenna,https://www.instagram.com/jenwestfitness/,jenwestfitness
Jharde,https://www.instagram.com/grndpilates/,grndpilates
Shelbi,https://www.instagram.com/shelbztye/,shelbztye
Jacquelene,https://www.instagram.com/jacquelenee_/,jacquelenee_
Kiara,https://www.instagram.com/kiarakyliee/,kiarakyliee
Abby,https://www.instagram.com/_abbyraymond/,_abbyraymond
Natalia,https://www.instagram.com/nataduquee/,nataduquee
Livia,https://www.instagram.com/livianieves/,livianieves
Ana,https://www.instagram.com/anvsofia/,anvsofia
Asia,https://www.instagram.com/asia.genesisfit/,asia.genesisfit
Sydney,https://www.instagram.com/slimfitsydd/,slimfitsydd
Nicole,https://www.instagram.com/nicolefit_24/,nicolefit_24
Belen,https://www.instagram.com/belengalilea3/,belengalilea3
Nkacy,https://www.instagram.com/nkacyfitness/,nkacyfitness
Alexandra,https://www.instagram.com/alexandravfit/,alexandravfit
Christina,https://www.instagram.com/mamaswole/,mamaswole
Yana,https://www.instagram.com/gymingwithyana/,gymingwithyana
Nia,https://www.instagram.com/niaadams.fit/,niaadams.fit
Sophie,https://www.instagram.com/sophiesappp/,sophiesappp
Luisana,https://www.instagram.com/luisiifit_/,luisiifit_
Cass,https://www.instagram.com/_simplycass/,_simplycass
Hannah,https://www.instagram.com/hdliftss/,hdliftss
Jordan,https://www.instagram.com/jordanrose.fit/,jordanrose.fit
Lexie,https://www.instagram.com/lexiemarie_3/,lexiemarie_3
Kels,https://www.instagram.com/kelsfittt/,kelsfittt
Grace,https://www.instagram.com/gracehaymond/,gracehaymond
Gabriella,https://www.instagram.com/gabriellaafit/,gabriellaafit
Nathalie,https://www.instagram.com/nathaliebabyy/,nathaliebabyy
Tykia,https://www.instagram.com/jusplainwinnin_/,jusplainwinnin_
Winona,https://www.instagram.com/winonaumali/,winonaumali
Ashley,https://www.instagram.com/theashleymantel/,theashleymantel
Natalie,https://www.instagram.com/nataliewideman/,nataliewideman
Maritza,https://www.instagram.com/maritzasanchez___/,maritzasanchez___
Emily,https://www.instagram.com/emwilsonfit/,emwilsonfit
Amanda,https://www.instagram.com/agoldfit/,agoldfit
Sarah,https://www.instagram.com/saridub/,saridub
Abby,https://www.instagram.com/abbygrimm_rd/,abbygrimm_rd
Esther,https://www.instagram.com/estherkim_moves/,estherkim_moves
Chandler,https://www.instagram.com/drchandlerhuskey/,drchandlerhuskey
Kayla,https://www.instagram.com/kayshae_10/,kayshae_10
Shelby,https://www.instagram.com/shelbyheintzelman/,shelbyheintzelman
Kelsey,https://www.instagram.com/kelseyymarieofficial/,kelseyymarieofficial
Cameron,https://www.instagram.com/cameronjane.dpt/,cameronjane.dpt
Natalie,https://www.instagram.com/growwithmenatalie/,growwithmenatalie
Lisa,https://www.instagram.com/lisasnowdenfitness/,lisasnowdenfitness
Liz,https://www.instagram.com/iamgirlrilla/,iamgirlrilla
Nicki,https://www.instagram.com/nickitee.fit/,nickitee.fit
Jacque,https://www.instagram.com/fiitwithjacque/,fiitwithjacque
Kayla,https://www.instagram.com/dr.kaylahamm/,dr.kaylahamm
Gabriela,https://www.instagram.com/gabrielamclain/,gabrielamclain
Ariele,https://www.instagram.com/_arieledavis/,_arieledavis
Dina,https://www.instagram.com/dinaalrubaye/,dinaalrubaye
Lauren,https://www.instagram.com/lauren_janyne/,lauren_janyne
Mikayla,https://www.instagram.com/likeafoss/,likeafoss
Sarah,https://www.instagram.com/sarahb.fitnesss/,sarahb.fitnesss
Erica,https://www.instagram.com/ericalphillips/,ericalphillips
Anna,https://www.instagram.com/thebalancedmama/,thebalancedmama
Lauren,https://www.instagram.com/lauren.rantala/,lauren.rantala
Dani,https://www.instagram.com/dani_bcoleman/,dani_bcoleman
Jenny,https://www.instagram.com/jennylgenato/,jennylgenato
Tara,https://www.instagram.com/tarakranzel/,tarakranzel
Jordan,https://www.instagram.com/jordiebefit/,jordiebefit
Madi,https://www.instagram.com/trainwithmads/,trainwithmads
Sam,https://www.instagram.com/sambelliveauu/,sambelliveauu
Alexandria,https://www.instagram.com/glaudealex/,glaudealex
Taylor,https://www.instagram.com/tayyydove/,tayyydove
Dani,https://www.instagram.com/daniferreirafit_/,daniferreirafit_
Paige,https://www.instagram.com/paigecaitgallardo/,paigecaitgallardo
Yana,https://www.instagram.com/yanaaaaaak/,yanaaaaaak
Mayrena,https://www.instagram.com/mayrenaisamar/,mayrenaisamar
Brittany,https://www.instagram.com/brittanyberrard/,brittanyberrard
Ashley,https://www.instagram.com/legg_day/,legg_day
Daniela,https://www.instagram.com/daniellaalfonso/,daniellaalfonso
Kourtney,https://www.instagram.com/thecybersecuritybabe/,thecybersecuritybabe
Paola,https://www.instagram.com/paolacolonpr/,paolacolonpr
Jordyn,https://www.instagram.com/jordynolsen/,jordynolsen
Meena,https://www.instagram.com/issssalifestyle/,issssalifestyle
Sydney,https://www.instagram.com/sydneyerinfox/,sydneyerinfox
Katty,https://www.instagram.com/katty.powery/,katty.powery
Paula,https://www.instagram.com/paulasmithfitness,paulasmithfitness
Noelle,https://www.instagram.com/bodybynoelle/,bodybynoelle
Kristin,https://www.instagram.com/bitedowncoaching,bitedowncoaching
Meredith,https://www.instagram.com/meredithevangelisti,meredithevangelisti
Toni,https://www.instagram.com/finefitfitness_/,finefitfitness_
Kristi,https://www.instagram.com/fitlvfitnessandnutrition/,fitlvfitnessandnutrition
Amanda,https://www.instagram.com/pilates_by_amanda/,pilates_by_amanda
Les,https://www.instagram.com/lesalfred/,lesalfred
Gracie,https://www.instagram.com/gracieabercrombie/,gracieabercrombie
Kaitlin,https://www.instagram.com/kaitsss/,kaitsss
Darian,https://www.instagram.com/babydarian/,babydarian
Ivy,https://www.instagram.com/ivyledon/,ivyledon
Kalyn,https://www.instagram.com/kalynvalerie_/,kalynvalerie_
Candela,https://www.instagram.com/candelacimino/,candelacimino
Lily,https://www.instagram.com/lilpohl/,lilpohl
Vania,https://www.instagram.com/__melissamelissa_/,__melissamelissa_
Ashley,https://www.instagram.com/cashleymari3/,cashleymari3
Taylor,https://www.instagram.com/taylorlawsoncox/,taylorlawsoncox
Taylor,https://www.instagram.com/taylornniemi/,taylornniemi
Angela,https://www.instagram.com/angelaaxrenee/,angelaaxrenee
Bre,https://www.instagram.com/breonley/,breonley
Chelsea,https://www.instagram.com/chellabella_fit/,chellabella_fit
Kristin,https://www.instagram.com/kristinnlang/,kristinnlang
Mads,https://www.instagram.com/missmadelineee/,missmadelineee
Danii,https://www.instagram.com/daniirwin13/,daniirwin13
Courtney,https://www.instagram.com/courtball/,courtball
Shayne,https://www.instagram.com/shaynecerebe_/,shaynecerebe_
Rachel,https://www.instagram.com/rachel_mar5fit/,rachel_mar5fit
Tatiana,https://www.instagram.com/_tatianaforbes/,_tatianaforbes
Amanda,https://www.instagram.com/trainwithamandajane/,trainwithamandajane
Maria,https://www.instagram.com/runningmyselftogether/,runningmyselftogether
Feeroozeh,https://www.instagram.com/fee.saghafi/,fee.saghafi
Katherine,https://www.instagram.com/fastandflow_/,fastandflow_
Carolina,https://www.instagram.com/thecarolinalifestyle,thecarolinalifestyle
Kristina,https://www.instagram.com/dr.kristinatelhami,dr.kristinatelhami
Julie,https://www.instagram.com/julielawfit,julielawfit
Abby,https://www.instagram.com/abbyhenryhealth,abbyhenryhealth
Emily,https://www.instagram.com/emknuth/,emknuth
Carey,https://www.instagram.com/careytini/,careytini
Lulu,https://www.instagram.com/obviouslylucero1998/,obviouslylucero1998
Jessica,https://www.instagram.com/jessicageneclark,jessicageneclark
Olivia,https://www.instagram.com/oliviajewelfit/,oliviajewelfit
Adeline,https://www.instagram.com/adelinetoddd/,adelinetoddd
Audi,https://www.instagram.com/audi.ferrin/,audi.ferrin
Christen,https://www.instagram.com/christennnnn5,christennnnn5
Jenny,https://www.instagram.com/jennyrichfit,jennyrichfit
Erin,https://www.instagram.com/shutup_eat,shutup_eat
Lillie,https://www.instagram.com/lillie_kane_/,lillie_kane_
Saarah,https://www.instagram.com/beautymomme/,beautymomme
Nayiri,https://www.instagram.com/dr.khatch/,dr.khatch
Brittney,https://www.instagram.com/thebrittsterrr/,thebrittsterrr
Sophie,https://www.instagram.com/sophieuliano/,sophieuliano
Julie,https://www.instagram.com/nourish_nutrition/,nourish_nutrition
Donna,https://www.instagram.com/donna.bartoli/,donna.bartoli
Olivia,https://www.instagram.com/liv.ingwell/,liv.ingwell
Shally,https://www.instagram.com/shallyway/,shallyway
Whitney,https://www.instagram.com/restored_nutrition,restored_nutrition
Bri,https://www.instagram.com/briannalamb,briannalamb
Laura,https://www.instagram.com/lauracoones,lauracoones
Hailey,https://www.instagram.com/life.with.hai/,life.with.hai
Kallee,https://www.instagram.com/kalleew.fit/,kalleew.fit
Brittany,https://www.instagram.com/brittanymhammond/,brittanymhammond
Laurie,https://www.instagram.com/lauriechristinetongate/,lauriechristinetongate
Victoria,https://www.instagram.com/victoriaposner/,victoriaposner
Katharine,https://www.instagram.com/ka.tha.rine/,ka.tha.rine
Jillian,https://www.instagram.com/jilliankeaveny/,jilliankeaveny
Evana,https://www.instagram.com/evanagetfit/,evanagetfit
Kaili,https://www.instagram.com/measuremewhole/,measuremewhole
Alicia,https://www.instagram.com/coach_aliciaj/,coach_aliciaj
Jamie,https://www.instagram.com/jpetfitnis/,jpetfitnis
Ann & Lo,https://www.instagram.com/minnyhustlers/,minnyhustlers
Erica,https://www.instagram.com/ericanicolefit/,ericanicolefit
Kristina,https://www.instagram.com/_kristinahendricks/,_kristinahendricks
Erin,https://www.instagram.com/recoverwitherinn/,recoverwitherinn
Seemah,https://www.instagram.com/aseemahmills/,aseemahmills
Lindsay,https://www.instagram.com/lindseytheholisticmama/,lindseytheholisticmama
Chase,https://www.instagram.com/chasejosephson/,chasejosephson
Josh,https://www.instagram.com/joshwroblewski/,joshwroblewski
David,https://www.instagram.com/davidjypark/,davidjypark
Sky,https://www.instagram.com/sky_doro/,sky_doro
Matthew,https://www.instagram.com/_mattmcdonough_/,_mattmcdonough_
Wesley,https://www.instagram.com/wesleyfuckingdang/,wesleyfuckingdang
Jesse,https://www.instagram.com/drjessekader/,drjessekader
Kenzy,https://www.instagram.com/kenzyfitness/,kenzyfitness
Niel,https://www.instagram.com/nielfitnesss/,nielfitnesss
Brandon,https://www.instagram.com/brandon_dpt/,brandon_dpt
John,https://www.instagram.com/johnmarshallnielson/,johnmarshallnielson
Nimai,https://www.instagram.com/nimai_manrique/,nimai_manrique
Michael,https://www.instagram.com/lescano_michael/,lescano_michael
Noah,https://www.instagram.com/noahhxnry/,noahhxnry
Eric,https://www.instagram.com/smeric17/,smeric17
Ray,https://www.instagram.com/theraywalker/,theraywalker
Charlie,https://www.instagram.com/lawrence_char/,lawrence_char
Tom,https://www.instagram.com/tom.r.black/,tom.r.black
Nick,https://www.instagram.com/nickhauger12/,nickhauger12
Mikey,https://www.instagram.com/mikey.mitch/,mikey.mitch
Tyler,https://www.instagram.com/tyler.sarkisian/,tyler.sarkisian
Rob,https://www.instagram.com/rob.prez/,rob.prez
Hunter,https://www.instagram.com/huntercchildress/,huntercchildress
Cal,https://www.instagram.com/calcalamia/,calcalamia
Jarrhett,https://www.instagram.com/iamjarrhettbutler/,iamjarrhettbutler
Peter,https://www.instagram.com/petermolinaa/,petermolinaa
Cole,https://www.instagram.com/colepaton/,colepaton
Ryan,https://www.instagram.com/ryanmiller34/,ryanmiller34
Mason,https://www.instagram.com/buffrunner/,buffrunner
Kody,https://www.instagram.com/kodythompson_/,kodythompson_
Osvaldo,https://www.instagram.com/osvaaaldoh/,osvaaaldoh
Nick,https://www.instagram.com/nickarrington/,nickarrington
Bronson,https://www.instagram.com/bronsonholbeck/,bronsonholbeck
Tran,https://www.instagram.com/tranxtruong/,tranxtruong
Elliot,https://www.instagram.com/elliot_bach_tri/,elliot_bach_tri
Jake,https://www.instagram.com/jakebenderfit/,jakebenderfit
Rudy,https://www.instagram.com/rudyvonberg/,rudyvonberg
Justin,https://www.instagram.com/bigmetztri/,bigmetztri
Brian,https://www.instagram.com/b_orr21/,b_orr21
Joe,https://www.instagram.com/joeblanchetfitness/,joeblanchetfitness
Isaac,https://www.instagram.com/isaac.discipline/,isaac.discipline
John,https://www.instagram.com/jack.d_fitness/,jack.d_fitness
Paul,https://www.instagram.com/paulcoulsoncoaching/,paulcoulsoncoaching
Jason,https://www.instagram.com/jasongrossman/,jasongrossman
Michael,https://www.instagram.com/striveforgreatness23/,striveforgreatness23
Lucas,https://www.instagram.com/lucasdoney/,lucasdoney
Lalo,https://www.instagram.com/fitbylalo/,fitbylalo
Eli,https://www.instagram.com/coach_elifit/,coach_elifit
Ian,https://www.instagram.com/ianschinelli/,ianschinelli
Andrew,https://www.instagram.com/andrewholmesfit/,andrewholmesfit
Matteo,https://www.instagram.com/matteo_mitchell/,matteo_mitchell
Tom,https://www.instagram.com/tomdegiuli/,tomdegiuli
Zach,https://www.instagram.com/zachturnure/,zachturnure
David,https://www.instagram.com/davidsiik/,davidsiik
Chris,https://www.instagram.com/irunfortacos/,irunfortacos
Cody,https://www.instagram.com/codytaggart_/,codytaggart_
Olan,https://www.instagram.com/olan.adeyemi/,olan.adeyemi
Kyle,https://www.instagram.com/_butch.82/,_butch.82
Erik,https://www.instagram.com/esowinski/,esowinski
Tin,https://www.instagram.com/tinnuen/,tinnuen
Christian,https://www.instagram.com/little_nobes/,little_nobes
Isaac,https://www.instagram.com/isaactortorella/,isaactortorella
Preston,https://www.instagram.com/coach_p_scott/,coach_p_scott
Graham,https://www.instagram.com/graham_voted_for_pedro/,graham_voted_for_pedro
Christopher Adam,https://www.instagram.com/adaammm__/,adaammm__
Sheldon,https://www.instagram.com/_sheldontucker/,_sheldontucker
Craig,https://www.instagram.com/craigathor/,craigathor
Max,https://www.instagram.com/max_guyer/,max_guyer
James,https://www.instagram.com/itsjamesharden/,itsjamesharden
Javier,https://www.instagram.com/spartankilljoy/,spartankilljoy
Reese,https://www.instagram.com/reesevannerson/,reesevannerson
Justin,https://www.instagram.com/justinriele/,justinriele
William,https://www.instagram.com/william_pillow/,william_pillow
Donny,https://www.instagram.com/donny_mallin/,donny_mallin
Thomas,https://www.instagram.com/legendary_pasos/,legendary_pasos
Thomas,https://www.instagram.com/norman__rivera/,norman__rivera
Michelle,https://www.instagram.com/michellepillepichnutrition/,michellepillepichnutrition
Nicki,https://www.instagram.com/nickifiiit/,nickifiiit
Shalini,https://www.instagram.com/praytraingrow/,praytraingrow
Darlene,https://www.instagram.com/darlenenicolee/,darlenenicolee
Noelle,https://www.instagram.com/noelle_m/,noelle_m
Taylor,https://www.instagram.com/_taylordlowery/,_taylordlowery
Trish,https://www.instagram.com/trish.pogue/,trish.pogue
Danielle,https://www.instagram.com/greenjuicemami/,greenjuicemami
Taylor,https://www.instagram.com/taylor.dean7/,taylor.dean7
Rebecca,https://www.instagram.com/styledbyrebs/,styledbyrebs
Shay,https://www.instagram.com/sweatwithshay_/,sweatwithshay_
Nicole,https://www.instagram.com/nicolexboscan/,nicolexboscan
Priscilla,https://www.instagram.com/priscillaquiroz/,priscillaquiroz
Callie,https://www.instagram.com/calliegool/,calliegool
Nikol,https://www.instagram.com/nikolitaa.a/,nikolitaa.a
Addie,https://www.instagram.com/addietfit/,addietfit
Sara,https://www.instagram.com/lilbufftrex/,lilbufftrex
Elena,https://www.instagram.com/elenamiaou/,elenamiaou
Meg,https://www.instagram.com/livewellthi/,livewellthi
Ashley,https://www.instagram.com/ashleywarady1/,ashleywarady1
Taylor,https://www.instagram.com/plantedtay/,plantedtay
Ella,https://www.instagram.com/ellasanni15/,ellasanni15
Shaylee,https://www.instagram.com/shayleeungosvb/,shayleeungosvb
Hazel,https://www.instagram.com/hazeltug/,hazeltug
Jean,https://www.instagram.com/yogaajean/,yogaajean
Rylee,https://www.instagram.com/lifewithryleee/,lifewithryleee
Paulina,https://www.instagram.com/nutritionbypaulina/,nutritionbypaulina
Alessandra,https://www.instagram.com/healthbyale/,healthbyale
Trenelle,https://www.instagram.com/trenellemonet/,trenellemonet
Norah,https://www.instagram.com/nutritionwithnorah/,nutritionwithnorah
Diane,https://www.instagram.com/dianeteall/,dianeteall
Madison,https://www.instagram.com/dietitian.madison/,dietitian.madison
Chanel,https://www.instagram.com/chanel.kenner.nutrition/,chanel.kenner.nutrition
Angie,https://www.instagram.com/ahugandquiche/,ahugandquiche
Tiffany,https://www.instagram.com/tiffanyma_rdn/,tiffanyma_rdn
April,https://www.instagram.com/the_addition_dietitian/,the_addition_dietitian
Helen,https://www.instagram.com/helenmxriee/,helenmxriee
Gina,https://www.instagram.com/giinalenoci/,giinalenoci
Mary,https://www.instagram.com/movementbymary/,movementbymary
Courtney,https://www.instagram.com/the.royalcourt/,the.royalcourt
Renee,https://www.instagram.com/naldinerenee/,naldinerenee
Lucy,https://www.instagram.com/_love.lucyy/,_love.lucyy
Isabella,https://www.instagram.com/isabellajoliefit/,isabellajoliefit
Katie,https://www.instagram.com/beastbarbie_/,beastbarbie_
Anana,https://www.instagram.com/alanacaylasmith/,alanacaylasmith
Isoke,https://www.instagram.com/sokemluq/,sokemluq
Marina,https://www.instagram.com/pilateswithmarina/,pilateswithmarina
Emily,https://www.instagram.com/emilyyfit__/,emilyyfit__
Lay,https://www.instagram.com/body_slayah/,body_slayah
Aylss,https://www.instagram.com/alyssfitchacon/,alyssfitchacon
Gabriella,https://www.instagram.com/gabimendozza/,gabimendozza
Devin,https://www.instagram.com/devinschooley/,devinschooley
Alysson,https://www.instagram.com/activelyaly/,activelyaly
Paulina,https://www.instagram.com/fit.bypau/,fit.bypau
Lolo,https://www.instagram.com/lolo.janee/,lolo.janee
Robin,https://www.instagram.com/robinmarielong/,robinmarielong
Starla,https://www.instagram.com/running.dietitian.starla/,running.dietitian.starla
Shyla,https://www.instagram.com/healthyshyla/,healthyshyla
Kat,https://www.instagram.com/katb_wellness/,katb_wellness
Emma,https://www.instagram.com/itsemmaduncan/,itsemmaduncan
Tara,https://www.instagram.com/trainwithtee/,trainwithtee
Rachel,https://www.instagram.com/thoughtfulnutrition/,thoughtfulnutrition
Alessa,https://www.instagram.com/a_scarone/,a_scarone
Alexa,https://www.instagram.com/alexalaurenclayton/,alexalaurenclayton
Ramona,https://www.instagram.com/ramonacarla/,ramonacarla
Hannah,https://www.instagram.com/dietitian.hannah/,dietitian.hannah
Nathalia,https://www.instagram.com/nathaliadventures/,nathaliadventures
Virginia,https://www.instagram.com/virginiacasoc/,virginiacasoc
Jeri,https://www.instagram.com/wishfulplate/,wishfulplate
Madison,https://www.instagram.com/madison_lydia/,madison_lydia
Di,https://www.instagram.com/dinekaa/,dinekaa
Maegan,https://www.instagram.com/maeginscrubs/,maeginscrubs
Isoken,https://www.instagram.com/slay.iso/,slay.iso
Taylor,https://www.instagram.com/taylorhannagan/,taylorhannagan
Jade,https://www.instagram.com/jadeemariel/,jadeemariel
Claire,https://www.instagram.com/clairealmondd/,clairealmondd
Erika,https://www.instagram.com/lamonacalifestyle/,lamonacalifestyle
Riya,https://www.instagram.com/riyapatel_/,riyapatel_
Jenna,https://www.instagram.com/happystronghealthy.rd/,happystronghealthy.rd
Eunice,https://www.instagram.com/eunicempark/,eunicempark
Vanessa,https://www.instagram.com/nessaafitness/,nessaafitness
Lindsay,https://www.instagram.com/linds.cervantes/,linds.cervantes
Macy,https://www.instagram.com/macynow123/,macynow123
Emma,https://www.instagram.com/emmabrennecke/,emmabrennecke
Valerie,https://www.instagram.com/valerieribon/,valerieribon
Alexa,https://www.instagram.com/intunewithalexa/,intunewithalexa
Maddie,https://www.instagram.com/maddiecostantino/,maddiecostantino
Lauren,https://www.instagram.com/sofreshnsogreeeeen/,sofreshnsogreeeeen
Lilit,https://www.instagram.com/lilityousefiann/,lilityousefiann
Mia,https://www.instagram.com/mia_shpirer/,mia_shpirer
Kay,https://www.instagram.com/kaylaprincipato/,kaylaprincipato
Gigi,https://www.instagram.com/magneticgirlfit/,magneticgirlfit
Maria,https://www.instagram.com/mariarives_/,mariarives_
Nadia,https://www.instagram.com/nadiarodriguez.rn/,nadiarodriguez.rn
Arabella,https://www.instagram.com/arabella.overton/,arabella.overton
Leigh,https://www.instagram.com/leighannabuckley/,leighannabuckley
Katie,https://www.instagram.com/katie.bevington/,katie.bevington
Lex,https://www.instagram.com/glowingandwell/,glowingandwell
Mai,https://www.instagram.com/maibody/,maibody
Madeline,https://www.instagram.com/madelinemary__/,madelinemary__
Jewel,https://www.instagram.com/jewelsie_j/,jewelsie_j
Carina,https://www.instagram.com/carinam.fit/,carinam.fit
Anne,https://www.instagram.com/conscious_mommy/,conscious_mommy
Michelle,https://www.instagram.com/girlwiththefakeredhair/,girlwiththefakeredhair
Genaa,https://www.instagram.com/bee.genaa/,bee.genaa
Melissa,https://www.instagram.com/manifestingpuravida/,manifestingpuravida
Lindsay,https://www.instagram.com/thelindsayperry/,thelindsayperry
Desb,https://www.instagram.com/notjustanothermom_/,notjustanothermom_
Brady,https://www.instagram.com/brady_smiith/,brady_smiith
Mia,https://www.instagram.com/miaamartinii/,miaamartinii
Skye,https://www.instagram.com/skyeleah_/,skyeleah_
Ashtin,https://www.instagram.com/ashtinseatonfit/,ashtinseatonfit
Alex,https://www.instagram.com/alexhanan_/,alexhanan_
Sofie,https://www.instagram.com/sofiestg/,sofiestg
Brooke,https://www.instagram.com/thewellnourishedmama_/,thewellnourishedmama_
Carson,https://www.instagram.com/carsonkelber/,carsonkelber
Courtney,https://www.instagram.com/heycourtneybrooke/,heycourtneybrooke
Levi,https://www.instagram.com/levihbriggs/,levihbriggs
Susie,https://www.instagram.com/susie.riveraa/,susie.riveraa
Alina,https://www.instagram.com/alina.align/,alina.align
Lindsay,https://www.instagram.com/lindsayyhopkins/,lindsayyhopkins
Hally,https://www.instagram.com/livenourishedcoaching/,livenourishedcoaching
Sophie,https://www.instagram.com/sophiediloreto_/,sophiediloreto_
Caro,https://www.instagram.com/lacarolinadelsur/,lacarolinadelsur
Shazie,https://www.instagram.com/shazieshazzz/,shazieshazzz
Bianca,https://www.instagram.com/biancatijiani/,biancatijiani
Celest,https://www.instagram.com/celestrayanne_/,celestrayanne_
Jennifer,https://www.instagram.com/jennperezmiller/,jennperezmiller
Chenita,https://www.instagram.com/nitaaa.v/,nitaaa.v
Izzy,https://www.instagram.com/livinwithiz/,livinwithiz
Jasmine,https://www.instagram.com/jasglover_/,jasglover_
Kika,https://www.instagram.com/kikaalofit/,kikaalofit
Kim,https://www.instagram.com/kim.cakess/,kim.cakess
Mike,https://www.instagram.com/chefmikie_/,chefmikie_
Laura,https://www.instagram.com/_laurashley/,_laurashley
Grace,https://www.instagram.com/grace_lanker/,grace_lanker
Sam,https://www.instagram.com/samozkural/,samozkural
Ashley,https://www.instagram.com/bossfidence/,bossfidence
Nathalie,https://www.instagram.com/nathaliecfit/,nathaliecfit
Lilush,https://www.instagram.com/lilushsdiary/,lilushsdiary
Kennedy,https://www.instagram.com/kennhat.fit/,kennhat.fit
Nia,https://www.instagram.com/niagatica/,niagatica
Diana,https://www.instagram.com/diaryofacrunchymom/,diaryofacrunchymom
Loryn,https://www.instagram.com/loryn.goodwin/,loryn.goodwin
Monica,https://www.instagram.com/saltandsagenutrition/,saltandsagenutrition
Charlene,https://www.instagram.com/charleneangelicc/,charleneangelicc
Chelsey,https://www.instagram.com/chelseypecoy/,chelseypecoy
Saphira,https://www.instagram.com/being.saphira/,being.saphira
Lunica,https://www.instagram.com/yourfitsisinchrist/,yourfitsisinchrist
Mary beth,https://www.instagram.com/mb.mv/,mb.mv
Neha,https://www.instagram.com/nehas_wrld/,nehas_wrld
Lauren,https://www.instagram.com/laurenashliie/,laurenashliie
Emily,https://www.instagram.com/nurtured_little_nest/,nurtured_little_nest
Kelvin,https://www.instagram.com/king._kelvin/,king._kelvin
Jess,https://www.instagram.com/jesshutchensfit/,jesshutchensfit
Sarah,https://www.instagram.com/sarahhguerra_/,sarahhguerra_
Tori,https://www.instagram.com/notoriaous_/,notoriaous_
Gabrielle,https://www.instagram.com/gabrielleestuart/,gabrielleestuart
Anim,https://www.instagram.com/animaweh/,animaweh
Tyla,https://www.instagram.com/_tylagomez/,_tylagomez
Trey,https://www.instagram.com/sp33dfit/,sp33dfit
Raven,https://www.instagram.com/raveaboutme/,raveaboutme
Golriz,https://www.instagram.com/golrizdesigngroup/,golrizdesigngroup
Chelsea,https://www.instagram.com/chelslwilde/,chelslwilde
Jen,https://www.instagram.com/counterculturemama/,counterculturemama
Elizabeth,https://www.instagram.com/fitlizz/,fitlizz
Chelsea,https://www.instagram.com/chelmags/,chelmags
Kendall,https://www.instagram.com/kendallmariez/,kendallmariez
Sara,https://www.instagram.com/thewellmom.sara/,thewellmom.sara
Lauryn,https://www.instagram.com/laurynchayce/,laurynchayce
Makaela,https://www.instagram.com/mikaelawillson/,mikaelawillson
Sydnee,https://www.instagram.com/soulofsydnee/,soulofsydnee
Meghan,https://www.instagram.com/meghan_hayden_/,meghan_hayden_
Yohanna,https://www.instagram.com/yohannatedros/,yohannatedros
Aimee,https://www.instagram.com/aimzwat/,aimzwat
Alayna,https://www.instagram.com/alaynagswizzle/,alaynagswizzle
Stephany,https://www.instagram.com/itsstephanymendez/,itsstephanymendez
Tony,https://www.instagram.com/mediterranean__wellness/,mediterranean__wellness
Gem,https://www.instagram.com/cutlikeagem/,cutlikeagem
Taylor,https://www.instagram.com/trainedby.tay/,trainedby.tay
Jocelyn,https://www.instagram.com/jocelynkakalecik/,jocelynkakalecik
Prina,https://www.instagram.com/prina_fit/,prina_fit
Gabby,https://www.instagram.com/gabbylgeorge/,gabbylgeorge
Angelino,https://www.instagram.com/ckmni/,ckmni
Emily,https://www.instagram.com/thequadgirl_/,thequadgirl_
Beth,https://www.instagram.com/bepfit_/,bepfit_
Lucy,https://www.instagram.com/lucywinning/,lucywinning
Lauren,https://www.instagram.com/laurenknott_fit/,laurenknott_fit
Hailey,https://www.instagram.com/healthwithailey/,healthwithailey
Caroline,https://www.instagram.com/caroline_dettman/,caroline_dettman
Paige,https://www.instagram.com/progressbypaige/,progressbypaige
Shadae,https://www.instagram.com/sblaz33/,sblaz33
Samara,https://www.instagram.com/mindfulnessmatters/,mindfulnessmatters
Anissa,https://www.instagram.com/anissariggs/,anissariggs
Kai,https://www.instagram.com/loveyourzkai/,loveyourzkai
Kaitlin,https://www.instagram.com/kaitlinzheng/,kaitlinzheng
Alicia,https://www.instagram.com/alicol_/,alicol_
Chrissy,https://www.instagram.com/chrissyharlesss/,chrissyharlesss
Lex,https://www.instagram.com/alexahirschberg/,alexahirschberg
Taylor,https://www.instagram.com/tayloraisabelle/,tayloraisabelle
Kayte,https://www.instagram.com/kayteportillo/,kayteportillo
Alexa,https://www.instagram.com/alexaesco/,alexaesco
Isabella,https://www.instagram.com/bitsy.bella/,bitsy.bella
Kim,https://www.instagram.com/bellenoelpierre/,bellenoelpierre
Chloe,https://www.instagram.com/chloejroy/,chloejroy
Johanna,https://www.instagram.com/__johannacorrea/,__johannacorrea
Alysia,https://www.instagram.com/alysiamontano/,alysiamontano
Leigh,https://www.instagram.com/leighlezark/,leighlezark
Haley,https://www.instagram.com/wut_tha_hales/,wut_tha_hales
Kristyn,https://www.instagram.com/kristynnoellie/,kristynnoellie
Joana,https://www.instagram.com/thatcatholicmama/,thatcatholicmama
Alexandra,https://www.instagram.com/_alexandradawson/,_alexandradawson
Tawnee,https://www.instagram.com/itstawneekay/,itstawneekay
Cassie,https://www.instagram.com/cassiehuntwellness/,cassiehuntwellness
Gigi,https://www.instagram.com/gigimeyerpruett/,gigimeyerpruett
Tara,https://www.instagram.com/taraloop_/,taraloop_
Krissy,https://www.instagram.com/krissy.kasper34/,krissy.kasper34
Lina,https://www.instagram.com/linaburnett_/,linaburnett_
Karina,https://www.instagram.com/kokoslifestyle_/,kokoslifestyle_
Andrea,https://www.instagram.com/dreaa_x0/,dreaa_x0
Danni,https://www.instagram.com/danniloxx/,danniloxx
Ashley,https://www.instagram.com/ashleymeghanpeters/,ashleymeghanpeters
Tarena,https://www.instagram.com/lovingbeing_t/,lovingbeing_t
Raquel,https://www.instagram.com/iamraquelashleey/,iamraquelashleey
Julie,https://www.instagram.com/jujuuuu/,jujuuuu
Katie,https://www.instagram.com/katiee.george/,katiee.george
Macie,https://www.instagram.com/macieeabernathy/,macieeabernathy
Brielle,https://www.instagram.com/brielle.cherie/,brielle.cherie
Laryn,https://www.instagram.com/thisislaryn/,thisislaryn
McCall,https://www.instagram.com/baby_cally/,baby_cally
Gabby,https://www.instagram.com/gabbyblakelyy/,gabbyblakelyy
Grace,https://www.instagram.com/lipsticksndlattes/,lipsticksndlattes
Lauryn,https://www.instagram.com/laurynmc/,laurynmc
Madison,https://www.instagram.com/madisonlblock/,madisonlblock
Meredith,https://www.instagram.com/foodie_girlmama/,foodie_girlmama
Chelsey,https://www.instagram.com/chelspeek/,chelspeek
Britney,https://www.instagram.com/britneydelsol/,britneydelsol
Sarah,https://www.instagram.com/thebiggersthebetterr/,thebiggersthebetterr
Ariel,https://www.instagram.com/ariellvidall/,ariellvidall
Kamylle,https://www.instagram.com/kamylleray/,kamylleray
Alitzah,https://www.instagram.com/alitzahstinson/,alitzahstinson
Dayana,https://www.instagram.com/0g.ana/,0g.ana
Erin,https://www.instagram.com/erinprince4ever/,erinprince4ever
Keri,https://www.instagram.com/_iiimkeriphipps/,_iiimkeriphipps
Caitlin,https://www.instagram.com/savvylatinaaa/,savvylatinaaa
Rachael,https://www.instagram.com/rachsomp/,rachsomp
Mariah,https://www.instagram.com/mariah.barents/,mariah.barents
,https://www.instagram.com/queendeleon/,queendeleon
Brianna,https://www.instagram.com/briannabado/,briannabado
Chelsea,https://www.instagram.com/chelseamazur_/,chelseamazur_
Katie,https://www.instagram.com/katiedclark0/,katiedclark0
Ellie,https://www.instagram.com/elizabeth.gervais/,elizabeth.gervais
Stacy,https://www.instagram.com/stacyamorr/,stacyamorr
Emily,https://www.instagram.com/emchan13/,emchan13
Marissa,https://www.instagram.com/_mama.marissa_/,_mama.marissa_
Nurka,https://www.instagram.com/the_lucevic_family/,the_lucevic_family
Hannah,https://www.instagram.com/blacklacebeauty/,blacklacebeauty
Danielle,https://www.instagram.com/daniellealanareyes/,daniellealanareyes
Zanadia,https://www.instagram.com/za.nadiaa/,za.nadiaa
Marion,https://www.instagram.com/marionnfelix/,marionnfelix
Nimah,https://www.instagram.com/nimah.sj/,nimah.sj
Hassanah,https://www.instagram.com/_hassanah/,_hassanah
Faith,https://www.instagram.com/faithelizabettth/,faithelizabettth
Chelya,https://www.instagram.com/cheylabjenkins/,cheylabjenkins
Lena,https://www.instagram.com/lenaanthony_/,lenaanthony_
Taylor,https://www.instagram.com/tayloralboher/,tayloralboher
Betzy,https://www.instagram.com/betzyrdgz/,betzyrdgz
Samantha,https://www.instagram.com/eviesadventures23/,eviesadventures23
Aurielle,https://www.instagram.com/edenandark/,edenandark
Jenna,https://www.instagram.com/jennajudd_/,jennajudd_
Stevie,https://www.instagram.com/stevieraerixon/,stevieraerixon
Asia,https://www.instagram.com/t.e.a.u.n.c.a/,t.e.a.u.n.c.a
Autumn,https://www.instagram.com/a_utumnskye/,a_utumnskye
Veronika,https://www.instagram.com/veronikaainiguez/,veronikaainiguez
Teala,https://www.instagram.com/tealacravy/,tealacravy
Jessie,https://www.instagram.com/itsjessiemiles/,itsjessiemiles
Lucy,https://www.instagram.com/itsmelucyream/,itsmelucyream
Stacy,https://www.instagram.com/stacymccannlcsw/,stacymccannlcsw
Claire,https://www.instagram.com/claireaand/,claireaand
Serena,https://www.instagram.com/serenaseats/,serenaseats
Gabrielle,https://www.instagram.com/gdillon2/,gdillon2
Kristina,https://www.instagram.com/kristina_vega_/,kristina_vega_
Tiffany,https://www.instagram.com/xotiffany_onealxo/,xotiffany_onealxo
Chelsea,https://www.instagram.com/chels.arnott/,chels.arnott
Alexis,https://www.instagram.com/xstaygoldlex/,xstaygoldlex
Rachel,https://www.instagram.com/withrachelelaine/,withrachelelaine
Chelsea,https://www.instagram.com/chelsealeigh_smith/,chelsealeigh_smith
Brittany,https://www.instagram.com/brittany.farrar/,brittany.farrar
Meg,https://www.instagram.com/megs_dailywellness/,megs_dailywellness
Bre,https://www.instagram.com/brebrownfit/,brebrownfit
Bri,https://www.instagram.com/brivenzke/,brivenzke
Sophia,https://www.instagram.com/sophia.munoz/,sophia.munoz
Ashley,https://www.instagram.com/its.ashleyywhipple/,its.ashleyywhipple
Katelyn,https://www.instagram.com/katelynkidwell/,katelynkidwell
India,https://www.instagram.com/indiamorehead/,indiamorehead
Tejera,https://www.instagram.com/tejeramagee_/,tejeramagee_
Nikki,https://www.instagram.com/niikkifogg/,niikkifogg
Elizabeth,https://www.instagram.com/mylifeaslizzyy/,mylifeaslizzyy
Kris,https://www.instagram.com/kris.altengof/,kris.altengof
Bethany,https://www.instagram.com/beth_grace_casaurang/,beth_grace_casaurang
Madi,https://www.instagram.com/madiswegle/,madiswegle
Morgan,https://www.instagram.com/morganbarbierii/,morganbarbierii
Renee,https://www.instagram.com/reneekeepsitreel/,reneekeepsitreel
Bri,https://www.instagram.com/brinicoleox/,brinicoleox
Joanna,https://www.instagram.com/tellezjoanna_/,tellezjoanna_
Kaylei,https://www.instagram.com/kayleiweaver_/,kayleiweaver_
Samyah,https://www.instagram.com/lifewithsamyah/,lifewithsamyah
Bronte,https://www.instagram.com/_brontevictoria/,_brontevictoria
Virginia,https://www.instagram.com/virginia.j.henry/,virginia.j.henry
Lakema,https://www.instagram.com/lakema_b/,lakema_b
Mariah,https://www.instagram.com/mariiahperez/,mariiahperez
Alexus,https://www.instagram.com/lifeofmamalex/,lifeofmamalex
Alivia,https://www.instagram.com/aliviamae_/,aliviamae_
Chesley,https://www.instagram.com/chesleycarele/,chesleycarele
Mariah,https://www.instagram.com/mariiahslife/,mariiahslife
Brie,https://www.instagram.com/acupofbrie/,acupofbrie
Odette,https://www.instagram.com/odette_garate/,odette_garate
Meagan,https://www.instagram.com/blacksupermamas/,blacksupermamas
Becca,https://www.instagram.com/deliberate_mama/,deliberate_mama
Alexandra,https://www.instagram.com/alexandramcfly/,alexandramcfly
Tiernee,https://www.instagram.com/tierneeagricola/,tierneeagricola
Kaylee,https://www.instagram.com/kayjay_52/,kayjay_52
Lina,https://www.instagram.com/balancebylina/,balancebylina
Mayra,https://www.instagram.com/mayra_orbex/,mayra_orbex
Kassie,https://www.instagram.com/kassiemoon/,kassiemoon
Marissa,https://www.instagram.com/marissamaejackson/,marissamaejackson
Hannah,https://www.instagram.com/hannahh_johnston/,hannahh_johnston
Lauren,https://www.instagram.com/laurenashby22/,laurenashby22
Kylee,https://www.instagram.com/kyleetingstrom/,kyleetingstrom
Deja,https://www.instagram.com/thatssodejavu/,thatssodejavu
Aimee,https://www.instagram.com/aimee_sieh/,aimee_sieh
Megan,https://www.instagram.com/heymeganpotter/,heymeganpotter
Nicole,https://www.instagram.com/organized_chaosblog/,organized_chaosblog
Roza,https://www.instagram.com/roza.franco/,roza.franco
Jasmine,https://www.instagram.com/lifewith_jayt/,lifewith_jayt
Gesta,https://www.instagram.com/gesta.m/,gesta.m
Brooke,https://www.instagram.com/itsbrookehall/,itsbrookehall
Kendra,https://www.instagram.com/kendraworth/,kendraworth
Kim,https://www.instagram.com/kimheishman/,kimheishman
Isabella,https://www.instagram.com/isabellavaquero/,isabellavaquero
Taylor,https://www.instagram.com/taylorraebaxter_1/,taylorraebaxter_1
The Martins,https://www.instagram.com/livingwiththemartins/,livingwiththemartins
Marie,https://www.instagram.com/lovinglittles.pedsnp/,lovinglittles.pedsnp
Loretta,https://www.instagram.com/lalainboca/,lalainboca
Kenna,https://www.instagram.com/kenna_ols/,kenna_ols
Iryna,https://www.instagram.com/irynacollica/,irynacollica
Lauren,https://www.instagram.com/itslaurensnyder/,itslaurensnyder
Olivia,https://www.instagram.com/oliviaccantrell/,oliviaccantrell
Kahryn,https://www.instagram.com/kj.messick/,kj.messick
Alyssa,https://www.instagram.com/livingwith.lys/,livingwith.lys
Rebecca,https://www.instagram.com/rebecca.johnstonnn/,rebecca.johnstonnn
Sarah,https://www.instagram.com/thefashionablybroke/,thefashionablybroke
Courtney,https://www.instagram.com/courtney.rozay/,courtney.rozay
Patricia,https://www.instagram.com/trish.a.white/,trish.a.white
Chloe,https://www.instagram.com/chloeemolinaa/,chloeemolinaa
Callie,https://www.instagram.com/lifeofcallieelizabeth/,lifeofcallieelizabeth
Emma,https://www.instagram.com/emma_kayyy/,emma_kayyy
Sarah,https://www.instagram.com/sarahlawrence.xx/,sarahlawrence.xx
Amber,https://www.instagram.com/amberspitzz/,amberspitzz
Yvonne,https://www.instagram.com/yvonnetnez/,yvonnetnez
Jada,https://www.instagram.com/jadagirlmomx2/,jadagirlmomx2
Donnae,https://www.instagram.com/donnaegiron/,donnaegiron
Sadie,https://www.instagram.com/sadieslifebelike/,sadieslifebelike
LittleGlife,https://www.instagram.com/littleglife/,littleglife
Regan,https://www.instagram.com/regangilster/,regangilster
Amelia,https://www.instagram.com/ameliaagcarpenter/,ameliaagcarpenter
Michelle,https://www.instagram.com/mchzzzlg/,mchzzzlg
Madison,https://www.instagram.com/madison.pyron/,madison.pyron
Yaliah,https://www.instagram.com/yaliahcancel/,yaliahcancel
Kerry,https://www.instagram.com/kerry.daehn6/,kerry.daehn6
Hannah,https://www.instagram.com/hannnnahadams/,hannnnahadams
Lauren,https://www.instagram.com/laurenwoods___/,laurenwoods___
Mazie,https://www.instagram.com/_mazie_anne_/,_mazie_anne_
That,https://www.instagram.com/leaysiaaaa/,leaysiaaaa
Marlena,https://www.instagram.com/marlenavelez/,marlenavelez
Leslie,https://www.instagram.com/lesliegailelms/,lesliegailelms
Emmy,https://www.instagram.com/emmybennettt/,emmybennettt
Kendra,https://www.instagram.com/millerkennvlogs/,millerkennvlogs
Joelle,https://www.instagram.com/joelle__powell/,joelle__powell
Lauryn,https://www.instagram.com/lauryndoan/,lauryndoan
Haley,https://www.instagram.com/haleyreidtay/,haleyreidtay
Christine,https://www.instagram.com/misschriscash/,misschriscash
Lauren,https://www.instagram.com/laurenmeadows__/,laurenmeadows__
Olivia,https://www.instagram.com/oliviapsabine/,oliviapsabine
Nancy,https://www.instagram.com/nancymarieclancy/,nancymarieclancy
Lauren,https://www.instagram.com/_itsmelaurenc/,_itsmelaurenc
Alexis,https://www.instagram.com/alexis.trotman/,alexis.trotman
Jessica,https://www.instagram.com/thejessicatepper/,thejessicatepper
Olesya,https://www.instagram.com/olesyapavluyk/,olesyapavluyk
Kaley,https://www.instagram.com/styledbykaleynicole/,styledbykaleynicole
Kooba,https://www.instagram.com/koobampardo/,koobampardo
Brittany,https://www.instagram.com/brittanymolfese/,brittanymolfese
Lauren,https://www.instagram.com/laurenashleypatao/,laurenashleypatao
Noel,https://www.instagram.com/noeltherese/,noeltherese
Madison,https://www.instagram.com/madisondanielle4/,madisondanielle4
Laeiel,https://www.instagram.com/laeielwatts/,laeielwatts
Carol,https://www.instagram.com/caroldeltoro/,caroldeltoro
Lauren,https://www.instagram.com/lauren.midgley/,lauren.midgley
Taylor,https://www.instagram.com/taybayyyyy/,taybayyyyy
Whitney,https://www.instagram.com/_whitneypea/,_whitneypea
Tempest,https://www.instagram.com/tempestvlogss/,tempestvlogss
Peyton,https://www.instagram.com/peyeacosta/,peyeacosta
Jordynn,https://www.instagram.com/jordynn.nicholson/,jordynn.nicholson
Paige,https://www.instagram.com/itspaigefree/,itspaigefree
Linda,https://www.instagram.com/lindamataofficial/,lindamataofficial
Stephanie,https://www.instagram.com/stephhboyyardee/,stephhboyyardee
Ellie,https://www.instagram.com/elliedlenhart/,elliedlenhart
Abby,https://www.instagram.com/abbyfaytidd/,abbyfaytidd
Rachel,https://www.instagram.com/rachelprochnow/,rachelprochnow
Maryan,https://www.instagram.com/maryanngrant_/,maryanngrant_
Susie,https://www.instagram.com/susiebutters/,susiebutters
Samantha,https://www.instagram.com/itssamtaylor_/,itssamtaylor_
Rebekah,https://www.instagram.com/rebekahpumphrey/,rebekahpumphrey
Maryam,https://www.instagram.com/maryamthomass/,maryamthomass
Janay,https://www.instagram.com/janay.finn/,janay.finn
Shiyoko,https://www.instagram.com/tokyotolagirl/,tokyotolagirl
Andrea,https://www.instagram.com/hellodrea16/,hellodrea16
Lexi,https://www.instagram.com/lifeewithlexi/,lifeewithlexi
Esther,https://www.instagram.com/iluvestherr/,iluvestherr
Erica,https://www.instagram.com/imericad_/,imericad_
Cassidy,https://www.instagram.com/cassidyroose/,cassidyroose
Leslie,https://www.instagram.com/leslieepereyra/,leslieepereyra
Dayana,https://www.instagram.com/its.dayank/,its.dayank
Leah,https://www.instagram.com/byleahclaire/,byleahclaire
Londyn,https://www.instagram.com/londynliquinn/,londynliquinn
Rachel,https://www.instagram.com/rachazzolini/,rachazzolini
Deja,https://www.instagram.com/dejacorrinne/,dejacorrinne
Garlyn,https://www.instagram.com/garlynissober347/,garlynissober347
Ilse,https://www.instagram.com/ilse_koko/,ilse_koko
Rachel,https://www.instagram.com/rach.abe/,rach.abe
Lilia,https://www.instagram.com/lilylikecom/,lilylikecom
Jacci,https://www.instagram.com/icedcoffeemom/,icedcoffeemom
Sam,https://www.instagram.com/samm.layne/,samm.layne
Lindsay,https://www.instagram.com/lindsay.adkinson/,lindsay.adkinson
Brittany,https://www.instagram.com/britt_perrine/,britt_perrine
Prettycasual,https://www.instagram.com/prettycasualcoco/,prettycasualcoco
Laken,https://www.instagram.com/itslakenmichelle/,itslakenmichelle
Emma,https://www.instagram.com/emmalinebateman_/,emmalinebateman_
Kenna,https://www.instagram.com/kennatoolson/,kennatoolson
Kenna,https://www.instagram.com/ken_kenn/,ken_kenn
Maycie,https://www.instagram.com/maycietilley/,maycietilley
Brooklyn,https://www.instagram.com/brooklynmccabe_/,brooklynmccabe_
Ciarra,https://www.instagram.com/berkleighciarra/,berkleighciarra
Cindy,https://www.instagram.com/cindydoinstuff/,cindydoinstuff
Jasmin,https://www.instagram.com/jasminjloraine/,jasminjloraine
Natasha,https://www.instagram.com/natatat._/,natatat._
Onyi,https://www.instagram.com/sincerelyonyi/,sincerelyonyi
Lele,https://www.instagram.com/lelers123/,lelers123
Krissy,https://www.instagram.com/krissy_padilla/,krissy_padilla
Kayla,https://www.instagram.com/kaylaraenelson_/,kaylaraenelson_
Krisha,https://www.instagram.com/krishaaaa_burtttt/,krishaaaa_burtttt
Ronisha,https://www.instagram.com/ronishaleshay/,ronishaleshay
Riah,https://www.instagram.com/jeriahnyree/,jeriahnyree
Theosaitilefamily,https://www.instagram.com/theosaitilefamily/,theosaitilefamily
Dasirae,https://www.instagram.com/k__desirae/,k__desirae
Kelly,https://www.instagram.com/k.raycollective/,k.raycollective
Amani,https://www.instagram.com/amanibadran_/,amanibadran_
Christina,https://www.instagram.com/christina_chaccour/,christina_chaccour
Amy,https://www.instagram.com/missamykatherine/,missamykatherine
Andrea,https://www.instagram.com/andrealeon07/,andrealeon07
Anna,https://www.instagram.com/annabrookswilliams/,annabrookswilliams
Gretchen,https://www.instagram.com/gbclark/,gbclark
Ellie,https://www.instagram.com/elliesuebarrows/,elliesuebarrows
Josalyn,https://www.instagram.com/thejosalynsanders/,thejosalynsanders
Cassidy,https://www.instagram.com/cassidyandersonkids/,cassidyandersonkids
Jennifer,https://www.instagram.com/jenniferrsweet/,jenniferrsweet
Megan,https://www.instagram.com/mrsmeganward/,mrsmeganward
Heylay,https://www.instagram.com/hayley.henderson/,hayley.henderson
Ashley,https://www.instagram.com/ashleymurphyfamily/,ashleymurphyfamily
Maddie,https://www.instagram.com/maddieannmoeller/,maddieannmoeller
Diana,https://www.instagram.com/everythingdiane/,everythingdiane
Savannah,https://www.instagram.com/savvimac/,savvimac
Monica,https://www.instagram.com/momnicaleigh/,momnicaleigh
Jordin,https://www.instagram.com/mamajlo23/,mamajlo23
Jazlin,https://www.instagram.com/jazlinmarie/,jazlinmarie
Tierra,https://www.instagram.com/thetierraj/,thetierraj
Corey,https://www.instagram.com/coreylewisutendahl,coreylewisutendahl
Louis,https://www.instagram.com/louischandlerfit,louischandlerfit
Patrick,https://www.instagram.com/patrickcmiami/,patrickcmiami
Brittany,https://www.instagram.com/brii.angele/,brii.angele
Tierra,https://www.instagram.com/_greenti444/,_greenti444
Marisa,https://www.instagram.com/marisahopewellness/,marisahopewellness
Cher,https://www.instagram.com/wildlywholesome/,wildlywholesome
Riley,https://www.instagram.com/rileyfauria/,rileyfauria
Charlotte,https://www.instagram.com/goodeatsbychar/,goodeatsbychar
Aaron,https://www.instagram.com/aneeall3/,aneeall3
Sarah,https://www.instagram.com/sarahhauareyou/,sarahhauareyou
Janet,https://www.instagram.com/janetdoubleu/,janetdoubleu
Michele,https://www.instagram.com/chelefit/,chelefit
Emily,https://www.instagram.com/emilyroxandich/,emilyroxandich
Katie,https://www.instagram.com/ktbier/,ktbier
Brenna,https://www.instagram.com/bmachek/,bmachek
Courtney,https://www.instagram.com/courtneylparkes/,courtneylparkes
Frankie,https://www.instagram.com/frankifranchise/,frankifranchise
Morgan,https://www.instagram.com/morganfleminggg/,morganfleminggg
Metztli,https://www.instagram.com/ookmetz/,ookmetz
Kelly,https://www.instagram.com/kelly.heals/,kelly.heals
Kacy,https://www.instagram.com/theneuronutritionist/,theneuronutritionist
Eden,https://www.instagram.com/edenbased/,edenbased
Elle,https://www.instagram.com/ellelynnbrown/,ellelynnbrown
Melannie,https://www.instagram.com/_melanniealexandra/,_melanniealexandra
Manuela,https://www.instagram.com/manueladiago/,manueladiago
Katie,https://www.instagram.com/katiechristian/,katiechristian
Jumanah,https://www.instagram.com/jumascreations/,jumascreations
Mari,https://www.instagram.com/marisparkly/,marisparkly
Lauren,https://www.instagram.com/eat.glutenfreewithme/,eat.glutenfreewithme
Autumn,https://www.instagram.com/autumnclayman/,autumnclayman
Charlin,https://www.instagram.com/charlinepoise/,charlinepoise
Allison,https://www.instagram.com/allison.buch/,allison.buch
Emily,https://www.instagram.com/emnaturopathic/,emnaturopathic
Britt,https://www.instagram.com/bicepsbybritt/,bicepsbybritt
Morgan,https://www.instagram.com/morganlkeen/,morganlkeen
Amanda,https://www.instagram.com/amanda.after/,amanda.after
Kaelah,https://www.instagram.com/kaelahisabella/,kaelahisabella
Cescilia,https://www.instagram.com/cesciwest/,cesciwest
Victoria,https://www.instagram.com/drvictoriaciummo/,drvictoriaciummo
Ashley,https://www.instagram.com/shleeanne/,shleeanne
Jaclyn,https://www.instagram.com/jaclynwillmshealth/,jaclynwillmshealth
Jaclyn,https://www.instagram.com/hijacyourwellness/,hijacyourwellness
Raffaella,https://www.instagram.com/bbbyraf/,bbbyraf
Key,https://www.instagram.com/keyy_raww/,keyy_raww
Melanie,https://www.instagram.com/melanieyu.zc/,melanieyu.zc
Samantha,https://www.instagram.com/sammiwhiteman/,sammiwhiteman
Leyla,https://www.instagram.com/leylaarellano_/,leylaarellano_
Alexa,https://www.instagram.com/lexasnoms/,lexasnoms
Rachel,https://www.instagram.com/rachellaurice/,rachellaurice
Shayla,https://www.instagram.com/shaylamackenzie/,shaylamackenzie
Brooklynn,https://www.instagram.com/brooklynnbasurtto/,brooklynnbasurtto
Kambria,https://www.instagram.com/kambrialewiss/,kambrialewiss
Alyse,https://www.instagram.com/alysenovo_/,alysenovo_
Antonia,https://www.instagram.com/antoniakanoria/,antoniakanoria
Caitlyn,https://www.instagram.com/heyitscaitlynlicerio/,heyitscaitlynlicerio
Jordan,https://www.instagram.com/fitwithjjordan/,fitwithjjordan
Katie,https://www.instagram.com/katiemortka/,katiemortka
Nat,https://www.instagram.com/natalieefer/,natalieefer
Sophia,https://www.instagram.com/sophia.bamf/,sophia.bamf
Riley,https://www.instagram.com/rileyrehl/,rileyrehl
Trina,https://www.instagram.com/trains_gains/,trains_gains
Rianna,https://www.instagram.com/rianna_lotito/,rianna_lotito
Summer,https://www.instagram.com/chefsummerstorm/,chefsummerstorm
Aleiza,https://www.instagram.com/aleizaa/,aleizaa
Alexis,https://www.instagram.com/alexiskennedyofficial/,alexiskennedyofficial
Ashley,https://www.instagram.com/ashleylira_/,ashleylira_
Tammy,https://www.instagram.com/tammy_ibiza/,tammy_ibiza
Tiana,https://www.instagram.com/tiananixole/,tiananixole
Des're,https://www.instagram.com/desreclark/,desreclark
Brittany,https://www.instagram.com/brittneyxwell/,brittneyxwell
Katherine,https://www.instagram.com/katherinejmnez_/,katherinejmnez_
Briana,https://www.instagram.com/ohhbri/,ohhbri
Hannah,https://www.instagram.com/hannahseckinger/,hannahseckinger
Alessandra,https://www.instagram.com/alessandrazampettih/,alessandrazampettih
Marta,https://www.instagram.com/martakhl/,martakhl
Chloe,https://www.instagram.com/lilbabychlo/,lilbabychlo
Carlie,https://www.instagram.com/lifeasafitfoodie/,lifeasafitfoodie
Termeh,https://www.instagram.com/termeh.diary/,termeh.diary
Radmila,https://www.instagram.com/rrradmila/,rrradmila
Krista,https://www.instagram.com/drkristamarie/,drkristamarie
Rhu,https://www.instagram.com/rhu_thapa/,rhu_thapa
Pavee,https://www.instagram.com/paveekwun/,paveekwun
Stefani,https://www.instagram.com/pilatesbystef/,pilatesbystef
Nelle,https://www.instagram.com/nellemignon/,nellemignon
Kristen,https://www.instagram.com/kristenbrandenburg/,kristenbrandenburg
Kemberly,https://www.instagram.com/kemberlydeane/,kemberlydeane
Fatima,https://www.instagram.com/dearfatima_/,dearfatima_
Valeria,https://www.instagram.com/valeriashvets_/,valeriashvets_
Olivia,https://www.instagram.com/olivia_pilates/,olivia_pilates
India,https://www.instagram.com/india.marie/,india.marie
Caro,https://www.instagram.com/carolynnahielys/,carolynnahielys
Jennifer,https://www.instagram.com/jppilates1/,jppilates1
Madi,https://www.instagram.com/madiyvonne/,madiyvonne
Claudia,https://www.instagram.com/claudia_evelin/,claudia_evelin
Ashley,https://www.instagram.com/ashleyhowardpilates/,ashleyhowardpilates
Raina,https://www.instagram.com/rainamikel_/,rainamikel_
Dianna,https://www.instagram.com/diannafalz/,diannafalz
Mandy,https://www.instagram.com/mandyretsuko/,mandyretsuko
Molly,https://www.instagram.com/inflowencedbymoll/,inflowencedbymoll
Marcella,https://www.instagram.com/marcellaef/,marcellaef
Margarite,https://www.instagram.com/justtmarg/,justtmarg
Nathalia,https://www.instagram.com/nathalia.ferr/,nathalia.ferr
Kate,https://www.instagram.com/itskatelew/,itskatelew
Imanni,https://www.instagram.com/uwantaqua/,uwantaqua
Meagan,https://www.instagram.com/megfitz.gerald/,megfitz.gerald
Mary,https://www.instagram.com/marymillermethod/,marymillermethod
Krizia,https://www.instagram.com/kriziaofficial/,kriziaofficial
Nicole,https://www.instagram.com/xonicolesias/,xonicolesias
Dar,https://www.instagram.com/dar_lean1/,dar_lean1
Amelia,https://www.instagram.com/ameliaschmarzo/,ameliaschmarzo
Taylor,https://www.instagram.com/taylorrochelled/,taylorrochelled
Sarah,https://www.instagram.com/sarahxbib/,sarahxbib
Skylar,https://www.instagram.com/skylar_saba/,skylar_saba
Delilah,https://www.instagram.com/delilahisabel_/,delilahisabel_
Krystalynn,https://www.instagram.com/krystalynngier/,krystalynngier
Kat,https://www.instagram.com/bea.utybykat/,bea.utybykat
Pauli,https://www.instagram.com/paulinareitman/,paulinareitman
Samantha,https://www.instagram.com/samanthabanwer/,samanthabanwer
Emily,https://www.instagram.com/em_stomatuk/,em_stomatuk
Lisa,https://www.instagram.com/lisavictoria___/,lisavictoria___
Maria,https://www.instagram.com/marias.munchies/,marias.munchies
Candice,https://www.instagram.com/simplyhealthymama/,simplyhealthymama
Larissa,https://www.instagram.com/wellbylarissa/,wellbylarissa
Carolina,https://www.instagram.com/healthyliciousworld/,healthyliciousworld
Lexi,https://www.instagram.com/wellnessbylex/,wellnessbylex
Paige,https://www.instagram.com/thefitnesspaiige/,thefitnesspaiige
Danielle,https://www.instagram.com/daniellewellnesss/,daniellewellnesss
Gracie,https://www.instagram.com/haohungry/,haohungry
Tracey,https://www.instagram.com/drtracywarhop/,drtracywarhop
Kaleena,https://www.instagram.com/justkaleena/,justkaleena
Lizzy,https://www.instagram.com/lizzypicardi/,lizzypicardi
Carolyn,https://www.instagram.com/carolyn_fitness_/,carolyn_fitness_
Mackenzie,https://www.instagram.com/drmackfit/,drmackfit
Yvette,https://www.instagram.com/yvettevfit/,yvettevfit
Alyssa,https://www.instagram.com/alyssasprinkle/,alyssasprinkle
Stef,https://www.instagram.com/stefarmstead/,stefarmstead
Keisha,https://www.instagram.com/keisha.arlene/,keisha.arlene
Ashley,https://www.instagram.com/ashleymaciaas/,ashleymaciaas
Alissa,https://www.instagram.com/alisssaoddo/,alisssaoddo
Kayla,https://www.instagram.com/kaylajeter_/,kaylajeter_
Vicky,https://www.instagram.com/vickythefitchick/,vickythefitchick
Destany,https://www.instagram.com/destanymartin/,destanymartin
Madison,https://www.instagram.com/madison.johnsonn/,madison.johnsonn
Lauren,https://www.instagram.com/laurenschrammfit/,laurenschrammfit
Chase,https://www.instagram.com/chasesdayinthelife/,chasesdayinthelife
Bella,https://www.instagram.com/belladinallo/,belladinallo
Devonn,https://www.instagram.com/_devbrown/,_devbrown
Lauren,https://www.instagram.com/laurrrenhunter/,laurrrenhunter
Azariah,https://www.instagram.com/azariah_fit/,azariah_fit
Jesse,https://www.instagram.com/jesseevelyn_/,jesseevelyn_
Anne,https://www.instagram.com/anneacraig/,anneacraig
Jocie,https://www.instagram.com/jociefit/,jociefit
Gabby,https://www.instagram.com/gabbyhallfit/,gabbyhallfit
Gelasia,https://www.instagram.com/gelasia.fit/,gelasia.fit
Celine,https://www.instagram.com/ceeram/,ceeram
Mira,https://www.instagram.com/mira.alifantis/,mira.alifantis
Melissa,https://www.instagram.com/getfitwithmeliss/,getfitwithmeliss
Haley,https://www.instagram.com/holisticallyhaley/,holisticallyhaley
Aaliyah,https://www.instagram.com/aaliyahliftss/,aaliyahliftss
Cali,https://www.instagram.com/califullerfit/,califullerfit
Heather,https://www.instagram.com/heatherfloda/,heatherfloda
Jannah,https://www.instagram.com/gymgirljannah/,gymgirljannah
Tasha,https://www.instagram.com/tashacoy/,tashacoy
Devyn,https://www.instagram.com/devthefitmom/,devthefitmom
Aniyah,https://www.instagram.com/its_niyahs/,its_niyahs
Bray,https://www.instagram.com/builtbybray/,builtbybray
Aubrey,https://www.instagram.com/fitwithaubrey/,fitwithaubrey
Juju,https://www.instagram.com/juju_ianna_fit/,juju_ianna_fit
Deanna,https://www.instagram.com/deannalorea/,deannalorea
Chayd,https://www.instagram.com/_chayd/,_chayd
Kelley,https://www.instagram.com/kelleysfit/,kelleysfit
Brooke,https://www.instagram.com/itsbrookeelle/,itsbrookeelle
Breona,https://www.instagram.com/breislifefitness/,breislifefitness
Inayah,https://www.instagram.com/inayahnajahh/,inayahnajahh
Hannah,https://www.instagram.com/hannahroyfit/,hannahroyfit
Stacie,https://www.instagram.com/docstacie/,docstacie
Colette,https://www.instagram.com/bolettecottiaux/,bolettecottiaux
Heather,https://www.instagram.com/trainerheather/,trainerheather
Meghan,https://www.instagram.com/meghan.beatty/,meghan.beatty
Nina,https://www.instagram.com/_nina_chou_/,_nina_chou_
Teahna,https://www.instagram.com/_teahnad/,_teahnad
Annie,https://www.instagram.com/annie_kunz7/,annie_kunz7
Trinity,https://www.instagram.com/trinityyy_energy/,trinityyy_energy
Kayla,https://www.instagram.com/kayd.fit/,kayd.fit
Nkacy,https://www.instagram.com/coachjuanleija/,coachjuanleija
Kate,https://www.instagram.com/kateprofitness/,kateprofitness
Ashley,https://www.instagram.com/we.gettin_fitty/,we.gettin_fitty
Jenny,https://www.instagram.com/jennyfisherfitness/,jennyfisherfitness
Jen,https://www.instagram.com/jens.get.fit.group/,jens.get.fit.group
Ashley,https://www.instagram.com/ashleymiller_fit/,ashleymiller_fit
Aurora,https://www.instagram.com/rorayoga/,rorayoga
Victoria,https://www.instagram.com/victorias__fitness/,victorias__fitness
Kara,https://www.instagram.com/karacoreyfitlife/,karacoreyfitlife
May,https://www.instagram.com/may.elix/,may.elix
Lexie,https://www.instagram.com/lexiefirment/,lexiefirment
Kaitlyn,https://www.instagram.com/kaitlynsharpleyfitnesss/,kaitlynsharpleyfitnesss
Maddy,https://www.instagram.com/maddymariefit/,maddymariefit
Sarah,https://www.instagram.com/sweatwithsmyles/,sweatwithsmyles
Claire,https://www.instagram.com/clairepurnell_/,clairepurnell_
Hannah,https://www.instagram.com/burn.by.han/,burn.by.han
Brit,https://www.instagram.com/brit.heyne/,brit.heyne
Caroline,https://www.instagram.com/cpiersfit/,cpiersfit
Lacey,https://www.instagram.com/laceylivefit/,laceylivefit
Leah,https://www.instagram.com/wrkwithleah/,wrkwithleah
Michelle,https://www.instagram.com/pilatesbymichelleandalexis/,pilatesbymichelleandalexis
Sorel,https://www.instagram.com/sorelcarradine/,sorelcarradine
Marsha,https://www.instagram.com/trainwithmarsha/,trainwithmarsha
Alexis,https://www.instagram.com/silhouettebyalexis/,silhouettebyalexis
Natalie,https://www.instagram.com/nattyyygains/,nattyyygains
Tamara,https://www.instagram.com/fitfinefascia/,fitfinefascia
Omar,https://www.instagram.com/okt9k/,okt9k
Famouswolverine,https://www.instagram.com/theinfamouswolverine/,theinfamouswolverine
Panuel,https://www.instagram.com/spiderpenweezy/,spiderpenweezy
Jeremiah,https://www.instagram.com/jeremiah_pha/,jeremiah_pha
Gipson,https://www.instagram.com/udxg_/,udxg_
Sb,https://www.instagram.com/sb_elite3/,sb_elite3
Cj,https://www.instagram.com/connorjvac/,connorjvac
Jonathan,https://www.instagram.com/killajonjon/,killajonjon
Victoria,https://www.instagram.com/victoria.2tuff/,victoria.2tuff
Daniel,https://www.instagram.com/topfloordan/,topfloordan
Chris,https://www.instagram.com/thatcrswht/,thatcrswht
Ashton,https://www.instagram.com/ashxedwards/,ashxedwards
Donovan,https://www.instagram.com/donovanhawkins_37/,donovanhawkins_37
Travis,https://www.instagram.com/travisdunks/,travisdunks
Jj,https://www.instagram.com/_jjaddison/,_jjaddison
Jeffrey,https://www.instagram.com/innerlove.__/,innerlove.__
Marcellus,https://www.instagram.com/fletcherflicks/,fletcherflicks
John,https://www.instagram.com/johnevans_thp/,johnevans_thp
Keenan,https://www.instagram.com/coachkk_/,coachkk_
Alex,https://www.instagram.com/justgevo/,justgevo
Chas,https://www.instagram.com/chasketball/,chasketball
Bri,https://www.instagram.com/bri_breezy02/,bri_breezy02
Tommy,https://www.instagram.com/tommy__heights/,tommy__heights
Middy,https://www.instagram.com/mymiddy99/,mymiddy99
Korey,https://www.instagram.com/korey.hawkins/,korey.hawkins
Murphy,https://www.instagram.com/ianmurphy_/,ianmurphy_
Sergio,https://www.instagram.com/bigserggg_/,bigserggg_
Zulymar,https://www.instagram.com/zulyvelaz/,zulyvelaz
Roman,https://www.instagram.com/d1.ro1/,d1.ro1
Mj,https://www.instagram.com/hot_hibachi/,hot_hibachi
Chris,https://www.instagram.com/courtprowess/,courtprowess
Jared,https://www.instagram.com/jrlegbehind/,jrlegbehind
Darius,https://www.instagram.com/dariusjrag/,dariusjrag
Deloni,https://www.instagram.com/chozen_suns/,chozen_suns
Olivia,https://www.instagram.com/liv_harness/,liv_harness
Kha,https://www.instagram.com/volleyball.university/,volleyball.university
Mike,https://www.instagram.com/mike__atkinson_/,mike__atkinson_
Airdeezy,https://www.instagram.com/airdeezy/,airdeezy
Ulrich,https://www.instagram.com/uskyw4lker/,uskyw4lker
Rod,https://www.instagram.com/rodreezee/,rodreezee
Tanner,https://www.instagram.com/tannerogradyy/,tannerogradyy
Brian,https://www.instagram.com/powerhoopz/,powerhoopz
Sonny,https://www.instagram.com/hunterxsonny/,hunterxsonny
Gia,https://www.instagram.com/dabblyducksgia/,dabblyducksgia
Chaz,https://www.instagram.com/chaz_wallace/,chaz_wallace
Jaxon,https://www.instagram.com/simonssaysjax/,simonssaysjax
Jack,https://www.instagram.com/howtohoopforever/,howtohoopforever
Wholelottabuckets,https://www.instagram.com/wholelottabucketsyt/,wholelottabucketsyt
Chloe,https://www.instagram.com/chlofeva/,chlofeva
Michael,https://www.instagram.com/balliswifebrand/,balliswifebrand
Kore,https://www.instagram.com/kore_hoop/,kore_hoop
Big.cha,https://www.instagram.com/bigeazzy_/,bigeazzy_
Terry,https://www.instagram.com/scarry_terryy/,scarry_terryy
Rj,https://www.instagram.com/iamrjayyreloaded/,iamrjayyreloaded
Brandon,https://www.instagram.com/g0beezy/,g0beezy
Sophia,https://www.instagram.com/phiahoops/,phiahoops
Vicken,https://www.instagram.com/coach_ve/,coach_ve
Shae,https://www.instagram.com/shae.volleyball25/,shae.volleyball25
Hugo,https://www.instagram.com/thehugoblack/,thehugoblack
Refbuckets,https://www.instagram.com/reallifelai/,reallifelai
Kendall,https://www.instagram.com/airkendallll/,airkendallll
Devin,https://www.instagram.com/dbuckets_13/,dbuckets_13
Christian,https://www.instagram.com/christianbrown_10/,christianbrown_10
Leigh,https://www.instagram.com/leighellis/,leighellis
Dinos,https://www.instagram.com/dinostrigonis/,dinostrigonis
Naudgee,https://www.instagram.com/da.busdriver/,da.busdriver
Jeremiah,https://www.instagram.com/jeremiahmartinelli/,jeremiahmartinelli
Whyz,https://www.instagram.com/whyz3/,whyz3
Teigan,https://www.instagram.com/teigenreiter/,teigenreiter
T.will,https://www.instagram.com/twillx200/,twillx200
Keem,https://www.instagram.com/visuallyrepaired/,visuallyrepaired
Bron,https://www.instagram.com/_showtimebron/,_showtimebron
Kaleena,https://www.instagram.com/special.kayyy11/,special.kayyy11
Ajs,https://www.instagram.com/ajs.lil.flickies/,ajs.lil.flickies
Ryan,https://www.instagram.com/rillabux/,rillabux
Megan,https://www.instagram.com/meganjrice/,meganjrice
Stanley,https://www.instagram.com/remyworkouts/,remyworkouts
Mikel,https://www.instagram.com/mikel_brownjr/,mikel_brownjr
Evan,https://www.instagram.com/evancoryvolley/,evancoryvolley
Rj,https://www.instagram.com/rjathletix/,rjathletix
Caleb,https://www.instagram.com/ca10leb/,ca10leb
Gianni,https://www.instagram.com/gianni.mcghee/,gianni.mcghee
Zobeone,https://www.instagram.com/zobeone/,zobeone
Charles,https://www.instagram.com/betonchuck/,betonchuck
Jordan,https://www.instagram.com/jordanjackksonnn/,jordanjackksonnn
Marko,https://www.instagram.com/zerodoubtbasketball/,zerodoubtbasketball
Joe,https://www.instagram.com/coachjoeseals/,coachjoeseals
Dane,https://www.instagram.com/dane_hillis/,dane_hillis
Jay,https://www.instagram.com/jaygort1/,jaygort1
Waleed,https://www.instagram.com/waldo_abawi/,waldo_abawi
Sadie,https://www.instagram.com/sadie.ladyyy_/,sadie.ladyyy_
Kamora,https://www.instagram.com/momobucketz/,momobucketz
Kenny,https://www.instagram.com/kennyhatch44/,kennyhatch44
Ethan,https://www.instagram.com/ethanmccoy.0/,ethanmccoy.0
Daquan,https://www.instagram.com/itstriqz/,itstriqz
Anthony,https://www.instagram.com/anthony_smith_lll/,anthony_smith_lll
Mjm,https://www.instagram.com/mjm.hoodieqel/,mjm.hoodieqel
Trey,https://www.instagram.com/tphillss/,tphillss
Delaney,https://www.instagram.com/delaneymoon_volleyball/,delaneymoon_volleyball
Mason,https://www.instagram.com/ruschfactor/,ruschfactor
Shea,https://www.instagram.com/shea.frazee/,shea.frazee
Joe,https://www.instagram.com/joebanny12/,joebanny12
Otter,https://www.instagram.com/otterbasketball/,otterbasketball
Gyftedhoops,https://www.instagram.com/gyftedhoopsacademy/,gyftedhoopsacademy
Dafreaq,https://www.instagram.com/zekedafreaq_21/,zekedafreaq_21
Mason,https://www.instagram.com/masons.view/,masons.view
Steven,https://www.instagram.com/stevenmallory/,stevenmallory
Will,https://www.instagram.com/willofcam/,willofcam
Marvo,https://www.instagram.com/marvoshoots/,marvoshoots
Xavier,https://www.instagram.com/zaygotstatic/,zaygotstatic
Maddy,https://www.instagram.com/iso.maddy/,iso.maddy
JD,https://www.instagram.com/joebuckets_sensei/,joebuckets_sensei
Sophia,https://www.instagram.com/thesophiavanname/,thesophiavanname
David,https://www.instagram.com/davidmasonelev8/,davidmasonelev8
Cjay,https://www.instagram.com/sleepycjay/,sleepycjay
Nathan,https://www.instagram.com/beachvolleyballmedia/,beachvolleyballmedia
Luisa,https://www.instagram.com/lusialangi/,lusialangi
Ryan,https://www.instagram.com/rna.sports/,rna.sports
Kierre,https://www.instagram.com/keethetrainer/,keethetrainer
Ryan,https://www.instagram.com/ryanmurdochfit/,ryanmurdochfit
Amanda,https://www.instagram.com/amandamack2024/,amandamack2024
Marley,https://www.instagram.com/djmarley954/,djmarley954
Jackie,https://www.instagram.com/thatzjackie/,thatzjackie
Charles,https://www.instagram.com/charliesiragusa/,charliesiragusa
Tosh,https://www.instagram.com/toshgc/,toshgc
Charlotte,https://www.instagram.com/charlotteglassvolleyball/,charlotteglassvolleyball
Kj,https://www.instagram.com/kjxperry/,kjxperry
Maegan,https://www.instagram.com/maeganrose11/,maeganrose11
Quincy,https://www.instagram.com/quincy00__/,quincy00__
Rashad,https://www.instagram.com/wiggidy_whack/,wiggidy_whack
Elhadji,https://www.instagram.com/diallooo__/,diallooo__
Robert,https://www.instagram.com/fombbombtv/,fombbombtv
Adam,https://www.instagram.com/adamoumiiii/,adamoumiiii
Robert,https://www.instagram.com/coach_rob10/,coach_rob10
Brandon,https://www.instagram.com/iambbell/,iambbell
Aj,https://www.instagram.com/ajbasco__/,ajbasco__
Quenton,https://www.instagram.com/flyguyq/,flyguyq
Devon,https://www.instagram.com/devonn_chowdhury/,devonn_chowdhury
Kaila,https://www.instagram.com/kailacharles5/,kailacharles5
Natalie,https://www.instagram.com/natalie_chou_/,natalie_chou_
Phil,https://www.instagram.com/phildalhausser/,phildalhausser
Ayden,https://www.instagram.com/_ayden2shifty_/,_ayden2shifty_
Jelany,https://www.instagram.com/jelanyprofact/,jelanyprofact
Lance,https://www.instagram.com/thereall5__/,thereall5__
Jayda,https://www.instagram.com/miss_bovero/,miss_bovero
Teagan,https://www.instagram.com/teagandefalco/,teagandefalco
JJ,https://www.instagram.com/gymrat_jj4/,gymrat_jj4
Isaiah,https://www.instagram.com/isaiahmiller1_/,isaiahmiller1_
Tianna,https://www.instagram.com/7ianna_/,7ianna_
Sveteselect,https://www.instagram.com/svete_select_training/,svete_select_training
Noig,https://www.instagram.com/noigsmoove/,noigsmoove
Deshawn,https://www.instagram.com/showtime_deshawn35/,showtime_deshawn35
Kevin,https://www.instagram.com/1kevin_thefuture/,1kevin_thefuture
Anthony,https://www.instagram.com/anthonycockrill/,anthonycockrill
Tray,https://www.instagram.com/trayy4_/,trayy4_
Gigi,https://www.instagram.com/gigimichellee/,gigimichellee
Ryan,https://www.instagram.com/ryanmatea/,ryanmatea
Holman,https://www.instagram.com/house_of_holman//,house_of_holman
Deron,https://www.instagram.com/deronrippeyjr/,deronrippeyjr
Sebastian,https://www.instagram.com/sebastian.wilkins/,sebastian.wilkins
Kizz,https://www.instagram.com/consciouskizz/,consciouskizz
Khatbell,https://www.instagram.com/_khatbell/,_khatbell
Kamsos,https://www.instagram.com/kamsosmoove_/,kamsosmoove_
Mazz,https://www.instagram.com/mazznem/,mazznem
Troy,https://www.instagram.com/troyfield_beach/,troyfield_beach
Gabby,https://www.instagram.com/gabbyanderson04/,gabbyanderson04
Ben,https://www.instagram.com/iambenraymond/,iambenraymond
Mike,https://www.instagram.com/mike__irvin/,mike__irvin
Nate,https://www.instagram.com/_natehobbs/,_natehobbs
Wlliams,https://www.instagram.com/newwilliams_/,newwilliams_
Oswin,https://www.instagram.com/oswin_24/,oswin_24
Toure,https://www.instagram.com/toure_3_6/,toure_3_6
Mu,https://www.instagram.com/mu_reaaal/,mu_reaaal
Nathan,https://www.instagram.com/nathanbm12/,nathanbm12
Estock2,https://www.instagram.com/estock2/,estock2
Dustin,https://www.instagram.com/dustin_aub/,dustin_aub
Ashten,https://www.instagram.com/ashten.jewell/,ashten.jewell
Jezelle,https://www.instagram.com/jezelle_gg/,jezelle_gg
Magic.m31,https://www.instagram.com/magic_m31/,magic_m31
Jody,https://www.instagram.com/wydjody/,wydjody
Jake,https://www.instagram.com/iamjakewilkins/,iamjakewilkins
Marcus,https://www.instagram.com/marcus_davis13/,marcus_davis13
Thesupporter,https://www.instagram.com/_the_supporter/,_the_supporter
Lilskip,https://www.instagram.com/lilskip08/,lilskip08
Roger,https://www.instagram.com/galomethod/,galomethod
Nehii,https://www.instagram.com/iamnehii/,iamnehii
J7rocc,https://www.instagram.com/j7rocc/,j7rocc
Tehanie,https://www.instagram.com/tehanie_volleyball2/,tehanie_volleyball2
Cgm,https://www.instagram.com/cgm.zayy/,cgm.zayy
Robert,https://www.instagram.com/robertgil10_/,robertgil10_
Alando,https://www.instagram.com/alandotucker/,alandotucker
Tri,https://www.instagram.com/tribourne/,tribourne
Og,https://www.instagram.com/og_rafa04/,og_rafa04
Gio,https://www.instagram.com/giomarcollazo/,giomarcollazo
Jay,https://www.instagram.com/iamjayjones/,iamjayjones
Andrew,https://www.instagram.com/andrewmeadow_/,andrewmeadow_
Travis,https://www.instagram.com/triggidytrav/,triggidytrav
Malia,https://www.instagram.com/maliasamuels/,maliasamuels
Molly,https://www.instagram.com/mollymccage/,mollymccage
Kim,https://www.instagram.com/kimstocklmeir/,kimstocklmeir
Maria,https://www.instagram.com/schnitzfit/,schnitzfit
Jeanette,https://www.instagram.com/jeanyrox/,jeanyrox
Grace,https://www.instagram.com/graceashlynnn/,graceashlynnn
Andrea,https://www.instagram.com/andreaa.fiit/,andreaa.fiit
Lizzie,https://www.instagram.com/lizzie_liu/,lizzie_liu
Mel,https://www.instagram.com/mstewart_fitness/,mstewart_fitness
Madison,https://www.instagram.com/coachmaddawg/,coachmaddawg
Tanvi,https://www.instagram.com/tanvilonkar/,tanvilonkar
Sonia,https://www.instagram.com/soniahorton/,soniahorton
Kristy,https://www.instagram.com/khaosbykris/,khaosbykris
Miri,https://www.instagram.com/miri.ramos5/,miri.ramos5
Rana,https://www.instagram.com/rendregia/,rendregia
Stefanie,https://www.instagram.com/stefkopecki/,stefkopecki
Dion,https://www.instagram.com/dion.nyc/,dion.nyc
Mili,https://www.instagram.com/milikrem/,milikrem
Analisa,https://www.instagram.com/analisavfit/,analisavfit
Angelica,https://www.instagram.com/twotimingmom/,twotimingmom
Juliee,https://www.instagram.com/jxscorpio/,jxscorpio
Chi,https://www.instagram.com/chisofit/,chisofit
Luana,https://www.instagram.com/luluonthecourt/,luluonthecourt
Laurie,https://www.instagram.com/laurieannbulman/,laurieannbulman
Mia,https://www.instagram.com/miafalcone__/,miafalcone__
Luciana,https://www.instagram.com/lucitrainer/,lucitrainer
Caroline,https://www.instagram.com/carolinepearce/,carolinepearce
Caroline,https://www.instagram.com/carolinegardner.spt/,carolinegardner.spt
Haley,https://www.instagram.com/haleyhugheswellness/,haleyhugheswellness
Deleyah,https://www.instagram.com/deleyahrayy/,deleyahrayy
Amanda,https://www.instagram.com/amanda2707/,amanda2707
Lexi,https://www.instagram.com/lexi_neely_/,lexi_neely_
Miriam,https://www.instagram.com/multifamily_ninja/,multifamily_ninja
Katie,https://www.instagram.com/kkatiexjoness/,kkatiexjoness
Samantha,https://www.instagram.com/samantha.goltz/,samantha.goltz
Nadiia,https://www.instagram.com/nk_stretching/,nk_stretching
Albee,https://www.instagram.com/albeelynch/,albeelynch
Darilyn,https://www.instagram.com/darilynnnnn/,darilynnnnn
Taylor,https://www.instagram.com/tay_tribe31training_/,tay_tribe31training_
Nia,https://www.instagram.com/niafitnesss/,niafitnesss
Crystal,https://www.instagram.com/crystalconey_/,crystalconey_
Joy,https://www.instagram.com/_joyofalltrades_/,_joyofalltrades_
Shannon,https://www.instagram.com/s.nicholfitness/,s.nicholfitness
Netta,https://www.instagram.com/noirebeautyfitness/,noirebeautyfitness
Tesfanesh,https://www.instagram.com/tessfitlife/,tessfitlife
Myja,https://www.instagram.com/iammyjagary/,iammyjagary
Vanessa,https://www.instagram.com/aay.nessaa_/,aay.nessaa_
Rachel,https://www.instagram.com/_rachel_lynn_strength/,_rachel_lynn_strength
Naomi,https://www.instagram.com/elevationwild/,elevationwild
Whitney,https://www.instagram.com/themodernpractitioner/,themodernpractitioner
Kayla,https://www.instagram.com/thecoochiedoc/,thecoochiedoc
Claudia,https://www.instagram.com/claudia.germuga/,claudia.germuga
Joo,https://www.instagram.com/joohilift/,joohilift
Monica,https://www.instagram.com/boldfittechnique/,boldfittechnique
Rachel,https://www.instagram.com/rachel_fit_ifbbpro/,rachel_fit_ifbbpro
Cambri,https://www.instagram.com/camguest/,camguest
Kelli,https://www.instagram.com/livinginthrees/,livinginthrees
Tina,https://www.instagram.com/tinaschoenfeldt/,tinaschoenfeldt
Josie,https://www.instagram.com/josiestevenscpt/,josiestevenscpt
Paula,https://www.instagram.com/paulavjater/,paulavjater
Julia,https://www.instagram.com/drjuliamorgan/,drjuliamorgan
Amanda,https://www.instagram.com/farmfitmomma/,farmfitmomma
Lauren,https://www.instagram.com/laurenjanynefit/,laurenjanynefit
Brittany,https://www.instagram.com/msbrittanypride/,msbrittanypride
Krys,https://www.instagram.com/coachkryssweet/,coachkryssweet
Kayla,https://www.instagram.com/kayla_kunz_/,kayla_kunz_
Antonia,https://www.instagram.com/antoniapassalacqua/,antoniapassalacqua
Annika,https://www.instagram.com/annikaspaintbrush/,annikaspaintbrush
Ashley,https://www.instagram.com/ashleymariewood_/,ashleymariewood_
Cayley,https://www.instagram.com/thenameiscayy/,thenameiscayy
Taylor,https://www.instagram.com/taylor.dadds/,taylor.dadds
Amy,https://www.instagram.com/amydeng__/,amydeng__
Caty,https://www.instagram.com/catystanko/,catystanko
Elizabeth,https://www.instagram.com/pehota/,pehota
Brandy,https://www.instagram.com/brandaytalamoni/,brandaytalamoni
Stephanie,https://www.instagram.com/see_stephanie_run/,see_stephanie_run
Sibel,https://www.instagram.com/sibelrunninghappy/,sibelrunninghappy
Alyssa,https://www.instagram.com/therealapbp/,therealapbp
Shruthi,https://www.instagram.com/shruthi.mur/,shruthi.mur
Corinne,https://www.instagram.com/triwithcorinne/,triwithcorinne
Avelyn,https://www.instagram.com/its.avelyn/,its.avelyn
Maggie,https://www.instagram.com/maggie_montoya/,maggie_montoya
Danielle,https://www.instagram.com/drdanielleedwards/,drdanielleedwards
Bailey,https://www.instagram.com/baileynesss/,baileynesss
Keira,https://www.instagram.com/keiradamato/,keiradamato
Carissa,https://www.instagram.com/carissa_gway/,carissa_gway
Ash,https://www.instagram.com/ahappypace/,ahappypace
Stephanie,https://www.instagram.com/steph.engblom/,steph.engblom
Emily,https://www.instagram.com/emilyallisonfit/,emilyallisonfit
Joy,https://www.instagram.com/jkjoykim/,jkjoykim
Estrella,https://www.instagram.com/fairytalerunner/,fairytalerunner
Lia,https://www.instagram.com/lifebylia_/,lifebylia_
Sarah,https://www.instagram.com/sarahbishopruns/,sarahbishopruns
Keri,https://www.instagram.com/kerihussey_/,kerihussey_
Megan,https://www.instagram.com/nutrition.for.runners/,nutrition.for.runners
Bianca,https://www.instagram.com/bianca.hd/,bianca.hd
Caroline,https://www.instagram.com/cr.inthecity/,cr.inthecity
Rebeca,https://www.instagram.com/beca_s2022/,beca_s2022
Maisy,https://www.instagram.com/_maisyh/,_maisyh
Allegra,https://www.instagram.com/allegraiacovino/,allegraiacovino
,https://www.instagram.com/messjalone/,messjalone
Alyssa,https://www.instagram.com/lyssanicolefit/,lyssanicolefit
Kate,https://www.instagram.com/_katehurl/,_katehurl
Devon,https://www.instagram.com/fastfoodie/,fastfoodie
Rachel,https://www.instagram.com/rachhwilson/,rachhwilson
Anna,https://www.instagram.com/amco_7/,amco_7
Ellie,https://www.instagram.com/runellie1/,runellie1
Veronica,https://www.instagram.com/cest_veronique/,cest_veronique
Skye,https://www.instagram.com/skyeforstie/,skyeforstie
Lema,https://www.instagram.com/lsbenaty/,lsbenaty
Victoria,https://www.instagram.com/victoriasummerville/,victoriasummerville
Olivia,https://www.instagram.com/oliviasheastyle/,oliviasheastyle
Nikia,https://www.instagram.com/kialachelle/,kialachelle
Katie,https://www.instagram.com/katie_mary_lives_life/,katie_mary_lives_life
Priscilla,https://www.instagram.com/priscillayoshida/,priscillayoshida
,https://www.instagram.com/joruff/,joruff
Liane,https://www.instagram.com/liane_lopez19/,liane_lopez19
Marissa,https://www.instagram.com/marissa.m___/,marissa.m___
Doorly,https://www.instagram.com/doorlymwinegar/,doorlymwinegar
Shannen,https://www.instagram.com/shannen_moen/,shannen_moen
Laura,https://www.instagram.com/laura.runs.ct/,laura.runs.ct
Allie,https://www.instagram.com/alejandravesely/,alejandravesely
Ebony,https://www.instagram.com/ebonymitchell/,ebonymitchell
Lahaina,https://www.instagram.com/lahainamae/,lahainamae
Jenny,https://www.instagram.com/jenny_gshaw/,jenny_gshaw
Annie,https://www.instagram.com/schmannnnn/,schmannnnn
Rachel,https://www.instagram.com/rachschneid18/,rachschneid18
Samantha,https://www.instagram.com/samanthadongnyc/,samanthadongnyc
Raizel,https://www.instagram.com/raizelkiely/,raizelkiely
Mak,https://www.instagram.com/makshearegan/,makshearegan
Liv,https://www.instagram.com/_naturallyliv_/,_naturallyliv_
Mariah,https://www.instagram.com/miahmariahg/,miahmariahg
Meg,https://www.instagram.com/meg_laferla/,meg_laferla
Vanessa,https://www.instagram.com/_nesssikay/,_nesssikay
mary,https://www.instagram.com/iammarylou/,iammarylou
Shamier,https://www.instagram.com/shambambino/,shambambino
Becky,https://www.instagram.com/beckyswade/,beckyswade
Beverly,https://www.instagram.com/bevramos/,bevramos
Jess,https://www.instagram.com/jessmovold/,jessmovold
Monique,https://www.instagram.com/moniqueolivee/,moniqueolivee
Lindsey,https://www.instagram.com/linz_mcd_/,linz_mcd_
Emma,https://www.instagram.com/emmagracehurley/,emmagracehurley
Jess,https://www.instagram.com/jesstonn/,jesstonn
Jenna,https://www.instagram.com/jennanieland/,jennanieland
Samantha,https://www.instagram.com/samantha.staystrong/,samantha.staystrong
Tori,https://www.instagram.com/tori.vfit/,tori.vfit
Tilly,https://www.instagram.com/_tillyfit_/,_tillyfit_
Venus,https://www.instagram.com/venusiren/,venusiren
skyler,https://www.instagram.com/skylerayami.fit/,skylerayami.fit
Sammy,https://www.instagram.com/fleckerfit/,fleckerfit
Luis,https://www.instagram.com/luis_gfitness/,luis_gfitness
ALXBRAWN,https://www.instagram.com/alxbrawn/,alxbrawn
Camryn,https://www.instagram.com/camhuetlifts/,camhuetlifts
kennedy,https://www.instagram.com/kpnfit/,kpnfit
Squeeze,https://www.instagram.com/ogblaze_/,ogblaze_
Sierra,https://www.instagram.com/_sierrariverra/,_sierrariverra
Nevaeh,https://www.instagram.com/vaeh_fit/,vaeh_fit
Kat,https://www.instagram.com/kittyhugfitness/,kittyhugfitness
Olivia,https://www.instagram.com/livsfittt/,livsfittt
Penny,https://www.instagram.com/penny_linnaye/,penny_linnaye
Abby,https://www.instagram.com/veiledfitness/,veiledfitness
Victoria,https://www.instagram.com/victoriamata_/,victoriamata_
Nommy,https://www.instagram.com/musclenommy/,musclenommy
Juliana,https://www.instagram.com/julianalloreda/,julianalloreda
Jnovaa,https://www.instagram.com/_jnovaa_/,_jnovaa_
Heather,https://www.instagram.com/hcdrake/,hcdrake
Autumn,https://www.instagram.com/fallnightlights/,fallnightlights
Helen,https://www.instagram.com/helenkillr/,helenkillr
Shiloh,https://www.instagram.com/shiloh_george/,shiloh_george
BigFiji,https://www.instagram.com/__officialfiji3/,__officialfiji3
Zach,https://www.instagram.com/zach.levet/,zach.levet
Wyatt,https://www.instagram.com/wyattx/,wyattx
Bennett,https://www.instagram.com/bennett__luke/,bennett__luke
Anthony,https://www.instagram.com/anthonyclee94/,anthonyclee94
Frank,https://www.instagram.com/dance_frank_dance/,dance_frank_dance
Damion,https://www.instagram.com/damionmhernandez/,damionmhernandez
Noble,https://www.instagram.com/noblebodybuilding/,noblebodybuilding
Elsy,https://www.instagram.com/elsyfelix/,elsyfelix
Jodi,https://www.instagram.com/jcampbell35/,jcampbell35
Akib,https://www.instagram.com/akibm9/,akibm9
Ahnnamaria,https://www.instagram.com/ahnnamaria/,ahnnamaria
Angus,https://www.instagram.com/angusbonoan/,angusbonoan
Antoine,https://www.instagram.com/the_modernsapien/,the_modernsapien
Daniel,https://www.instagram.com/_danielguzman_/,_danielguzman_
Shirley,https://www.instagram.com/_shirleyb_,_shirleyb_
Stowe,https://www.instagram.com/rebekastowe/,rebekastowe
Brett,https://www.instagram.com/brettsbites/,brettsbites
Cristina,https://www.instagram.com/cristinaisabelramirez/,cristinaisabelramirez
Demri,https://www.instagram.com/rundemri/,rundemri
Amy,https://www.instagram.com/amygreenfitness/,amygreenfitness
Molly,https://www.instagram.com/mol.hudson/,mol.hudson
tay,https://www.instagram.com/taylorchocek/,taylorchocek
Rachel,https://www.instagram.com/rachelraedrake/,rachelraedrake
micaela,https://www.instagram.com/micariverawood/,micariverawood
Bryce,https://www.instagram.com/brycehoppel/,brycehoppel
Harrison,https://www.instagram.com/yungharri/,yungharri
Jennyfer,https://www.instagram.com/prettyjenn97_/,prettyjenn97_
Rizzz,https://www.instagram.com/getfitwithrizzz/,getfitwithrizzz
Devon,https://www.instagram.com/devonallen13/,devonallen13
Maryn,https://www.instagram.com/maryngeorgia/,maryngeorgia
Natalie,https://www.instagram.com/fitbodynat/,fitbodynat
Camila,https://www.instagram.com/catrillalifts/,catrillalifts
Madden,https://www.instagram.com/madden.iamaleava/,madden.iamaleava
Aaron,https://www.instagram.com/alldayphysique/,alldayphysique
Christina,https://www.instagram.com/xty.avi/,xty.avi
devon,https://www.instagram.com/dvvon/,dvvon
Adam,https://www.instagram.com/aefeit/,aefeit
Andrea,https://www.instagram.com/fitsantini/,fitsantini
Madison,https://www.instagram.com/madisondelprior_/,madisondelprior_
Haley,https://www.instagram.com/fueledbyfitnesss/,fueledbyfitnesss
Genly,https://www.instagram.com/genlyreyes/,genlyreyes
Melissa,https://www.instagram.com/melii_giselle_/,melii_giselle_
Jarexy,https://www.instagram.com/http.jarexy/,http.jarexy
ANDRE',https://www.instagram.com/dre.the.reaper_fitness_trainer/,dre.the.reaper_fitness_trainer
Jacqueline,https://www.instagram.com/__jaaqueline/,__jaaqueline
Kayla,https://www.instagram.com/kayla_vie/,kayla_vie
Andrés,https://www.instagram.com/andresgomezr/,andresgomezr
Bill,https://www.instagram.com/bill_burgos/,bill_burgos
Azriel,https://www.instagram.com/azriel.guevara/,azriel.guevara
Abril,https://www.instagram.com/abrilbracho/,abrilbracho
Shay,https://www.instagram.com/iamshardea/,iamshardea
Jerrayne,https://www.instagram.com/tanjerrayne/,tanjerrayne
Clint,https://www.instagram.com/clint_hester/,clint_hester
Mel,https://www.instagram.com/meel_fit/,meel_fit
Adirys,https://www.instagram.com/mighty_didi/,mighty_didi
Michaela,https://www.instagram.com/dr.michaela_p/,dr.michaela_p
Agata,https://www.instagram.com/agatawoj/,agatawoj
Marley,https://www.instagram.com/marleyyjohnson/,marleyyjohnson
Deejay,https://www.instagram.com/playboipea/,playboipea
Brittany,https://www.instagram.com/_brittanyshamere/,_brittanyshamere
malak,https://www.instagram.com/malaksaqr_fit/,malaksaqr_fit
Stacey,https://www.instagram.com/iamstacey.a/,iamstacey.a
Yusra,https://www.instagram.com/thedptdiaries/,thedptdiaries
Aliyah,https://www.instagram.com/aliyahandrews/,aliyahandrews
Allison,https://www.instagram.com/allisonlbaca/,allisonlbaca
LESLIE,https://www.instagram.com/leslielesso/,leslielesso
Vay,https://www.instagram.com/buffvaya/,buffvaya
Elijah,https://www.instagram.com/elijahsas_/,elijahsas_
Delaney,https://www.instagram.com/delaney.maldonado/,delaney.maldonado
Alana,https://www.instagram.com/alana.fittt/,alana.fittt
Julie,https://www.instagram.com/jawsnelson/,jawsnelson
Arthur,https://www.instagram.com/arthur_french13/,arthur_french13
angie,https://www.instagram.com/angiegeonzon_/,angiegeonzon_
Nina,https://www.instagram.com/ninavragovic1/,ninavragovic1
Ayanna,https://www.instagram.com/yanna.hayes/,yanna.hayes
Taylor,https://www.instagram.com/_taymae_/,_taymae_
Michelle,https://www.instagram.com/ms.i.do.it.all/,ms.i.do.it.all
Grace,https://www.instagram.com/g.claxton/,g.claxton
Kendyll,https://www.instagram.com/kendyll_marie/,kendyll_marie
Blake,https://www.instagram.com/coachblakeraymond/,coachblakeraymond
Jackie,https://www.instagram.com/gymin_with_jac/,gymin_with_jac
CJ,https://www.instagram.com/drcjallen/,drcjallen
Quincy,https://www.instagram.com/quincy.standifer/,quincy.standifer
Alex,https://www.instagram.com/alexfjterranova/,alexfjterranova
Martin,https://www.instagram.com/martinsegurola/,martinsegurola
Josephus,https://www.instagram.com/josephus_lyles/,josephus_lyles
Eric,https://www.instagram.com/el_puma_loco_/,el_puma_loco_
Jordan,https://www.instagram.com/j0rdanmack/,j0rdanmack
Romaine,https://www.instagram.com/romaine_hjump/,romaine_hjump
Brandon,https://www.instagram.com/brandonshamy/,brandonshamy
Kate,https://www.instagram.com/katehavlicek/,katehavlicek
Jonah,https://www.instagram.com/vigil400m/,vigil400m
Audrey,https://www.instagram.com/audreybrie/,audreybrie
Cordell,https://www.instagram.com/cordizzle.pinch/,cordizzle.pinch
Laila,https://www.instagram.com/laiiiland/,laiiiland
Amere,https://www.instagram.com/__alattin/,__alattin
Tripp,https://www.instagram.com/piptriperi44/,piptriperi44
Sheridan,https://www.instagram.com/sheridanscala/,sheridanscala
Donavan,https://www.instagram.com/donavanbrazier/,donavanbrazier
Kennedy,https://www.instagram.com/ken_nedysauder/,ken_nedysauder
Justin,https://www.instagram.com/just_arevs/,just_arevs
Bryant,https://www.instagram.com/_bmitch16/,_bmitch16
Luka,https://www.instagram.com/bulletproof_chest/,bulletproof_chest
Daniel,https://www.instagram.com/fit_physiq/,fit_physiq
Angelino,https://www.instagram.com/cjalbertson/,cjalbertson
Ethan,https://www.instagram.com/etdeck/,etdeck
Tah,https://www.instagram.com/coachtah_/,coachtah_
Carla,https://www.instagram.com/sunkiss.fitness/,sunkiss.fitness
Shadrack,https://www.instagram.com/shadrackipchirchir/,shadrackipchirchir
JaQuavious,https://www.instagram.com/harrisjaquavious/,harrisjaquavious
Phillip,https://www.instagram.com/pmuscky55/,pmuscky55
Sam,https://www.instagram.com/picklerdude/,picklerdude
Drew,https://www.instagram.com/drew_kibler/,drew_kibler
Cody,https://www.instagram.com/codywilliams_167/,codywilliams_167
Seth,https://www.instagram.com/trainersethg/,trainersethg
Christian,https://www.instagram.com/slimtherunner/,slimtherunner
Alexya,https://www.instagram.com/alexyafit/,alexyafit
Brian,https://www.instagram.com/bahjournalist/,bahjournalist
Jacob,https://www.instagram.com/drjacobgoodin/,drjacobgoodin
Travis,https://www.instagram.com/tr__performance/,tr__performance
Carlos,https://www.instagram.com/organicloso/,organicloso
,https://www.instagram.com/_k.i.p.t.o.o/,_k.i.p.t.o.o
Vincent,https://www.instagram.com/iamvincentanthony/,iamvincentanthony
Adele,https://www.instagram.com/adele_carter/,adele_carter
Cole,https://www.instagram.com/colehosman/,colehosman
Dan,https://www.instagram.com/danlikesbikes/,danlikesbikes
Chamal,https://www.instagram.com/chamalthecamel/,chamalthecamel
Riley,https://www.instagram.com/rj_amos/,rj_amos
Pitre,https://www.instagram.com/blessedpitre/,blessedpitre
Brian,https://www.instagram.com/brianamerica/,brianamerica
Marcos,https://www.instagram.com/mcosgiron/,mcosgiron
Juan,https://www.instagram.com/zero_zero_juan/,zero_zero_juan
Matt,https://www.instagram.com/mattmanasse/,mattmanasse
Jonny,https://www.instagram.com/coachbridgewater/,coachbridgewater
raymond,https://www.instagram.com/kole.mathison/,kole.mathison
Katie,https://www.instagram.com/katiemerrifieldd/,katiemerrifieldd
Benjamin,https://www.instagram.com/azamatibenjamin/,azamatibenjamin
Kyle,https://www.instagram.com/kylekreutzer_/,kylekreutzer_
Pat,https://www.instagram.com/tiernan_pat/,tiernan_pat
Yared,https://www.instagram.com/yaredthegoose/,yaredthegoose
Wesley,https://www.instagram.com/wesley__kiptoo/,wesley__kiptoo
Mando,https://www.instagram.com/a_visi_/,a_visi_
N/A,https://www.instagram.com/reps.not.roids/,reps.not.roids
Serena,https://www.instagram.com/serenaaudreyfitness/,serenaaudreyfitness
Tré,https://www.instagram.com/trelbsfit/,trelbsfit
Dominic,https://www.instagram.com/domkuza/,domkuza
taye,https://www.instagram.com/taye_wins/,taye_wins
Jacob,https://www.instagram.com/biggainsbailey/,biggainsbailey
Alex,https://www.instagram.com/alexriveraslife/,alexriveraslife
JACOB,https://www.instagram.com/jacobahn_/,jacobahn_
Ben,https://www.instagram.com/ben.stoffel/,ben.stoffel
Jack,https://www.instagram.com/jack.okeefee/,jack.okeefee
A,https://www.instagram.com/simplyagnessa/,simplyagnessa
arexy,https://www.instagram.com/valerierodrgz/,valerierodrgz
A.B,https://www.instagram.com/alexxisbrooke__/,alexxisbrooke__
Mercedes,https://www.instagram.com/mercedesksingh/,mercedesksingh
Abby,https://www.instagram.com/abbsters_/,abbsters_
Adam,https://www.instagram.com/dradamgvili/,dradamgvili
Addie,https://www.instagram.com/addie_timmes/,addie_timmes
Amy,https://www.instagram.com/amybodyfitness/,amybodyfitness
Adri,https://www.instagram.com/adriana__aviles_/,adriana__aviles_
Anet,https://www.instagram.com/anetalexandra11/,anetalexandra11
Anna,https://www.instagram.com/annbann2/,annbann2
Ashley,https://www.instagram.com/ashleyymariefit_/,ashleyymariefit_
Belle,https://www.instagram.com/belleofthedesert/,belleofthedesert
Olivia,https://www.instagram.com/livvoffthegrid/,livvoffthegrid
Hannah,https://www.instagram.com/runthismomlife/,runthismomlife
Emily,https://www.instagram.com/emilyinfeld/,emilyinfeld
Martha,https://www.instagram.com/marthacatalinaaa/,marthacatalinaaa
Rose,https://www.instagram.com/rosecmeadows/,rosecmeadows
Kristen,https://www.instagram.com/kristenrunstheworld/,kristenrunstheworld
Gabrielle,https://www.instagram.com/hey.yo.gabssss/,hey.yo.gabssss
Jazmin,https://www.instagram.com/yogijazporter/,yogijazporter
Noor,https://www.instagram.com/nooralexandria/,nooralexandria
Natali,https://www.instagram.com/natali_melani/,natali_melani
,https://www.instagram.com/dr.tweetybird/,dr.tweetybird
Hanna,https://www.instagram.com/hanna.pattt/,hanna.pattt
Carolina,https://www.instagram.com/carolinareyes10793/,carolinareyes10793
Emma,https://www.instagram.com/emmajskii/,emmajskii
Davis,https://www.instagram.com/davisrmerrill/,davisrmerrill
Gabbi,https://www.instagram.com/the__gabs/,the__gabs
Danielle,https://www.instagram.com/original_ants/,original_ants
Amber,https://www.instagram.com/amber_lust/,amber_lust
Victoria,https://www.instagram.com/victoriabossong/,victoriabossong
Leah,https://www.instagram.com/leah_yingling/,leah_yingling
Jessica,https://www.instagram.com/jleventry/,jleventry
Billie,https://www.instagram.com/billzbythepound/,billzbythepound
Abby,https://www.instagram.com/abby.k.hall/,abby.k.hall
Helen,https://www.instagram.com/helenredcloud/,helenredcloud
Jenna,https://www.instagram.com/jennahaufler/,jennahaufler
Katie,https://www.instagram.com/katierains_17/,katierains_17
Erika,https://www.instagram.com/eflowers89/,eflowers89
Anaiz,https://www.instagram.com/anaizzzguerra/,anaizzzguerra
Rachel,https://www.instagram.com/rachelmcarthur_/,rachelmcarthur_
Abbey,https://www.instagram.com/abbey_dags/,abbey_dags
Taylor,https://www.instagram.com/taylorknibb/,taylorknibb
Lara,https://www.instagram.com/likezarabutlara/,likezarabutlara
Katie,https://www.instagram.com/ktb.23/,ktb.23
Taryn,https://www.instagram.com/taryn.nicole2/,taryn.nicole2
Maya,https://www.instagram.com/mayamonza/,mayamonza
Carly,https://www.instagram.com/whatsrunningcarly/,whatsrunningcarly
Christina,https://www.instagram.com/just_onemore_mile/,just_onemore_mile
Leigha,https://www.instagram.com/leighachrstine/,leighachrstine
Whittni,https://www.instagram.com/whittniomorgan_/,whittniomorgan_
Carolyn,https://www.instagram.com/la_triathlete/,la_triathlete
Leticia,https://www.instagram.com/letty_runs_happy/,letty_runs_happy
Lo,https://www.instagram.com/lo.fitt/,lo.fitt
Celera,https://www.instagram.com/celera_barnes/,celera_barnes
Talitha,https://www.instagram.com/talithadiggs/,talithadiggs
Aaliyah,https://www.instagram.com/aaliyahmiller28/,aaliyahmiller28
,https://www.instagram.com/trackdaypix/,trackdaypix
Katie,https://www.instagram.com/katieeidem/,katieeidem
Rose,https://www.instagram.com/rosezhang/,rosezhang
Raevyn,https://www.instagram.com/raealex35/,raealex35
Beteal,https://www.instagram.com/shazzyb_/,shazzyb_
BMarieee,https://www.instagram.com/32marieee/,32marieee
Sara,https://www.instagram.com/saraslattery/,saraslattery
Maddy,https://www.instagram.com/maddycastleberry/,maddycastleberry
Makena,https://www.instagram.com/makena_morley/,makena_morley
Jess,https://www.instagram.com/tempo_with_jess/,tempo_with_jess
Monae,https://www.instagram.com/monaealiya/,monaealiya
Sabrina,https://www.instagram.com/sabrinajem/,sabrinajem
Yemi,https://www.instagram.com/yemi_mary/,yemi_mary
Alexandra,https://www.instagram.com/alexandrawebster__/,alexandrawebster__
Emily,https://www.instagram.com/emilyabbate/,emilyabbate
Nickisha,https://www.instagram.com/nickisha_pryce/,nickisha_pryce
Sarah,https://www.instagram.com/sarahostaszewski/,sarahostaszewski
Jadin,https://www.instagram.com/jadinobrien/,jadinobrien
Alice,https://www.instagram.com/aliceg_alberts/,aliceg_alberts
Emily,https://www.instagram.com/empierce/,empierce
Keni,https://www.instagram.com/ken_aye_/,ken_aye_
Victoria,https://www.instagram.com/victoriaromero/,victoriaromero
Ava,https://www.instagram.com/_avaaa/,_avaaa
Keeley,https://www.instagram.com/keeleyyokley/,keeleyyokley
Deja,https://www.instagram.com/modificationmomma/,modificationmomma
Sarah,https://www.instagram.com/saraheburwell/,saraheburwell
Katalina,https://www.instagram.com/supernovoa/,supernovoa
Dani,https://www.instagram.com/dani.joness/,dani.joness
Zach,https://www.instagram.com/zachsowers/,zachsowers
Beatriz,https://www.instagram.com/bhatz_track/,bhatz_track
John,https://www.instagram.com/johnmichaelrace/,johnmichaelrace
Ayda,https://www.instagram.com/aydakash/,aydakash
Derek,https://www.instagram.com/iderekj/,iderekj
Tia,https://www.instagram.com/tiablackleyfit/,tiablackleyfit
,https://www.instagram.com/j0j0fitness/,j0j0fitness
Brittany,https://www.instagram.com/britdecker_mattsson/,britdecker_mattsson
Nader,https://www.instagram.com/torrnader/,torrnader
Nick,https://www.instagram.com/brandosensei/,brandosensei
Amaris,https://www.instagram.com/amaris_tyynismaa/,amaris_tyynismaa
Gladymar,https://www.instagram.com/gladym.ar/,gladym.ar
Rylee,https://www.instagram.com/bootyandbrains/,bootyandbrains
Isabella,https://www.instagram.com/isabellamedina/,isabellamedina
Kali,https://www.instagram.com/kalaaila/,kalaaila
brittanie,https://www.instagram.com/brittinthevilla/,brittinthevilla
Cynthia,https://www.instagram.com/slay_cynthia/,slay_cynthia
Jess,https://www.instagram.com/coachjess.nyc/,coachjess.nyc
Drea,https://www.instagram.com/bodybydreaa/,bodybydreaa
Peyton,https://www.instagram.com/pfallisfit/,pfallisfit
Brooklyn,https://www.instagram.com/_brooklynscoleil/,_brooklynscoleil
Hali,https://www.instagram.com/honey_bee_fit_/,honey_bee_fit_
Laura,https://www.instagram.com/price.of.fitness_/,price.of.fitness_
Taiye,https://www.instagram.com/taiyesjourney/,taiyesjourney
Sam,https://www.instagram.com/strongwithsamantha/,strongwithsamantha
Krissi,https://www.instagram.com/krissi.leigh/,krissi.leigh
Cereza,https://www.instagram.com/cerezameanscherry/,cerezameanscherry
Kaylee,https://www.instagram.com/dailyykkaylee/,dailyykkaylee
Sophia,https://www.instagram.com/fitbysophbof/,fitbysophbof
Mimi,https://www.instagram.com/mimi_ewuakye/,mimi_ewuakye
Dasia,https://www.instagram.com/dasiagradyy/,dasiagradyy
Destiny,https://www.instagram.com/totally.destiny/,totally.destiny
Atia,https://www.instagram.com/knatoriousfitness/,knatoriousfitness
Andrea,https://www.instagram.com/andreayoungg/,andreayoungg
Stephanie,https://www.instagram.com/stephaniefierro/,stephaniefierro
Shellece,https://www.instagram.com/shellecepratt/,shellecepratt
Jordan,https://www.instagram.com/jordansara/,jordansara
,https://www.instagram.com/txb_getactive/,txb_getactive
Nanzie,https://www.instagram.com/nanzie_peachz/,nanzie_peachz
Maggie,https://www.instagram.com/movewith_maggie/,movewith_maggie
Dezi,https://www.instagram.com/dezibing/,dezibing
Tay,https://www.instagram.com/taaaayyb/,taaaayyb
Hayley,https://www.instagram.com/hayleyallynfit/,hayleyallynfit
Kaylah,https://www.instagram.com/queenkaymonet/,queenkaymonet
Mo,https://www.instagram.com/mo.is.fit/,mo.is.fit
Sami,https://www.instagram.com/samialexis._/,samialexis._
Ari,https://www.instagram.com/bodiedbyari.fit/,bodiedbyari.fit
Samantha,https://www.instagram.com/sam.movess/,sam.movess
Kololia,https://www.instagram.com/kololiaatoa/,kololiaatoa
Jennifer,https://www.instagram.com/gymwithnefurjen/,gymwithnefurjen
Cora,https://www.instagram.com/coraashleyy/,coraashleyy
Katelynn,https://www.instagram.com/fitty_schmitty/,fitty_schmitty
Isabelle,https://www.instagram.com/isabellesansait/,isabellesansait
Eboni,https://www.instagram.com/itsjusteboni/,itsjusteboni
Sierra,https://www.instagram.com/buildbysierra/,buildbysierra
ebonyfitfreaks,https://www.instagram.com/ebonyfitfraeks/,ebonyfitfraeks
Miriah,https://www.instagram.com/getfitwithmi__/,getfitwithmi__
Sam,https://www.instagram.com/sam_myers__/,sam_myers__
Sky,https://www.instagram.com/sky_garvey/,sky_garvey
Court,https://www.instagram.com/courtwakedfit/,courtwakedfit
Eileen,https://www.instagram.com/champagneneenee/,champagneneenee
Nyla,https://www.instagram.com/nylaa.dd/,nylaa.dd
Jamie,https://www.instagram.com/jamiealexandriaa/,jamiealexandriaa
Samantha,https://www.instagram.com/samanthajayfit/,samanthajayfit
Brittany,https://www.instagram.com/fit.brit20/,fit.brit20
EJM,https://www.instagram.com/ejmcompany_miami_photographer_/,ejmcompany_miami_photographer_
Kierra,https://www.instagram.com/kierrajacksonn/,kierrajacksonn
Isabela,https://www.instagram.com/isabela.adele/,isabela.adele
Jeanine,https://www.instagram.com/jeanine.p_/,jeanine.p_
Jackie,https://www.instagram.com/jackies.fit/,jackies.fit
Steph,https://www.instagram.com/smartelly/,smartelly
Kirsty,https://www.instagram.com/kirstyraefitness/,kirstyraefitness
Ayoshia,https://www.instagram.com/a_yoshi_badd/,a_yoshi_badd
Shadrika,https://www.instagram.com/shadrika_shambria/,shadrika_shambria
Hitzy,https://www.instagram.com/hitzybitzy/,hitzybitzy
Atela,https://www.instagram.com/atelamonet/,atelamonet
Deanna,https://www.instagram.com/deanna_brown_/,deanna_brown_
Ana,https://www.instagram.com/anabra7/,anabra7
Brandi,https://www.instagram.com/itsgoldennfitness/,itsgoldennfitness
Crystal,https://www.instagram.com/_crystalotero/,_crystalotero
Angeline,https://www.instagram.com/angieqcalderone/,angieqcalderone
Sydney,https://www.instagram.com/sydsikess/,sydsikess
,https://www.instagram.com/fierce.f.i.t/,fierce.f.i.t
Holli,https://www.instagram.com/just_holli/,just_holli
Savannah,https://www.instagram.com/savnicole1/,savnicole1
Ana,https://www.instagram.com/ana.de.la.fuerza/,ana.de.la.fuerza
Jas,https://www.instagram.com/jasminponceee/,jasminponceee
Katelyn,https://www.instagram.com/fitt_katt_/,fitt_katt_
Adarah,https://www.instagram.com/adarahvoss/,adarahvoss
Rikki,https://www.instagram.com/rikki.white_/,rikki.white_
Victoria,https://www.instagram.com/vrdfitness/,vrdfitness
Jonee,https://www.instagram.com/therealjonee/,therealjonee
Angie,https://www.instagram.com/angierrios/,angierrios
Josie,https://www.instagram.com/josie_leininger/,josie_leininger
Brogan,https://www.instagram.com/fitnesswithbrogan/,fitnesswithbrogan
Taylor,https://www.instagram.com/taylorharrison_/,taylorharrison_
KD,https://www.instagram.com/kendradahlke/,kendradahlke
Patrice,https://www.instagram.com/patrice_fittt/,patrice_fittt
Melib,https://www.instagram.com/melib_co/,melib_co
Tori,https://www.instagram.com/toritwinem/,toritwinem
Cristal,https://www.instagram.com/_cristalaileen/,_cristalaileen
,https://www.instagram.com/jetfit.studio/,jetfit.studio
Kitty,https://www.instagram.com/oomg_itskat/,oomg_itskat
Lauren,https://www.instagram.com/laurenliftss/,laurenliftss
Mary,https://www.instagram.com/marydfitness/,marydfitness
Chasity,https://www.instagram.com/chasseee_x3/,chasseee_x3
Destiny,https://www.instagram.com/fittdessie/,fittdessie
Katy,https://www.instagram.com/strong.as.a.mother.stl/,strong.as.a.mother.stl
Karla,https://www.instagram.com/karlacariagafit/,karlacariagafit
Kaylin,https://www.instagram.com/kayfinchhh/,kayfinchhh
Liz,https://www.instagram.com/live.with.lizz/,live.with.lizz
Oceane,https://www.instagram.com/oceanee__fitness/,oceanee__fitness
IFBB,https://www.instagram.com/nicole_ifbb_fitness_pro/,nicole_ifbb_fitness_pro
Joy,https://www.instagram.com/joyymaria/,joyymaria
Elisa,https://www.instagram.com/sernaelisafit/,sernaelisafit
akshay__,https://www.instagram.com/a_k_shayy__/,a_k_shayy__
Alan,https://www.instagram.com/alantrejo13/,alantrejo13
Hallie,https://www.instagram.com/halliecampanaro/,halliecampanaro
Albert,https://www.instagram.com/warrior135ufc/,warrior135ufc
,https://www.instagram.com/shapedbylish/,shapedbylish
,https://www.instagram.com/thevianneylopez/,thevianneylopez
,https://www.instagram.com/__ducee/,__ducee
Neish,https://www.instagram.com/thee.neish/,thee.neish
Katherine,https://www.instagram.com/katherinevergara/,katherinevergara
Frank,https://www.instagram.com/king_frankie85/,king_frankie85
Josh,https://www.instagram.com/joshhoey21/,joshhoey21
Rob,https://www.instagram.com/rob.sembiante/,rob.sembiante
Kyle,https://www.instagram.com/thetravelrunnerofficial/,thetravelrunnerofficial
Dan,https://www.instagram.com/againarunner/,againarunner
Trevor,https://www.instagram.com/trevorbassitt30/,trevorbassitt30
CJ,https://www.instagram.com/cjham_93/,cjham_93
Darren,https://www.instagram.com/darrenjmeenan/,darrenjmeenan
Barry,https://www.instagram.com/barryclarrk/,barryclarrk
Christian,https://www.instagram.com/christiancash/,christiancash
J,https://www.instagram.com/j.l.x3/,j.l.x3
Freddie,https://www.instagram.com/freddiecrittenden/,freddiecrittenden
Eddie,https://www.instagram.com/eddie_001.mp4/,eddie_001.mp4
John,https://www.instagram.com/johnriv09/,johnriv09
Tashawn,https://www.instagram.com/daddy_shango/,daddy_shango
Anthony,https://www.instagram.com/anthonykunkel/,anthonykunkel
Dylan,https://www.instagram.com/thee_dylan/,thee_dylan
Lou,https://www.instagram.com/louserafini1/,louserafini1
Coley,https://www.instagram.com/coleyharvey/,coleyharvey
Alex,https://www.instagram.com/ak_powercoach/,ak_powercoach
Alexa,https://www.instagram.com/gymbuilt_/,gymbuilt_
Amira,https://www.instagram.com/kimharari_/,kimharari_
Patricia,https://www.instagram.com/pcanchica/,pcanchica
Priscilla,https://www.instagram.com/healthywithpris/,healthywithpris
Amber,https://www.instagram.com/amberdomond/,amberdomond
Amanda,https://www.instagram.com/amandaodgers/,amandaodgers
Gabbie,https://www.instagram.com/gabbie_graves/,gabbie_graves
Rebecca,https://www.instagram.com/beccamarshall/,beccamarshall
Kayla,https://www.instagram.com/kaylagiovinazzo/,kaylagiovinazzo
Haley,https://www.instagram.com/haleyjfit/,haleyjfit
Rachel,https://www.instagram.com/dcdimsumgirl/,dcdimsumgirl
Kimberly,https://www.instagram.com/liftwithkimmy/,liftwithkimmy
bre,https://www.instagram.com/therealstarringamber___/,therealstarringamber___
AMBER,https://www.instagram.com/mrscontino/,mrscontino
Becca,https://www.instagram.com/beccalfischer/,beccalfischer
Gina,https://www.instagram.com/just_geen/,just_geen
christina,https://www.instagram.com/crissy_trxp/,crissy_trxp
Amira,https://www.instagram.com/amirasamaha/,amirasamaha
Ana,https://www.instagram.com/gaby_cardoza09/,gaby_cardoza09
Ana,https://www.instagram.com/iamanamaria10/,iamanamaria10
Andrea,https://www.instagram.com/andreaw_lv/,andreaw_lv
Don,https://www.instagram.com/thedblife/,thedblife
Angel,https://www.instagram.com/msangelsom/,msangelsom
Anita,https://www.instagram.com/improvewithqueen/,improvewithqueen
Anniela,https://www.instagram.com/anniela_sanchez99/,anniela_sanchez99
Aria,https://www.instagram.com/empress_ariahope/,empress_ariahope
Ashlee,https://www.instagram.com/ashleerosemontague/,ashleerosemontague
Ashley,https://www.instagram.com/ashley.lifts/,ashley.lifts
Erika,https://www.instagram.com/erikarijor/,erikarijor
Ashley,https://www.instagram.com/ashleyann_fitness/,ashleyann_fitness
Erin,https://www.instagram.com/erinnbestie/,erinnbestie
Ashley,https://www.instagram.com/ashleycastb/,ashleycastb
Ashley,https://www.instagram.com/lovefit_ash/,lovefit_ash
Ashley,https://www.instagram.com/too_sweetash/,too_sweetash
,https://www.instagram.com/querelinxarceli/,querelinxarceli
Averi,https://www.instagram.com/averi.presley/,averi.presley
Avery,https://www.instagram.com/avescowan/,avescowan
baylie,https://www.instagram.com/itsbaylieee_/,itsbaylieee_
,https://www.instagram.com/beach_yuppie/,beach_yuppie
George,https://www.instagram.com/geotrunks916/,geotrunks916
,https://www.instagram.com/kiimpossible_25/,kiimpossible_25
Ginger,https://www.instagram.com/ginger_baez1/,ginger_baez1
Abigail,https://www.instagram.com/abigail.emalena.ponton,abigail.emalena.ponton
Beth,https://www.instagram.com/bethchamberlin10/,bethchamberlin10
Bianca,https://www.instagram.com/biancanicole11_/,biancanicole11_
jer'miya,https://www.instagram.com/jermiya.michelle/,jermiya.michelle
brandi,https://www.instagram.com/missbraaandi/,missbraaandi
BILLIE,https://www.instagram.com/billiebigs/,billiebigs
addi,https://www.instagram.com/addistring,addistring
Mitch,https://www.instagram.com/mitchammons/,mitchammons
Nathanael,https://www.instagram.com/nathanaelmortonn/,nathanaelmortonn
Yevhen,https://www.instagram.com/yzcentric/,yzcentric
Dave,https://www.instagram.com/dcourtnj/,dcourtnj
Isaac,https://www.instagram.com/isaacthomsonmma/,isaacthomsonmma
Daniel,https://www.instagram.com/dgatraining/,dgatraining
Joshua,https://www.instagram.com/_jbactive/,_jbactive
Braden,https://www.instagram.com/brussellolexo/,brussellolexo
,https://www.instagram.com/jdlocke_fit/,jdlocke_fit
Flako,https://www.instagram.com/flako954/,flako954
Joel,https://www.instagram.com/joelabbann/,joelabbann
,https://www.instagram.com/_stancil/,_stancil
Brady,https://www.instagram.com/bbbbrady/,bbbbrady
Abhishek,https://www.instagram.com/k1ngabh1/,k1ngabh1
Maurice,https://www.instagram.com/reeselewistraining/,reeselewistraining
Andrew,https://www.instagram.com/andrewlee_527/,andrewlee_527
Cass,https://www.instagram.com/mr.build.a.body/,mr.build.a.body
Daniel,https://www.instagram.com/lifewithcashdmoney_/,lifewithcashdmoney_
Eddie,https://www.instagram.com/infinite__gainz/,infinite__gainz
,https://www.instagram.com/fr33w3ight.killa/,fr33w3ight.killa
Adisa,https://www.instagram.com/adisalice,adisalice
Niko,https://www.instagram.com/nikoschultzzz/,nikoschultzzz
Adriana,https://www.instagram.com/adrianasimone_,adrianasimone_
,https://www.instagram.com/playmakerzo/,playmakerzo
Chris,https://www.instagram.com/cutoffchris/,cutoffchris
Jay,https://www.instagram.com/hhustleh/,hhustleh
Aisha,https://www.instagram.com/aishalwolfe/,aishalwolfe
Chazz,https://www.instagram.com/chazzfinnigan/,chazzfinnigan
Nic,https://www.instagram.com/niccasaula/,niccasaula
Solo,https://www.instagram.com/solopfitness/,solopfitness
Christian,https://www.instagram.com/christian.allen_/,christian.allen_
Austin,https://www.instagram.com/sweetlifeofaustin/,sweetlifeofaustin
Cory,https://www.instagram.com/smashdaddysitt/,smashdaddysitt
David,https://www.instagram.com/standardculture_/,standardculture_
Christian,https://www.instagram.com/_christian.bates_/,_christian.bates_
Halen,https://www.instagram.com/halenhulsebus/,halenhulsebus
David,https://www.instagram.com/kojodavidaidoo/,kojodavidaidoo
Henry,https://www.instagram.com/henrysaanchez/,henrysaanchez
Steve,https://www.instagram.com/steveinstride/,steveinstride
Derek,https://www.instagram.com/dflofitness/,dflofitness
Luis,https://www.instagram.com/luifetortoledo/,luifetortoledo
Ryan,https://www.instagram.com/ryan.a.johnson/,ryan.a.johnson
Marquan,https://www.instagram.com/quany_quan/,quany_quan
Sam,https://www.instagram.com/sam_beascochea/,sam_beascochea
Arthur,https://www.instagram.com/bootiesbyarthur/,bootiesbyarthur
Brandi,https://www.instagram.com/thebrandiandrews/,thebrandiandrews
Victor,https://www.instagram.com/vjrod/,vjrod
Steve,https://www.instagram.com/stevegeffrard/,stevegeffrard
Riho,https://www.instagram.com/riho.maruyama/,riho.maruyama
Cody,https://www.instagram.com/codylanphere/,codylanphere
Rachel,https://www.instagram.com/buffalodietitian/,buffalodietitian
Liz,https://www.instagram.com/thelemonbowl/,thelemonbowl
Alex,https://www.instagram.com/alexbush_/,alexbush_
Alicia,https://www.instagram.com/sweetandspicymacros/,sweetandspicymacros
Liv,https://www.instagram.com/liv.gives.tips/,liv.gives.tips
Whitney,https://www.instagram.com/somethingwhittyeats/,somethingwhittyeats
Kim,https://www.instagram.com/kimsproteinkitchen/,kimsproteinkitchen
Alec,https://www.instagram.com/hangryfireman/,hangryfireman
Kaydee,https://www.instagram.com/kaydee.oldham/,kaydee.oldham
Kalee,https://www.instagram.com/kalee_foster/,kalee_foster
Lacey,https://www.instagram.com/iamlaceygb/,iamlaceygb
Michelle,https://www.instagram.com/onehappykale/,onehappykale
Stephanie,https://www.instagram.com/happyandwellco/,happyandwellco
Steph,https://www.instagram.com/bewellwithsteph_/,bewellwithsteph_
Ari,https://www.instagram.com/ackfit_/,ackfit_
Michelle,https://www.instagram.com/therunnersplate/,therunnersplate
Maryam,https://www.instagram.com/fitcoachmaryaaam/,fitcoachmaryaaam
Kali,https://www.instagram.com/kalialexandria/,kalialexandria
Anna,https://www.instagram.com/annapaigemorgan/,annapaigemorgan
Adriana,https://www.instagram.com/adrianalately/,adrianalately
Courtney,https://www.instagram.com/courtneyblacher/,courtneyblacher
Jani,https://www.instagram.com/fitditts/,fitditts
Jennifer,https://www.instagram.com/jenniferkirschfitness/,jenniferkirschfitness
Shannon,https://www.instagram.com/thegymnurse/,thegymnurse
Cody,https://www.instagram.com/fit.and.tired/,fit.and.tired
Maggie,https://www.instagram.com/func_health/,func_health
Nikki,https://www.instagram.com/nikki_booch/,nikki_booch
Haley,https://www.instagram.com/heyherridge/,heyherridge
Joelle,https://www.instagram.com/joellesamantha/,joellesamantha
Leslie,https://www.instagram.com/gathering.page/,gathering.page
Jordyn,https://www.instagram.com/jordyns_journey/,jordyns_journey
Meghan,https://www.instagram.com/raisingtwinboys/,raisingtwinboys
Tenille,https://www.instagram.com/puremomblog/,puremomblog
Mary,https://www.instagram.com/downtownchicmoms/,downtownchicmoms
Jacque,https://www.instagram.com/itsjacqueblue,itsjacqueblue
Ann,https://www.instagram.com/annmariescheidler,annmariescheidler
Nikki,https://www.instagram.com/nikkimelago,nikkimelago
Kat,https://www.instagram.com/katmariesamson,katmariesamson
Jessica,https://www.instagram.com/itsjessicalinn,itsjessicalinn
Brooke,https://www.instagram.com/dearbrookes,dearbrookes
Brie,https://www.instagram.com/18musthaves,18musthaves
Sydney,https://www.instagram.com/sydneydelrey,sydneydelrey
Evelynn,https://www.instagram.com/eveebabee,eveebabee
Gina,https://www.instagram.com/ginasdailystyle,ginasdailystyle
Stacie,https://www.instagram.com/willworkforfashion_,willworkforfashion_
Amanda,https://www.instagram.com/splendidlysourced,splendidlysourced
Jessica,https://www.instagram.com/jesskatt123,jesskatt123
Sara,https://www.instagram.com/style.withsarao,style.withsarao
Joy,https://www.instagram.com/chicmombasics,chicmombasics
Erika,https://www.instagram.com/shoppingwith_erika,shoppingwith_erika
Kristen,https://www.instagram.com/kristens_southern_splendor/,kristens_southern_splendor
Hanoi,https://www.instagram.com/hanoievangelista,hanoievangelista
Amie,https://www.instagram.com/byamiebartley,byamiebartley
Chiara,https://www.instagram.com/chiara.casiraghi,chiara.casiraghi
Klaudiia,https://www.instagram.com/klaudiiabeautystyle,klaudiiabeautystyle
Kate,https://www.instagram.com/katesusanin,katesusanin
Smith,https://www.instagram.com/thesmithsfinds,thesmithsfinds
Courtney,https://www.instagram.com/courtelizz1,courtelizz1
Beverly,https://www.instagram.com/beverlylampeid,beverlylampeid
Amanda,https://www.instagram.com/amanda.goov,amanda.goov
Dal,https://www.instagram.com/dal.benavides,dal.benavides
Hannah,https://www.instagram.com/hannahharmelin,hannahharmelin
Janae,https://www.instagram.com/stylingwithjanae,stylingwithjanae
Gulin,https://www.instagram.com/coffeecupsandroses,coffeecupsandroses
Rose,https://www.instagram.com/rosee.lola,rosee.lola
Savina,https://www.instagram.com/savinavalentine,savinavalentine
Madeline,https://www.instagram.com/madeline_devaux,madeline_devaux
Danielka,https://www.instagram.com/danielka_eli,danielka_eli
Bailey,https://www.instagram.com/baileyhudziak,baileyhudziak
Cathie,https://www.instagram.com/cathieobrienn,cathieobrienn
Lindsay,https://www.instagram.com/buffalovebirds,buffalovebirds
Victoria,https://www.instagram.com/victorialacegann,victorialacegann
Kylien,https://www.instagram.com/kylienicoletuttle,kylienicoletuttle
Bianca,https://www.instagram.com/biancakicovic,biancakicovic
Sydney,https://www.instagram.com/sydneycitrus,sydneycitrus
Carrie,https://www.instagram.com/daytoncarrie,daytoncarrie
Laura,https://www.instagram.com/laura_lily,laura_lily
Tiffany,https://www.instagram.com/wellwithtiffany,wellwithtiffany
Zee,https://www.instagram.com/zeegustafson,zeegustafson
Natalie,https://www.instagram.com/thetrendygal_,thetrendygal_
Katherine,https://www.instagram.com/katiealligator,katiealligator
Ally,https://www.instagram.com/ally.hovious,ally.hovious
Aimee,https://www.instagram.com/aimeereiff,aimeereiff
Cely,https://www.instagram.com/cely.galeano,cely.galeano
Emma,https://www.instagram.com/wilsonaesthetic_,wilsonaesthetic_
Monica,https://www.instagram.com/monicasanluis,monicasanluis
Sara,https://www.instagram.com/sarasguzman,sarasguzman
Kelly,https://www.instagram.com/kelly.bondra,kelly.bondra
Lana,https://www.instagram.com/lana_keys,lana_keys
Ellie,https://www.instagram.com/ellievatedstyle,ellievatedstyle
Laura,https://www.instagram.com/dealsformomsblog,dealsformomsblog
Maddy,https://www.instagram.com/maddymjewell,maddymjewell
Samantha,https://www.instagram.com/samanthakatew,samanthakatew
Sofia,https://www.instagram.com/whatsofiawears_,whatsofiawears_
Martha,https://www.instagram.com/marthadove,marthadove
Kate,https://www.instagram.com/kate.bannister,kate.bannister
Blakelee,https://www.instagram.com/blakeleemoody,blakeleemoody
Lucy,https://www.instagram.com/lucyxlopez,lucyxlopez
Ariel,https://www.instagram.com/arieljdonatell,arieljdonatell
Amanda,https://www.instagram.com/arosestyling,arosestyling
Macy,https://www.instagram.com/macy.sp8,macy.sp8
Ariana,https://www.instagram.com/arianavitalee,arianavitalee
Emma,https://www.instagram.com/emmadoslak,emmadoslak
Nikki,https://www.instagram.com/nikki_flaucher,nikki_flaucher
Claudia,https://www.instagram.com/claudiaaarica,claudiaaarica
Paige,https://www.instagram.com/dailydealswithpaige,dailydealswithpaige
Estelle,https://www.instagram.com/estelle.kania,estelle.kania
Alexa,https://www.instagram.com/alexaschimel,alexaschimel
Shaheen,https://www.instagram.com/lowstoluxe,lowstoluxe
Claudia,https://www.instagram.com/claudiali,claudiali
Esther,https://www.instagram.com/estcetera_,estcetera_
Ashley,https://www.instagram.com/ashleyvictoriadahms,ashleyvictoriadahms
Vanessa,https://www.instagram.com/alwaysvaness,alwaysvaness
Tinsley,https://www.instagram.com/tinsleyerin,tinsleyerin
Kiya,https://www.instagram.com/kiyailese,kiyailese
Sarah,https://www.instagram.com/sarah.machtoub,sarah.machtoub
Tori,https://www.instagram.com/torigbradburry,torigbradburry
Hillary,https://www.instagram.com/hillary.bowles,hillary.bowles
Deena,https://www.instagram.com/itsdeenalang,itsdeenalang
Andrea,https://www.instagram.com/lifelovelarson,lifelovelarson
Renata,https://www.instagram.com/re.laterza,re.laterza
Scarlet,https://www.instagram.com/miss_scarletttt,miss_scarletttt
Lindsay,https://www.instagram.com/whimzylindzy,whimzylindzy
Yla,https://www.instagram.com/ylabenn,ylabenn
Shantae,https://www.instagram.com/shantaesuffren,shantaesuffren
Megan,https://www.instagram.com/megan_bair,megan_bair
Carson,https://www.instagram.com/carson_light,carson_light
Elena,https://www.instagram.com/elena_cs_it,elena_cs_it
Olivia,https://www.instagram.com/xoliviaface,xoliviaface
Celia,https://www.instagram.com/celiaskvaril,celiaskvaril
Sarah,https://www.instagram.com/thesarahbliss,thesarahbliss
Larisa,https://www.instagram.com/lalaaarisa,lalaaarisa
Katelyn,https://www.instagram.com/katelyn.nassar,katelyn.nassar
Amanda,https://www.instagram.com/amandakorina,amandakorina
Lex,https://www.instagram.com/alexia_breedlove,alexia_breedlove
Brittany,https://www.instagram.com/brittanynicolenelson,brittanynicolenelson
Samantha,https://www.instagram.com/samanthafurno,samanthafurno
Brooke,https://www.instagram.com/bro0ketini,bro0ketini
Hallie,https://www.instagram.com/halliekatee,halliekatee
Kendall,https://www.instagram.com/mystyledlife,mystyledlife
Sheerin,https://www.instagram.com/sheerin_lemieux,sheerin_lemieux
Kylie,https://www.instagram.com/kyliejscott,kyliejscott
Claudia,https://www.instagram.com/claudiarlamas,claudiarlamas
Maggie,https://www.instagram.com/maggiemball,maggiemball
Elba,https://www.instagram.com/elbaoward,elbaoward
Kasey,https://www.instagram.com/itskaseypotts,itskaseypotts
Alexandra,https://www.instagram.com/alex.floyd,alex.floyd
Sam,https://www.instagram.com/samspantsandplants,samspantsandplants
Rhonda,https://www.instagram.com/rhondamrawls,rhondamrawls
Jean,https://www.instagram.com/jean_marienp,jean_marienp
Miriam,https://www.instagram.com/meemz01,meemz01
Kylie,https://www.instagram.com/kylieofkya,kylieofkya
Jaylene,https://www.instagram.com/jaylene.outfits,jaylene.outfits
Annisha,https://www.instagram.com/annisha.tanksley,annisha.tanksley
Jema,https://www.instagram.com/jemaperezz,jemaperezz
Callie,https://www.instagram.com/angelcallie,angelcallie
Akwii,https://www.instagram.com/its_akwiii,its_akwiii
Grace,https://www.instagram.com/ideal.grace,ideal.grace
Lilly,https://www.instagram.com/lillyybearrr,lillyybearrr
Machiami,https://www.instagram.com/simplymachi,simplymachi
Nissi,https://www.instagram.com/silver_nissi,silver_nissi
Candie,https://www.instagram.com/clmtv,clmtv
Mary,https://www.instagram.com/marygracegraves,marygracegraves
Katerina,https://www.instagram.com/katerinasaba,katerinasaba
Lisa,https://www.instagram.com/makingprettymemories,makingprettymemories
Kayla,https://www.instagram.com/kaylanicholeramirez,kaylanicholeramirez
Morgan,https://www.instagram.com/mo_jewells,mo_jewells
Cami,https://www.instagram.com/cammpie,cammpie
Aubrey,https://www.instagram.com/aubrey.alley,aubrey.alley
Elysze,https://www.instagram.com/elysze,elysze
Shelbi,https://www.instagram.com/shelbicopain,shelbicopain
Kate,https://www.instagram.com/katelazarski,katelazarski
Janei,https://www.instagram.com/thesandyvirgo,thesandyvirgo
Jessie,https://www.instagram.com/jesskuo_,jesskuo_
Allison,https://www.instagram.com/allisonclaire.c,allisonclaire.c
Amina,https://www.instagram.com/aminaplease,aminaplease
Viktoriia,https://www.instagram.com/viviktoriiavi,viviktoriiavi
Sandra,https://www.instagram.com/sandrasays.co,sandrasays.co
Layan,https://www.instagram.com/layan_ghabin,layan_ghabin
Haleigh,https://www.instagram.com/haleighwhitcraft,haleighwhitcraft
Eleanor,https://www.instagram.com/eleanorhross,eleanorhross
Kelsey,https://www.instagram.com/_sincerelylovely,_sincerelylovely
Alyssa,https://www.instagram.com/alyssajulyasmith,alyssajulyasmith
Alize,https://www.instagram.com/allyyy.soto,allyyy.soto
Ayeyi,https://www.instagram.com/ayeyiathome,ayeyiathome
Oriane,https://www.instagram.com/kvssi_o,kvssi_o
Mackenzie,https://www.instagram.com/msmackolsen,msmackolsen
Darlene,https://www.instagram.com/beautyis_what_ido,beautyis_what_ido
Shay,https://www.instagram.com/cocoandwils,cocoandwils
Akida,https://www.instagram.com/akidamann,akidamann
Lauren,https://www.instagram.com/thecattspjs,thecattspjs
Ivana,https://www.instagram.com/ivanabfirestone,ivanabfirestone
Elsa,https://www.instagram.com/abenevolentsoul,abenevolentsoul
Maggie,https://www.instagram.com/maggssmarsh,maggssmarsh
Kavita,https://www.instagram.com/kavita.rimal,kavita.rimal
Chandni,https://www.instagram.com/_chandsxo,_chandsxo
Asmita,https://www.instagram.com/asmitapuri,asmitapuri
Yagmur,https://www.instagram.com/selloutartist_,selloutartist_
Samantha,https://www.instagram.com/samandthestars,samandthestars
Diana,https://www.instagram.com/dianaathenabest,dianaathenabest
Sharinda,https://www.instagram.com/theptonomad,theptonomad
Kristen,https://www.instagram.com/kristennroy,kristennroy
Alex,https://www.instagram.com/alexxandrax,alexxandrax
Sabrina,https://www.instagram.com/sabrinadematteo_,sabrinadematteo_
Saphina,https://www.instagram.com/saphinawest,saphinawest
Laura,https://www.instagram.com/lauralongo_,lauralongo_
Darrah,https://www.instagram.com/darrahadams_,darrahadams_
Chloe,https://www.instagram.com/generationchloe,generationchloe
Bindi,https://www.instagram.com/b.dailyfits,b.dailyfits
Nikoletta,https://www.instagram.com/nlknikki,nlknikki
Hannah,https://www.instagram.com/homemadehannah,homemadehannah
Kinley,https://www.instagram.com/kinley.crossland,kinley.crossland
Valentina,https://www.instagram.com/valendelanuez,valendelanuez
Geena,https://www.instagram.com/geenamariehunt,geenamariehunt
Jess,https://www.instagram.com/jessnoons,jessnoons
Emily,https://www.instagram.com/hiemilycolvard,hiemilycolvard
Jennifer,https://www.instagram.com/jenswear._,jenswear._
Anahita,https://www.instagram.com/itsanahitaa,itsanahitaa
Nicole,https://www.instagram.com/nkallberg,nkallberg
Hali,https://www.instagram.com/halioduor,halioduor
Anastasia,https://www.instagram.com/anastasiamidas,anastasiamidas
Carisa,https://www.instagram.com/carisaspeth,carisaspeth
Emily,https://www.instagram.com/emilycpe,emilycpe
Paulina,https://www.instagram.com/paulina.trans,paulina.trans
,https://www.instagram.com/synonymof_moonlit,synonymof_moonlit
Key,https://www.instagram.com/keyannaweaverr,keyannaweaverr
Terri,https://www.instagram.com/terriconnqvc,terriconnqvc
Carolina,https://www.instagram.com/imnotsorrydarling,imnotsorrydarling
Jshanelle,https://www.instagram.com/jshanelle,jshanelle
Kendall,https://www.instagram.com/kendallgalore,kendallgalore
Emilia,https://www.instagram.com/emiliaareza,emiliaareza
Taylor,https://www.instagram.com/taylor.dannise,taylor.dannise
Hollyn,https://www.instagram.com/hollynbaron,hollynbaron
Sara,https://www.instagram.com/latenightwithsara,latenightwithsara
Anoushka,https://www.instagram.com/foryourreputation,foryourreputation
Jazz,https://www.instagram.com/jazz_didit_,jazz_didit_
Brittne,https://www.instagram.com/lopezbrit,lopezbrit
Leslye,https://www.instagram.com/_leeesss,_leeesss
Summer,https://www.instagram.com/summerrfayee,summerrfayee
Katy,https://www.instagram.com/katerinalndry,katerinalndry
Daniela,https://www.instagram.com/jaxodyssey,jaxodyssey
Taylor,https://www.instagram.com/_taylorbprice,_taylorbprice
Jessica,https://www.instagram.com/jessiekayy,jessiekayy
Anika,https://www.instagram.com/anika_sutter,anika_sutter
Ashlyn,https://www.instagram.com/ashlyn.bischoff,ashlyn.bischoff
Chevita,https://www.instagram.com/chevitastewart,chevitastewart
Kaylee,https://www.instagram.com/kayleexmclean,kayleexmclean
Liz,https://www.instagram.com/lizys.world,lizys.world
Lucia,https://www.instagram.com/itsluciasmith,itsluciasmith
Elyssa,https://www.instagram.com/elyssa.mai,elyssa.mai
Aniyah,https://www.instagram.com/aniyahserinity,aniyahserinity
Marina,https://www.instagram.com/inchargeofoutfits,inchargeofoutfits
Kelsey,https://www.instagram.com/thesoloedit,thesoloedit
Sandra,https://www.instagram.com/decorhunter_,decorhunter_
Nishi,https://www.instagram.com/nishichowdhury,nishichowdhury
Sidney,https://www.instagram.com/sid.thee.kid,sid.thee.kid
Sachi,https://www.instagram.com/sachitaaa__,sachitaaa__
Aria,https://www.instagram.com/blogsbyaria,blogsbyaria
Michele,https://www.instagram.com/micheledee_,micheledee_
Tamia,https://www.instagram.com/tamiak_,tamiak_
Cassandra,https://www.instagram.com/ccavallaro,ccavallaro
Stacy,https://www.instagram.com/stacymariekay,stacymariekay
McCoy,https://www.instagram.com/frosttarte,frosttarte
Jojo,https://www.instagram.com/mamakeavy,mamakeavy
Sierra,https://www.instagram.com/_sierramayhew,_sierramayhew
Melissa,https://www.instagram.com/melissamcgoffqvc,melissamcgoffqvc
Mely,https://www.instagram.com/allthingsmely,allthingsmely
Nava,https://www.instagram.com/navaestherr,navaestherr
Sarina,https://www.instagram.com/babylumpiia,babylumpiia
Maura,https://www.instagram.com/always.maura,always.maura
Allison,https://www.instagram.com/allisonvallerand,allisonvallerand
Allakat,https://www.instagram.com/allakatkovski,allakatkovski
Titatots,https://www.instagram.com/titatotss,titatotss
Nikki,https://www.instagram.com/nikki_smg,nikki_smg
Hannah,https://www.instagram.com/jonesgirlstudios,jonesgirlstudios
Morgan,https://www.instagram.com/morganrbaldwin,morganrbaldwin
Autumn,https://www.instagram.com/auttgood,auttgood
Irina,https://www.instagram.com/withkro,withkro
Alexandra,https://www.instagram.com/alexandraxeve,alexandraxeve
Kimberly,https://www.instagram.com/kimberlygonzlz,kimberlygonzlz
Kristin,https://www.instagram.com/kristinjonesy,kristinjonesy
Virginia,https://www.instagram.com/styledvirginia,styledvirginia
Elizabeth,https://www.instagram.com/e.c.hendrickson,e.c.hendrickson
Elizabeth,https://www.instagram.com/houseoffninetysix,houseoffninetysix
Laura,https://www.instagram.com/laura.marie.xo,laura.marie.xo
Tahira,https://www.instagram.com/iamtahira,iamtahira
Abby,https://www.instagram.com/abbycatlin,abbycatlin
Madison,https://www.instagram.com/madisonappel,madisonappel
Nicole,https://www.instagram.com/nicolesmalley,nicolesmalley
Aliya,https://www.instagram.com/aliyamonique,aliyamonique
Angelina,https://www.instagram.com/angeeelina.m,angeeelina.m
Angel,https://www.instagram.com/midlifecrisisgirl,midlifecrisisgirl
Alisa,https://www.instagram.com/alisa.kahn,alisa.kahn
Brooke,https://www.instagram.com/resale_over_retail,resale_over_retail
Kally,https://www.instagram.com/kallysavon,kallysavon
Tracy,https://www.instagram.com/tracybordewyk,tracybordewyk
Bianca,https://www.instagram.com/biancagover,biancagover
Brooke,https://www.instagram.com/brooketang,brooketang
Claire,https://www.instagram.com/claireastevenson,claireastevenson
Arbela,https://www.instagram.com/arbela.elena,arbela.elena
Maya,https://www.instagram.com/mayagpete,mayagpete
Ellie,https://www.instagram.com/elliejuengel,elliejuengel
Mkenzee,https://www.instagram.com/mkenzee.thorn,mkenzee.thorn
Raisa,https://www.instagram.com/theraisareyes,theraisareyes
Alexis,https://www.instagram.com/lexx.aguirre,lexx.aguirre
Sammie,https://www.instagram.com/hullosam,hullosam
Gemai,https://www.instagram.com/galleryofgemai,galleryofgemai
Shany,https://www.instagram.com/shanymonroy,shanymonroy
Cassie,https://www.instagram.com/itscassiethorpe,itscassiethorpe
Mariam,https://www.instagram.com/marryamgul,marryamgul
Sienna,https://www.instagram.com/siennasinterest,siennasinterest
Nicole,https://www.instagram.com/nicolesaliba_,nicolesaliba_
Isabella,https://www.instagram.com/isabellaadina,isabellaadina
Lesley,https://www.instagram.com/miss.o777,miss.o777
Sophia,https://www.instagram.com/sophiafujimaki,sophiafujimaki
Paula,https://www.instagram.com/paulaayotte,paulaayotte
Michelle,https://www.instagram.com/michelle.marsico,michelle.marsico
Chloe,https://www.instagram.com/chloetallyexhausted,chloetallyexhausted
Tara,https://www.instagram.com/taraturnure,taraturnure
Nina,https://www.instagram.com/ninaoliviaxo,ninaoliviaxo
Vina,https://www.instagram.com/queeen_vina,queeen_vina
Tori,https://www.instagram.com/tori.keirsey,tori.keirsey
Lechelle,https://www.instagram.com/werkwithlee,werkwithlee
Orianna,https://www.instagram.com/oriannapolanco,oriannapolanco
Melanie,https://www.instagram.com/melaniesugert,melaniesugert
Ambar,https://www.instagram.com/ambar.penelope,ambar.penelope
Meagan,https://www.instagram.com/meagan.eby,meagan.eby
Brittany,https://www.instagram.com/brittnmarrero,brittnmarrero
Kayla,https://www.instagram.com/kaylazaynexo,kaylazaynexo
Kevelyn,https://www.instagram.com/kevelynbjones,kevelynbjones
Alyssa,https://www.instagram.com/lyss.kostrzewa,lyss.kostrzewa
Antaris,https://www.instagram.com/1.antarisj,1.antarisj
Marigrey,https://www.instagram.com/marigreyf,marigreyf
Kiera,https://www.instagram.com/kiera1,kiera1
Julia,https://www.instagram.com/juliastangler,juliastangler
Serra,https://www.instagram.com/serrageris,serrageris
Carly,https://www.instagram.com/carly.monzo,carly.monzo
Vlhaas,https://www.instagram.com/vlhaas,vlhaas
Susan,https://www.instagram.com/susanromanishin,susanromanishin
Chrissy,https://www.instagram.com/chrissyhounchell,chrissyhounchell
Selina,https://www.instagram.com/selinambaci,selinambaci
Sagrika,https://www.instagram.com/sagrikasethi_,sagrikasethi_
Diane,https://www.instagram.com/thedianele,thedianele
Theresa,https://www.instagram.com/ressarose,ressarose
Raena,https://www.instagram.com/raenalb,raenalb
Alexandria,https://www.instagram.com/the.alexandrialee,the.alexandrialee
Yulia,https://www.instagram.com/yulllliiaa,yulllliiaa
Johanne,https://www.instagram.com/a_woman_withclass,a_woman_withclass
Madison,https://www.instagram.com/madditayler,madditayler
Anabelle,https://www.instagram.com/anabelle.jeann,anabelle.jeann
Giordana,https://www.instagram.com/giordanaraceli,giordanaraceli
Ivy,https://www.instagram.com/ivy.hecht,ivy.hecht
Keila,https://www.instagram.com/keilabekillingit,keilabekillingit
Arica,https://www.instagram.com/itsprettyrica,itsprettyrica
Yasmine,https://www.instagram.com/yasminemcbride_,yasminemcbride_
Rexie,https://www.instagram.com/rexie_reed,rexie_reed
Chanelle,https://www.instagram.com/chanellemarie___,chanellemarie___
Alesia,https://www.instagram.com/alesialoves,alesialoves
Jamie,https://www.instagram.com/jamiemichaudd,jamiemichaudd
Brooke,https://www.instagram.com/brookeashtonlackey,brookeashtonlackey
Maya,https://www.instagram.com/mayaavictoriia,mayaavictoriia
Linyan,https://www.instagram.com/linyanwenes,linyanwenes
Anya,https://www.instagram.com/anabondana,anabondana
Tanu,https://www.instagram.com/tanu28_8,tanu28_8
Kelsey,https://www.instagram.com/kelseyclarajones,kelseyclarajones
Jayme,https://www.instagram.com/itsjaymemason,itsjaymemason
Kai,https://www.instagram.com/itskaidenise,itskaidenise
Katie,https://www.instagram.com/katieannemach,katieannemach
Mani,https://www.instagram.com/maniblxnco,maniblxnco
Ashley,https://www.instagram.com/ashley.adell,ashley.adell
Yermila,https://www.instagram.com/yara.lamp,yara.lamp
Brooke,https://www.instagram.com/baby.brkl,baby.brkl
Maritz,https://www.instagram.com/maritzaortizzz,maritzaortizzz
Bria,https://www.instagram.com/briawilliams_,briawilliams_
Nat,https://www.instagram.com/nataliedemilo,nataliedemilo
Nancy,https://www.instagram.com/im_so_nancy,im_so_nancy
Aarice,https://www.instagram.com/aaricanichole,aaricanichole
Amanda,https://www.instagram.com/amandafinesse,amandafinesse
Nika,https://www.instagram.com/nika.gendelman,nika.gendelman
Hana,https://www.instagram.com/hanababajic,hanababajic
Kellie,https://www.instagram.com/kellie_muncy,kellie_muncy
Caitlynn,https://www.instagram.com/_therealkattt,_therealkattt
Angel,https://www.instagram.com/chloroblasts,chloroblasts
Atelier,https://www.instagram.com/atelierchezgabi,atelierchezgabi
Lauren,https://www.instagram.com/iamthelaurenelise,iamthelaurenelise
Courtney,https://www.instagram.com/courtneyannklang,courtneyannklang
Alexis,https://www.instagram.com/alexisdelchiaro,alexisdelchiaro
Olivia,https://www.instagram.com/shop.withlivvv,shop.withlivvv
Sabrina,https://www.instagram.com/westboundcowgal,westboundcowgal
Tamouna,https://www.instagram.com/tammounna,tammounna
Carly,https://www.instagram.com/carly_blaney,carly_blaney
Ashley,https://www.instagram.com/ashleyyguzmannn,ashleyyguzmannn
Meredith,https://www.instagram.com/meredithwyche,meredithwyche
Shannon,https://www.instagram.com/stylebylolly,stylebylolly
Mikayla,https://www.instagram.com/miks_pics,miks_pics
Andrea,https://www.instagram.com/andreaschroder1,andreaschroder1
Elen,https://www.instagram.com/elenzmart,elenzmart
Nicole,https://www.instagram.com/niczahira_,niczahira_
Lilly,https://www.instagram.com/rosslilly,rosslilly
Jasmin,https://www.instagram.com/jasminejai_,jasminejai_
Miyah,https://www.instagram.com/miyah.oliviaa,miyah.oliviaa
Adri,https://www.instagram.com/alittlebitofadri,alittlebitofadri
Dionna,https://www.instagram.com/sunnydii_,sunnydii_
Julia,https://www.instagram.com/brittwcohen,brittwcohen
Rebecca,https://www.instagram.com/shinnersss,shinnersss
Kayla,https://www.instagram.com/kaylasjoy,kaylasjoy
Miranda,https://www.instagram.com/mirandaparkerbackup,mirandaparkerbackup
Paige,https://www.instagram.com/paigee.alexis,paigee.alexis
Mabel,https://www.instagram.com/msmabelmartinez,msmabelmartinez
Sandra,https://www.instagram.com/sandramadjdi,sandramadjdi
Leah,https://www.instagram.com/leahluxe__,leahluxe__
Kate,https://www.instagram.com/katelatkovic,katelatkovic
Katelyn,https://www.instagram.com/katelyn.hendricksonn,katelyn.hendricksonn
Melissa,https://www.instagram.com/itsmelissaepps,itsmelissaepps
Hana,https://www.instagram.com/hawhnuh,hawhnuh
Victoria,https://www.instagram.com/zelofskeau,zelofskeau
Brandi,https://www.instagram.com/brandi.zuger,brandi.zuger
Nixi,https://www.instagram.com/nixinicks,nixinicks
Brittany,https://www.instagram.com/whereinthecurls,whereinthecurls
Layne,https://www.instagram.com/laynehagy,laynehagy
Brittany,https://www.instagram.com/hautechic,hautechic
Amy,https://www.instagram.com/amyaraya1,amyaraya1
Aissatou,https://www.instagram.com/signedbyaissatou,signedbyaissatou
Nicole,https://www.instagram.com/nikkiobree,nikkiobree
Ivana,https://www.instagram.com/ivanakaryhn,ivanakaryhn
Laura,https://www.instagram.com/lauragracedangeli,lauragracedangeli
Penelope,https://www.instagram.com/penelope.loo,penelope.loo
Ashley,https://www.instagram.com/ashjustine,ashjustine
Mckenna,https://www.instagram.com/mckennagoddardd,mckennagoddardd
Lynn,https://www.instagram.com/lynnn_joseph,lynnn_joseph
Julie,https://www.instagram.com/jugarnspice,jugarnspice
Nezz,https://www.instagram.com/nezz.aa,nezz.aa
Leondria,https://www.instagram.com/leondria.v.b,leondria.v.b
Brianna,https://www.instagram.com/briannapalomino/,briannapalomino
Carlysle,https://www.instagram.com/cmcnaughtak,cmcnaughtak
Barnette,https://www.instagram.com/dcfashionfool,dcfashionfool
Nick,https://www.instagram.com/nickthrowsafit,nickthrowsafit
Sam,https://www.instagram.com/sjparv,sjparv
Zack,https://www.instagram.com/zackinaction,zackinaction
John,https://www.instagram.com/jfusilie,jfusilie
Utkarsh,https://www.instagram.com/realutkrsh,realutkrsh
Alexander,https://www.instagram.com/alexander_koch1,alexander_koch1
Tyler,https://www.instagram.com/tylerjaaames,tylerjaaames
Cam,https://www.instagram.com/camgcooper,camgcooper
Dominique,https://www.instagram.com/dominiqueashonjones,dominiqueashonjones
Dylan,https://www.instagram.com/dyllanparris,dyllanparris
Trivin,https://www.instagram.com/trivinskitaylor,trivinskitaylor
Dereck,https://www.instagram.com/dereck.taplin,dereck.taplin
Parker,https://www.instagram.com/parkermindel,parkermindel
Gettys,https://www.instagram.com/ill_will_g,ill_will_g
Hilyale,https://www.instagram.com/hilyale,hilyale
Luis,https://www.instagram.com/luisjcorrales,luisjcorrales
Loannis,https://www.instagram.com/jadamgr,jadamgr
James,https://www.instagram.com/james.lantz,james.lantz
Edward,https://www.instagram.com/edwarddigges,edwarddigges
Brandon,https://www.instagram.com/brandon.win,brandon.win
Jeremiah,https://www.instagram.com/mrjregis,mrjregis
Eric,https://www.instagram.com/ranger_up,ranger_up
Micah,https://www.instagram.com/micahjesse,micahjesse
Kyzar,https://www.instagram.com/kyzarcloset,kyzarcloset
Harry,https://www.instagram.com/harrytoohey,harrytoohey
Quentin,https://www.instagram.com/mrqfears,mrqfears
Will,https://www.instagram.com/wiillmoore,wiillmoore
Jerry,https://www.instagram.com/justjerry,justjerry
Devondre,https://www.instagram.com/driggzthemodel,driggzthemodel
Jaylon,https://www.instagram.com/iamjaylonrachad,iamjaylonrachad
Manny,https://www.instagram.com/fuego_manny,fuego_manny
Mikey,https://www.instagram.com/mikeykravitz,mikeykravitz
Daniel,https://www.instagram.com/danielzbaraka,danielzbaraka
Fernandez,https://www.instagram.com/fern6ndez,fern6ndez
Sam,https://www.instagram.com/samnoyer,samnoyer
Jalen,https://www.instagram.com/eauxjalen,eauxjalen
Jace,https://www.instagram.com/jaceadamss,jaceadamss
Sebastian,https://www.instagram.com/sebascintron,sebascintron
Melou,https://www.instagram.com/teachmelou,teachmelou
Mike,https://www.instagram.com/mikexmartn,mikexmartn
Nigel,https://www.instagram.com/nxgeluno,nxgeluno
Raf,https://www.instagram.com/rafnosimons,rafnosimons
Jimmy,https://www.instagram.com/iamjrichardson,iamjrichardson
Dekota,https://www.instagram.com/dekotawaller,dekotawaller
Ryan,https://www.instagram.com/ryanthomasroth,ryanthomasroth
Arturo,https://www.instagram.com/artofstyle1906,artofstyle1906
Beto,https://www.instagram.com/beto.lunaaa,beto.lunaaa
Wanya,https://www.instagram.com/king___wanya,king___wanya
Ottob,https://www.instagram.com/iamottob,iamottob
Trent,https://www.instagram.com/trentevolaa,trentevolaa
Juju,https://www.instagram.com/thebadjujudesign,thebadjujudesign
Jose,https://www.instagram.com/joseventuravbcg,joseventuravbcg
Buchi,https://www.instagram.com/buchidaily,buchidaily
Pedro,https://www.instagram.com/boynamedpedro,boynamedpedro
Erno,https://www.instagram.com/ernoooooo,ernoooooo
Kev,https://www.instagram.com/kevforking,kevforking
Alofted,https://www.instagram.com/himalofted,himalofted
Justen,https://www.instagram.com/ju5ten_,ju5ten_
Nick,https://www.instagram.com/itsnickjackson,itsnickjackson
Zack,https://www.instagram.com/zpthedon,zpthedon
Ben,https://www.instagram.com/benesqueda,benesqueda
Kevin,https://www.instagram.com/bykevincoleman,bykevincoleman
Henry,https://www.instagram.com/gr8nessent,gr8nessent
Anthony,https://www.instagram.com/deanthonyofficial,deanthonyofficial
Ludjero,https://www.instagram.com/ludjero,ludjero
Akeem,https://www.instagram.com/akeemmjr,akeemmjr
Cartier,https://www.instagram.com/cartierbutler,cartierbutler
Jeremy,https://www.instagram.com/imjeremyclyde,imjeremyclyde
Quincy,https://www.instagram.com/quincith,quincith
Thee,https://www.instagram.com/donjehiel,donjehiel
Balencimani,https://www.instagram.com/balencimani,balencimani
Austin,https://www.instagram.com/wyntonaustin,wyntonaustin
Yves,https://www.instagram.com/yveziko,yveziko
Mali,https://www.instagram.com/malicai__,malicai__
Chris,https://www.instagram.com/chrispitsicalis,chrispitsicalis
Keon,https://www.instagram.com/officialkeon,officialkeon
MJ,https://www.instagram.com/jonathan_mj_1,jonathan_mj_1
Matt,https://www.instagram.com/matttrossi,matttrossi
Akar,https://www.instagram.com/akargreen,akargreen
Danny,https://www.instagram.com/dannyphantastic,dannyphantastic
Maxwell,https://www.instagram.com/maxwellmccoy_,maxwellmccoy_
Johnathan,https://www.instagram.com/johngotcha_,johngotcha_
Zach,https://www.instagram.com/_zachmcnally,_zachmcnally
Juz,https://www.instagram.com/juzofficialicon,juzofficialicon
Stunna,https://www.instagram.com/o.mstunna,o.mstunna
Rahki,https://www.instagram.com/4rahki,4rahki
Nate,https://www.instagram.com/natepkoch,natepkoch
Emmanuel,https://www.instagram.com/emmanuelarias_,emmanuelarias_
Maurice,https://www.instagram.com/moesulli,moesulli
Curtis,https://www.instagram.com/curtismurphyjr,curtismurphyjr
Jaylenn,https://www.instagram.com/luvjaylenn,luvjaylenn
Mijon,https://www.instagram.com/mijonnnn,mijonnnn
Blake,https://www.instagram.com/blakewnelson,blakewnelson
Cgaston,https://www.instagram.com/_cgaston7,_cgaston7
Kenny,https://www.instagram.com/kennyjoynt,kennyjoynt
Germs,https://www.instagram.com/raregerms,raregerms
Trieu,https://www.instagram.com/quan.million,quan.million
Dovas,https://www.instagram.com/dovaszakas,dovaszakas
Caitlin,https://www.instagram.com/mostaveragemama,mostaveragemama
Ci,https://www.instagram.com/watchciwork,watchciwork
Steph,https://www.instagram.com/stephbacos,stephbacos
Alexis,https://www.instagram.com/alexis_linssen,alexis_linssen
Camille,https://www.instagram.com/camillejcreates,camillejcreates
Erin,https://www.instagram.com/erinsalvetti,erinsalvetti
Holly,https://www.instagram.com/hollyeasters,hollyeasters
Blakely,https://www.instagram.com/blakelymcevoy,blakelymcevoy
Haley,https://www.instagram.com/_haleydedeker,_haleydedeker
Melissa,https://www.instagram.com/melissatrincado,melissatrincado
Marisa,https://www.instagram.com/itsmarisaherr,itsmarisaherr
Natalie,https://www.instagram.com/natalieintheburbs,natalieintheburbs
Olivia,https://www.instagram.com/colorado_liv,colorado_liv
Rina,https://www.instagram.com/rina.hutson,rina.hutson
Marketa,https://www.instagram.com/markykee,markykee
Didi,https://www.instagram.com/callithome__,callithome__
Sarah,https://www.instagram.com/sarahscoop,sarahscoop
Juani,https://www.instagram.com/the_sip_studio,the_sip_studio
Tori,https://www.instagram.com/itstoritini,itstoritini
Alice,https://www.instagram.com/alicelikesit,alicelikesit
Marcela,https://www.instagram.com/marcela.veronica_,marcela.veronica_
Biri,https://www.instagram.com/birianderson,birianderson
Jasmine,https://www.instagram.com/demarcusbsean,demarcusbsean
Emily,https://www.instagram.com/mommafromscratch,mommafromscratch
Courtney,https://www.instagram.com/court_magana,court_magana
Valerie,https://www.instagram.com/_valerieescobar_,_valerieescobar_
Brittany,https://www.instagram.com/the.pigeon.nest,the.pigeon.nest
Morgan,https://www.instagram.com/simplymorganbeer,simplymorganbeer
Adri,https://www.instagram.com/miamimodernmama,miamimodernmama
Rosangela,https://www.instagram.com/rosangelacaromc,rosangelacaromc
Tamara,https://www.instagram.com/tee.fit_,tee.fit_
Natali,https://www.instagram.com/sco_nathalie,sco_nathalie
Naomi,https://www.instagram.com/naomi_terese93,naomi_terese93
Jessica,https://www.instagram.com/itsjessnicole,itsjessnicole
Makayla,https://www.instagram.com/mkayfaith,mkayfaith
Ivett,https://www.instagram.com/ivettleone,ivettleone
Flor,https://www.instagram.com/itsflornavarro,itsflornavarro
Melissa,https://www.instagram.com/_melissa_mitchell_,_melissa_mitchell_
Madison,https://www.instagram.com/musclebymadison,musclebymadison
Julia,https://www.instagram.com/beatrizz_soler,beatrizz_soler
Kay,https://www.instagram.com/kay.justina,kay.justina
Victoria,https://www.instagram.com/iiamvictoriia,iiamvictoriia
Marialex,https://www.instagram.com/marialexcamacho,marialexcamacho
Nageen,https://www.instagram.com/nageen_lifestyle,nageen_lifestyle
Madison,https://www.instagram.com/madisonconroyy,madisonconroyy
Hannah,https://www.instagram.com/homewithhannahwang,homewithhannahwang
Alexis,https://www.instagram.com/prettylittlelex,prettylittlelex
Valentina,https://www.instagram.com/valencoronaa,valencoronaa
Caterine,https://www.instagram.com/catknowsmiami,catknowsmiami
Jamie,https://www.instagram.com/foxyjshon,foxyjshon
Erin,https://www.instagram.com/itsserinnicole,itsserinnicole
Shikoma,https://www.instagram.com/shikomamontford,shikomamontford
Mahsa,https://www.instagram.com/mahsaraaf,mahsaraaf
Nikki,https://www.instagram.com/nikkilaaaa,nikkilaaaa
Alisia,https://www.instagram.com/alisiacatblair,alisiacatblair
Miranda,https://www.instagram.com/ourwisconsinnest,ourwisconsinnest
Jacey,https://www.instagram.com/jaceytothefourthpower/,jaceytothefourthpower
Gizzy,https://www.instagram.com/gizzyvural,gizzyvural
Valentina,https://www.instagram.com/valentinaamayaw,valentinaamayaw
Sarah,https://www.instagram.com/sarahfitfitness,sarahfitfitness
Nautica,https://www.instagram.com/naut_i,naut_i
Maryssa,https://www.instagram.com/maryssarae,maryssarae
Deborah,https://www.instagram.com/deborah_amorim,deborah_amorim
Mila,https://www.instagram.com/mila_todorova,mila_todorova
Amber,https://www.instagram.com/ambsryan_,ambsryan_
Zainab,https://www.instagram.com/_zannie_,_zannie_
Naomi,https://www.instagram.com/nai_mai,nai_mai
Talita,https://www.instagram.com/talipinheiro,talipinheiro
Narmin,https://www.instagram.com/narmin_amiraslanova,narmin_amiraslanova
Iris,https://www.instagram.com/danielarujanof,danielarujanof
Jahniece,https://www.instagram.com/jayboulevardez,jayboulevardez
Arantza,https://www.instagram.com/arantzatovar,arantzatovar
Dalia,https://www.instagram.com/dalia_queen_25,dalia_queen_25
Nika,https://www.instagram.com/ohnikanika,ohnikanika
Daniela,https://www.instagram.com/danielacerac,danielacerac
Raee,https://www.instagram.com/raaaaaaeeeee,raaaaaaeeeee
Katie,https://www.instagram.com/k_dee82814,k_dee82814
Lyss,https://www.instagram.com/msxlyss,msxlyss
Izabela,https://www.instagram.com/izabelasuton,izabelasuton
Harika,https://www.instagram.com/harika_varmaa,harika_varmaa
Clarie,https://www.instagram.com/clarielisette_,clarielisette_
Evelyn,https://www.instagram.com/oddcatt,oddcatt
Sara,https://www.instagram.com/saraarellanes,saraarellanes
Breanna,https://www.instagram.com/keepingupwithbreanna,keepingupwithbreanna
Adri,https://www.instagram.com/adriananazt,adriananazt
Suzette,https://www.instagram.com/suzettevogel,suzettevogel
Tyna,https://www.instagram.com/tynabelance,tynabelance
Millicent,https://www.instagram.com/millicent_xandercs,millicent_xandercs
Denise,https://www.instagram.com/realdenisewilliams,realdenisewilliams
Jansen,https://www.instagram.com/jansenkmorris,jansenkmorris
Sonam,https://www.instagram.com/sonamjyit,sonamjyit
Kerri,https://www.instagram.com/kerrizdanio,kerrizdanio
Jyotee,https://www.instagram.com/jyotee.__,jyotee.__
Deni,https://www.instagram.com/dollarsignz,dollarsignz
Ninna,https://www.instagram.com/npen,npen
Yahav,https://www.instagram.com/seenbyyahavsun,seenbyyahavsun
Vanessa,https://www.instagram.com/vanessaabbudtips,vanessaabbudtips
Arriyun,https://www.instagram.com/janiya.arriyun,janiya.arriyun
Caroll,https://www.instagram.com/carollofficial_,carollofficial_
Johnna,https://www.instagram.com/johnnabetia,johnnabetia
Emperatriz,https://www.instagram.com/emperatrizlebrun,emperatrizlebrun
Danielle,https://www.instagram.com/danielledarlynn,danielledarlynn
Natalie,https://www.instagram.com/natalieandriaa,natalieandriaa
Lorelle,https://www.instagram.com/justtlo,justtlo
Carly,https://www.instagram.com/carlybbenson,carlybbenson
Ashlyn,https://www.instagram.com/ashlyneperry,ashlyneperry
Sarait,https://www.instagram.com/saraitbeauty,saraitbeauty
Daniella,https://www.instagram.com/thedailydds,thedailydds
Kimberly,https://www.instagram.com/kimberlymdobine,kimberlymdobine
Beboo,https://www.instagram.com/beb_boo1,beb_boo1
Yadira,https://www.instagram.com/_yadiraacosta,_yadiraacosta
Clemys,https://www.instagram.com/byclemys,byclemys
Kaelyn,https://www.instagram.com/homeswithkae,homeswithkae
Ais,https://www.instagram.com/iceulu,iceulu
Ailar,https://www.instagram.com/amorailar,amorailar
Bobby,https://www.instagram.com/bobbyrayyoung,bobbyrayyoung
Alexis,https://www.instagram.com/alexisdagreatx,alexisdagreatx
Lex,https://www.instagram.com/lexlifts1,lexlifts1
Meliah,https://www.instagram.com/meliahpostell,meliahpostell
Kiara,https://www.instagram.com/sheawna.kiara,sheawna.kiara
Mariana,https://www.instagram.com/themarianagutierrez,themarianagutierrez
Ariel,https://www.instagram.com/mombunsandcaffeine,mombunsandcaffeine
Cynthia,https://www.instagram.com/missscynnn,missscynnn
Eva,https://www.instagram.com/evaalexandrak,evaalexandrak
Amy,https://www.instagram.com/amydubeau,amydubeau
Stherfane,https://www.instagram.com/iamstherfaned,iamstherfaned
Tanaka,https://www.instagram.com/nakatmydoor,nakatmydoor
Jenn,https://www.instagram.com/jennn_lei,jennn_lei
Julia,https://www.instagram.com/juliaathomasss,juliaathomasss
Christa,https://www.instagram.com/chri1sta,chri1sta
Sophia,https://www.instagram.com/sophiarosekropp,sophiarosekropp
Alondra,https://www.instagram.com/alondrapriscilla,alondrapriscilla
Nathy,https://www.instagram.com/nathyaportes,nathyaportes
Zahedi,https://www.instagram.com/zahediexo,zahediexo
Jocelyn,https://www.instagram.com/xjocyy,xjocyy
Jacquelene,https://www.instagram.com/jacquelene.f,jacquelene.f
Taylor,https://www.instagram.com/taylor.greenhagen,taylor.greenhagen
Farhia,https://www.instagram.com/farhiablog,farhiablog
Mackenzie,https://www.instagram.com/mackenziehuntington,mackenziehuntington
Giovana,https://www.instagram.com/giovanaflorentino_,giovanaflorentino_
Natasha,https://www.instagram.com/itsnatashanicole_,itsnatashanicole_
Ash,https://www.instagram.com/its_ashxo,its_ashxo
Jones,https://www.instagram.com/bestjonesfamily,bestjonesfamily
Brianne,https://www.instagram.com/briannexnicole,briannexnicole
Taylor,https://www.instagram.com/taylormatas,taylormatas
Rachel,https://www.instagram.com/rachelnoellefit,rachelnoellefit
Daniela,https://www.instagram.com/danicastillo07,danicastillo07
Kristina,https://www.instagram.com/krisfit.sf,krisfit.sf
Deanna,https://www.instagram.com/deannaliz,deannaliz
Yariluz,https://www.instagram.com/lulu.identimagen,lulu.identimagen
Rosa,https://www.instagram.com/rosaissimplicity,rosaissimplicity
Ashlee,https://www.instagram.com/ashlee.driver,ashlee.driver
Anne,https://www.instagram.com/alexe.godin,alexe.godin
Shoortie,https://www.instagram.com/_shoortie_,_shoortie_
Jacoria,https://www.instagram.com/iam.jacoria,iam.jacoria
Halleyo,https://www.instagram.com/halleyo_,halleyo_
Yaya,https://www.instagram.com/quepasoyaya,quepasoyaya
Wuendy,https://www.instagram.com/wlinarez25,wlinarez25
Niyak,https://www.instagram.com/niyakayy,niyakayy
Kayla,https://www.instagram.com/motivationsbyk,motivationsbyk
Brianna,https://www.instagram.com/briannacortezz,briannacortezz
Rasmin,https://www.instagram.com/rasminm1,rasminm1
Mira,https://www.instagram.com/miratahaa,miratahaa
Jalyn,https://www.instagram.com/jalyn__garcia,jalyn__garcia
Victoria,https://www.instagram.com/viictoriacastaneda,viictoriacastaneda
,https://www.instagram.com/thereal_passion,thereal_passion
Saher,https://www.instagram.com/desertroze,desertroze
Emma,https://www.instagram.com/itsemmaxrose,itsemmaxrose
Brittany,https://www.instagram.com/brittanymecaelle,brittanymecaelle
Mitchie,https://www.instagram.com/_misomelon,_misomelon
Janna,https://www.instagram.com/msjannayvonne,msjannayvonne
Isabelle,https://www.instagram.com/isabelledelceaa,isabelledelceaa
Kyazia,https://www.instagram.com/__kyaziaa,__kyaziaa
Ranou,https://www.instagram.com/ranou.hn,ranou.hn
Zee,https://www.instagram.com/zmellymel,zmellymel
Claudia,https://www.instagram.com/claudiadgraves,claudiadgraves
Nicole,https://www.instagram.com/nicolepopadich,nicolepopadich
Mohogany,https://www.instagram.com/moeeeey_,moeeeey_
Isabelle,https://www.instagram.com/isofbelle.eats,isofbelle.eats
Tamika,https://www.instagram.com/tamikahh__,tamikahh__
Vanessa,https://www.instagram.com/nessa_smalls,nessa_smalls
Kay,https://www.instagram.com/madebykayfilm,madebykayfilm
Shreya,https://www.instagram.com/shreyasherchan,shreyasherchan
Lex,https://www.instagram.com/ferrara_alexis,ferrara_alexis
Valerie,https://www.instagram.com/valerietaiylor,valerietaiylor
Cara,https://www.instagram.com/caras_atl,caras_atl
Ro,https://www.instagram.com/littlexchamp,littlexchamp
Maddie,https://www.instagram.com/xomaddiechase,xomaddiechase
Olivia,https://www.instagram.com/ogcreasy07,ogcreasy07
Shann,https://www.instagram.com/shannewart,shannewart
Micaela,https://www.instagram.com/mia_1824,mia_1824
Alexis,https://www.instagram.com/lexymonty,lexymonty
Claudya,https://www.instagram.com/claudyagabriela13,claudyagabriela13
Anna,https://www.instagram.com/annamuradyann,annamuradyann
Cabrina,https://www.instagram.com/cabrina_dixon,cabrina_dixon
Alejandra,https://www.instagram.com/alejandracarabalo,alejandracarabalo
Ashley,https://www.instagram.com/ashleyjgilliam,ashleyjgilliam
Sophia,https://www.instagram.com/sophia.pav,sophia.pav
Bree,https://www.instagram.com/breannaalaina,breannaalaina
Coya,https://www.instagram.com/travelnistaonthemove,travelnistaonthemove
Ailar,https://www.instagram.com/ailarpoonian,ailarpoonian
Anna,https://www.instagram.com/_annalindley,_annalindley
Samaiyah,https://www.instagram.com/musclesbymya,musclesbymya
Mounika,https://www.instagram.com/mounika_anushaa,mounika_anushaa
Jasmine,https://www.instagram.com/thearmybarbie,thearmybarbie
Taydrea,https://www.instagram.com/taydreaa,taydreaa
Sheena,https://www.instagram.com/sheenadcameron,sheenadcameron
Leann,https://www.instagram.com/leanndonoso,leanndonoso
Anita,https://www.instagram.com/annacposada,annacposada
Andrea,https://www.instagram.com/andreaphu,andreaphu
Olha,https://www.instagram.com/olja_khaneichuk,olja_khaneichuk
Patricia,https://www.instagram.com/lostrillis23,lostrillis23
Halii,https://www.instagram.com/halibee,halibee
Lavoni,https://www.instagram.com/lavo_xoxo,lavo_xoxo
Betzabe,https://www.instagram.com/medicenbetza,medicenbetza
Semi,https://www.instagram.com/semiwitdacurls,semiwitdacurls
Hitomi,https://www.instagram.com/hitomimatobaa,hitomimatobaa
Sariie,https://www.instagram.com/sariesha_,sariesha_
Malika,https://www.instagram.com/lillarein,lillarein
Estefany,https://www.instagram.com/estefy_castaneda,estefy_castaneda
Janaye,https://www.instagram.com/prettymissjay,prettymissjay
Erin,https://www.instagram.com/erinlgore,erinlgore
Nicole,https://www.instagram.com/coconicole_,coconicole_
Cori,https://www.instagram.com/coriiii24,coriiii24
Chelsea,https://www.instagram.com/_chelseamichele,_chelseamichele
Jaelen,https://www.instagram.com/jaelenmitchell,jaelenmitchell
Bianca,https://www.instagram.com/bianca.nohely,bianca.nohely
Jasz,https://www.instagram.com/jasz.gem,jasz.gem
Jasmine,https://www.instagram.com/firebombjasz,firebombjasz
Hailee,https://www.instagram.com/haileeawalker,haileeawalker
Joelle,https://www.instagram.com/joellerejawn,joellerejawn
Moe,https://www.instagram.com/moe.the.ceo,moe.the.ceo
Raven,https://www.instagram.com/ravenjbradley,ravenjbradley
Dian,https://www.instagram.com/tautanlama,tautanlama
Kath,https://www.instagram.com/kathalmanzar,kathalmanzar
Rana,https://www.instagram.com/ranakba,ranakba
Ashley,https://www.instagram.com/ashley.anem,ashley.anem
Duo,https://www.instagram.com/daily_duo_adventures,daily_duo_adventures
Kacia,https://www.instagram.com/kacia.marie,kacia.marie
Miesha,https://www.instagram.com/miesha.gabriella,miesha.gabriella
Njeri,https://www.instagram.com/njeri.md,njeri.md
Rosaliah,https://www.instagram.com/__rosaliah,__rosaliah
Lisa,https://www.instagram.com/islandgirl.lisa,islandgirl.lisa
Fernanda,https://www.instagram.com/fernandavelez__,fernandavelez__
Evelyn,https://www.instagram.com/evelynfarr_,evelynfarr_
Jenny,https://www.instagram.com/jennysavenok,jennysavenok
Carrie,https://www.instagram.com/carriesnipess,carriesnipess
Tiffany,https://www.instagram.com/tiffanyguanuna,tiffanyguanuna
Ky,https://www.instagram.com/kyysime,kyysime
Adriana,https://www.instagram.com/realtybyadriana,realtybyadriana
Marisa,https://www.instagram.com/marisafolz,marisafolz
Barbara,https://www.instagram.com/barbarazuniga,barbarazuniga
Kal,https://www.instagram.com/pilot.kal,pilot.kal
Michelly,https://www.instagram.com/michellyyyy__,michellyyyy__
Surie,https://www.instagram.com/stylewithsurie,stylewithsurie
Sarah,https://www.instagram.com/thesarahtrott,thesarahtrott
Courtney,https://www.instagram.com/courtney_tezeno,courtney_tezeno
Samantha,https://www.instagram.com/samanthajaclyn_,samanthajaclyn_
Cecilia,https://www.instagram.com/ceciliagloverfit,ceciliagloverfit
Cherie,https://www.instagram.com/iamcherieb,iamcherieb
Dini,https://www.instagram.com/callmehairdini,callmehairdini
Eva,https://www.instagram.com/evangelea,evangelea
Jenny,https://www.instagram.com/hazelfire,hazelfire
Yulieth,https://www.instagram.com/yulmarfit,yulmarfit
Lourdes,https://www.instagram.com/lifewithlomari,lifewithlomari
B,https://www.instagram.com/_bjones,_bjones
Kelsey,https://www.instagram.com/kelseydashmarie,kelseydashmarie
Lana,https://www.instagram.com/lanagrike,lanagrike
Ella,https://www.instagram.com/ella.ignatov,ella.ignatov
Monica,https://www.instagram.com/mrs.monicadavis,mrs.monicadavis
Mariah,https://www.instagram.com/mariahluu,mariahluu
Piper,https://www.instagram.com/piper.withers,piper.withers
Nohane,https://www.instagram.com/nohanecarvalho,nohanecarvalho
Janette,https://www.instagram.com/janettesoberanes,janettesoberanes
Peyton,https://www.instagram.com/peyton.koch,peyton.koch
Bria,https://www.instagram.com/bria.amanda.jane,bria.amanda.jane
Vera,https://www.instagram.com/jus_vera,jus_vera
Savannah,https://www.instagram.com/lifestylewithsavv,lifestylewithsavv
Kristin,https://www.instagram.com/halftomatohalfpotato,halftomatohalfpotato
Courtney,https://www.instagram.com/justcourtneylauren,justcourtneylauren
Jessica,https://www.instagram.com/lajessicaparker,lajessicaparker
Tania,https://www.instagram.com/taniabyday,taniabyday
Bridget,https://www.instagram.com/thatmom.bridget,thatmom.bridget
Sabrina,https://www.instagram.com/sabrinaseymore,sabrinaseymore
Kary,https://www.instagram.com/karysantayana,karysantayana
Rachel,https://www.instagram.com/rachel.houtteman,rachel.houtteman
Kiana,https://www.instagram.com/kianagaona,kianagaona
Liraz,https://www.instagram.com/glambyroxy,glambyroxy
Samantha,https://www.instagram.com/samanthacassandra,samanthacassandra
Tajah,https://www.instagram.com/tajahferjuste,tajahferjuste
Psanz,https://www.instagram.com/_p.sanz,_p.sanz
Laura,https://www.instagram.com/cortesbeltran,cortesbeltran
Michelle,https://www.instagram.com/shaniemichelle,shaniemichelle
Ashley,https://www.instagram.com/ashleygmedinav,ashleygmedinav
Laura,https://www.instagram.com/laumarquezr,laumarquezr
Carly,https://www.instagram.com/carlylynn,carlylynn
Marlyn,https://www.instagram.com/marlynzertuche,marlynzertuche
Kate,https://www.instagram.com/katehasthekey,katehasthekey
Kristen,https://www.instagram.com/kristencirillo,kristencirillo
Janai,https://www.instagram.com/janaishaa,janaishaa
Candice,https://www.instagram.com/candiceobeauty,candiceobeauty
Trupti,https://www.instagram.com/trywithtrup,trywithtrup
Tara,https://www.instagram.com/the.weekend.wanders,the.weekend.wanders
Morgan,https://www.instagram.com/morgan_pricee,morgan_pricee
Stephanie,https://www.instagram.com/sstephkoutss,sstephkoutss
Natali,https://www.instagram.com/natalisantanap,natalisantanap
Mooshy,https://www.instagram.com/mooshy.joon,mooshy.joon
Anne,https://www.instagram.com/madebyanne.x,madebyanne.x
Yeimy,https://www.instagram.com/yeigabby12,yeigabby12
Kemmer,https://www.instagram.com/kemoutwest,kemoutwest
Mlx,https://www.instagram.com/mlxmama_,mlxmama_
Robyn,https://www.instagram.com/robynb_,robynb_
Nehal,https://www.instagram.com/nehaltenany,nehaltenany
Moe,https://www.instagram.com/moeediggs,moeediggs
Brit,https://www.instagram.com/bites.with.brit,bites.with.brit
Arrianna,https://www.instagram.com/arriannamarie,arriannamarie
Jasmin,https://www.instagram.com/jasminnmeza,jasminnmeza
Ayushi,https://www.instagram.com/keepingupwithpahades,keepingupwithpahades
Crisday,https://www.instagram.com/crisdayochoa,crisdayochoa
Erin,https://www.instagram.com/plantbasedinla,plantbasedinla
Liz,https://www.instagram.com/elizabeth.ayers,elizabeth.ayers
Carrington,https://www.instagram.com/love.carrington,love.carrington
Jasmine,https://www.instagram.com/jastinations,jastinations
Chanae,https://www.instagram.com/chanaechristiana,chanaechristiana
Ash,https://www.instagram.com/ash_livvv,ash_livvv
Natalie,https://www.instagram.com/natphee,natphee
Colby,https://www.instagram.com/livingpurely_,livingpurely_
Riley,https://www.instagram.com/rileyyrojass,rileyyrojass
Mary,https://www.instagram.com/maryliedel_32,maryliedel_32
Gabriela,https://www.instagram.com/_lleritin,_lleritin
Shan,https://www.instagram.com/balanced.therapist,balanced.therapist
Zarina,https://www.instagram.com/misstucson,misstucson
Aly,https://www.instagram.com/lifestylemystic,lifestylemystic
Mackenzi,https://www.instagram.com/mackenzihackney,mackenzihackney
Rachael,https://www.instagram.com/rachaelcamden,rachaelcamden
Brooklyn,https://www.instagram.com/moorebrooklyn_,moorebrooklyn_
Katie,https://www.instagram.com/katie_sauger,katie_sauger
Paola,https://www.instagram.com/paodiazpirela,paodiazpirela
Hanna,https://www.instagram.com/hannaescapes,hannaescapes
Gabriela,https://www.instagram.com/gabrielavazquezpr,gabrielavazquezpr
Jhordan,https://www.instagram.com/itsjustjhordan,itsjustjhordan
Thais,https://www.instagram.com/thaisalvesrealtor,thaisalvesrealtor
Aissata,https://www.instagram.com/missaishaxox,missaishaxox
Krista,https://www.instagram.com/krisssstaa,krisssstaa
Karen,https://www.instagram.com/karenmilktea,karenmilktea
Lorena,https://www.instagram.com/lorenadordelli,lorenadordelli
Lana,https://www.instagram.com/lanatitus,lanatitus
Teresa,https://www.instagram.com/teresa.thanh,teresa.thanh
Medes,https://www.instagram.com/medesoo0,medesoo0
Stefanie,https://www.instagram.com/stefaniegonzalo,stefaniegonzalo
Ivy,https://www.instagram.com/ivyodom,ivyodom
Christina,https://www.instagram.com/life_with_christina_,life_with_christina_
Aminata,https://www.instagram.com/minamack90day,minamack90day
Pao,https://www.instagram.com/pao_suarez12,pao_suarez12
Anne,https://www.instagram.com/anne.avilez,anne.avilez
Zudelys,https://www.instagram.com/zudelys,zudelys
Tali,https://www.instagram.com/itstahlee,itstahlee
Heather,https://www.instagram.com/holistic_heather_,holistic_heather_
Ana,https://www.instagram.com/carolinasanchz,carolinasanchz
Nayline,https://www.instagram.com/nayline_nasir,nayline_nasir
Nicole,https://www.instagram.com/vitulls,vitulls
Monika,https://www.instagram.com/monika.dpt,monika.dpt
Jimenez,https://www.instagram.com/alegriajimenez,alegriajimenez
Itti,https://www.instagram.com/glambyitti,glambyitti
Shanice,https://www.instagram.com/shaniceswank,shaniceswank
Lexi,https://www.instagram.com/lexileighz,lexileighz
Emilie,https://www.instagram.com/emiliesobel,emiliesobel
Bria,https://www.instagram.com/justbrifree,justbrifree
Makenzie,https://www.instagram.com/makenziecann,makenziecann
Sara,https://www.instagram.com/saraspaulding_,saraspaulding_
Keturah,https://www.instagram.com/keturah_janeen,keturah_janeen
Anna,https://www.instagram.com/ann.applesweet,ann.applesweet
Brianna,https://www.instagram.com/_briowen,_briowen
Shell,https://www.instagram.com/shell_rodd,shell_rodd
Patty,https://www.instagram.com/pattyhschneider,pattyhschneider
Tammy,https://www.instagram.com/tammyjay07,tammyjay07
Alrence,https://www.instagram.com/alrence.nyc,alrence.nyc
Chi-Chi,https://www.instagram.com/ohsocheech,ohsocheech
Genesis,https://www.instagram.com/lindsaygenesis,lindsaygenesis
Jamy,https://www.instagram.com/jamyralashley,jamyralashley
May,https://www.instagram.com/mayloboxx,mayloboxx
Olivia,https://www.instagram.com/liv_authentically_,liv_authentically_
Adrianna,https://www.instagram.com/the.fro.doc,the.fro.doc
Jamich,https://www.instagram.com/jamichmiles,jamichmiles
Ana,https://www.instagram.com/ana_karen_cg,ana_karen_cg
Yaremis,https://www.instagram.com/yaremis_pelaez,yaremis_pelaez
Mya,https://www.instagram.com/__myarenee._,__myarenee._
Jennifer,https://www.instagram.com/jennialdaa,jennialdaa
Ashley,https://www.instagram.com/ashleyyoung_htx,ashleyyoung_htx
Bell,https://www.instagram.com/savedbydr.bell,savedbydr.bell
Daphmine,https://www.instagram.com/_mrswebster,_mrswebster
Divya,https://www.instagram.com/divyadiscovers,divyadiscovers
MyQueen,https://www.instagram.com/dr.queen____,dr.queen____
Aja,https://www.instagram.com/selahaja,selahaja
Marcela,https://www.instagram.com/marcelahauteco,marcelahauteco
Pearl,https://www.instagram.com/travelingwithpearl,travelingwithpearl
Michelle,https://www.instagram.com/its.m.hobgood,its.m.hobgood
Lindsay,https://www.instagram.com/say_lindsay,say_lindsay
Joanna,https://www.instagram.com/joannakimberly___,joannakimberly___
Lara,https://www.instagram.com/laraeparker,laraeparker
Rebecca,https://www.instagram.com/rebeccabanduh,rebeccabanduh
Rachel,https://www.instagram.com/rachael_roaming,rachael_roaming
Maddy,https://www.instagram.com/maddynewton,maddynewton
Calley,https://www.instagram.com/calleykush,calleykush
Sophie,https://www.instagram.com/sophie.grwd,sophie.grwd
Aurisoto,https://www.instagram.com/aurisoto,aurisoto
Taylor,https://www.instagram.com/posttay,posttay
Chloé,https://www.instagram.com/chloelaverson,chloelaverson
Toni,https://www.instagram.com/tonilaurenn,tonilaurenn
Lau,https://www.instagram.com/wowlauuu,wowlauuu
Adrianna,https://www.instagram.com/adriannaasantiago,adriannaasantiago
Lauren,https://www.instagram.com/laurendeleary,laurendeleary
Cecí,https://www.instagram.com/mrscecimbell,mrscecimbell
Sabrina,https://www.instagram.com/sabrina.schmeichel,sabrina.schmeichel
Jimenez,https://www.instagram.com/francheskagj,francheskagj
Lex,https://www.instagram.com/livinglifewlexx,livinglifewlexx
Naseem,https://www.instagram.com/naseemlarson,naseemlarson
Charlene,https://www.instagram.com/_charlenemartinez,_charlenemartinez
Diva,https://www.instagram.com/kmonaefierce,kmonaefierce
Nicholette,https://www.instagram.com/thehapahoney,thehapahoney
Eiryn,https://www.instagram.com/eiryn.her,eiryn.her
Alexis,https://www.instagram.com/xolovealexis,xolovealexis
Theodora,https://www.instagram.com/teddy.siegel,teddy.siegel
Mukie,https://www.instagram.com/mukieminaj,mukieminaj
Deanna,https://www.instagram.com/brokeandabroadlife,brokeandabroadlife
Kasey,https://www.instagram.com/kasey_reigner,kasey_reigner
Michelai,https://www.instagram.com/ohmichgee,ohmichgee
Liv,https://www.instagram.com/stylebyliv,stylebyliv
Mariah,https://www.instagram.com/mariahclayton_,mariahclayton_
Tennille,https://www.instagram.com/tennille_aka_coacht,tennille_aka_coacht
Alina,https://www.instagram.com/lifestylistalina,lifestylistalina
Lollie,https://www.instagram.com/lolliekientz,lolliekientz
Sarah,https://www.instagram.com/itssarahszn,itssarahszn
Harshika,https://www.instagram.com/mittal_hrska,mittal_hrska
Meli,https://www.instagram.com/meliglammed,meliglammed
Adriana,https://www.instagram.com/adriana.rofrano,adriana.rofrano
Monica,https://www.instagram.com/mischiefbymonica,mischiefbymonica
Simran,https://www.instagram.com/simandishaan,simandishaan
Amy,https://www.instagram.com/followamyhere,followamyhere
Kristen,https://www.instagram.com/kristenholloway_,kristenholloway_
Maggie,https://www.instagram.com/raising_rouses,raising_rouses
Joha,https://www.instagram.com/joha_x3,joha_x3
Massi,https://www.instagram.com/massssi_,massssi_
Kyyah,https://www.instagram.com/kyyahabdul,kyyahabdul
Nikki,https://www.instagram.com/santafetasteclub,santafetasteclub
Vicheka,https://www.instagram.com/discover.vi,discover.vi
Kristi,https://www.instagram.com/kristibknyc,kristibknyc
Maria,https://www.instagram.com/mariajosequirogar,mariajosequirogar
Marian,https://www.instagram.com/marian_social,marian_social
Naomi,https://www.instagram.com/naomikulaaa,naomikulaaa
Paloma,https://www.instagram.com/palomadeleon7,palomadeleon7
Danesha,https://www.instagram.com/classyfiedlife,classyfiedlife
Krysty,https://www.instagram.com/krystyzambella,krystyzambella
Tash,https://www.instagram.com/itstashhaynes,itstashhaynes
Karen,https://www.instagram.com/karenpluass,karenpluass
Stefanie,https://www.instagram.com/stefaniestavola,stefaniestavola
Madison,https://www.instagram.com/madison.miranda,madison.miranda
Celine,https://www.instagram.com/getlean_celine,getlean_celine
Chante,https://www.instagram.com/itschantepotter,itschantepotter
Yoka,https://www.instagram.com/yoka_ld,yoka_ld
Mariana,https://www.instagram.com/marianalandaetar,marianalandaetar
Machaela,https://www.instagram.com/crunchymomkayla,crunchymomkayla
Carlotta,https://www.instagram.com/iamalivingdoxology,iamalivingdoxology
Mia,https://www.instagram.com/mia.aloficial,mia.aloficial
Lareine,https://www.instagram.com/lareinechabut,lareinechabut
Sabrina,https://www.instagram.com/garciasabrinam,garciasabrinam
Miranda,https://www.instagram.com/mirandaa_gg,mirandaa_gg
Haley,https://www.instagram.com/haleyndavante,haleyndavante
Evi,https://www.instagram.com/evi.nardi,evi.nardi
Erha,https://www.instagram.com/erhatheexplorer,erhatheexplorer
Farran,https://www.instagram.com/farranmanuel,farranmanuel
Moe,https://www.instagram.com/moe.fitnesse,moe.fitnesse
Chelsea,https://www.instagram.com/chelsea.aguirre,chelsea.aguirre
Logan,https://www.instagram.com/loganwest,loganwest
Jax,https://www.instagram.com/jaxdfitness,jaxdfitness
Christina,https://www.instagram.com/christinabissu,christinabissu
Hali,https://www.instagram.com/hali_eplin,hali_eplin
Margaret,https://www.instagram.com/margaret_johnsonn,margaret_johnsonn
Naomi,https://www.instagram.com/finetwoo,finetwoo
Shelby,https://www.instagram.com/shelbyvbcoach,shelbyvbcoach
Gennia,https://www.instagram.com/go.gennia,go.gennia
Ana,https://www.instagram.com/anafioreo,anafioreo
Megan,https://www.instagram.com/megwellness,megwellness
Brittany,https://www.instagram.com/brittany.antonia,brittany.antonia
Mackenzie,https://www.instagram.com/mackenzie_bivin,mackenzie_bivin
Dominique,https://www.instagram.com/dominique.main,dominique.main
Melina,https://www.instagram.com/honey.bison,honey.bison
Nylie,https://www.instagram.com/nylieszn,nylieszn
Adriana,https://www.instagram.com/glez__adri,glez__adri
Emily,https://www.instagram.com/emilyannraynes,emilyannraynes
Zamzama,https://www.instagram.com/zamzama.azizi,zamzama.azizi
Lindsay,https://www.instagram.com/lindsayangio,lindsayangio
Lau,https://www.instagram.com/laurakodrianu,laurakodrianu
Caroline,https://www.instagram.com/cnavaaa,cnavaaa
Susan,https://www.instagram.com/susanwaltersbrown,susanwaltersbrown
Grace,https://www.instagram.com/gracecairns,gracecairns
Gianna,https://www.instagram.com/giannacefaluuu,giannacefaluuu
Courtney,https://www.instagram.com/iam_courtney,iam_courtney
Elizabeth,https://www.instagram.com/elizabethaann,elizabethaann
Angie,https://www.instagram.com/angiewalker_,angiewalker_
Venegas,https://www.instagram.com/nina_thetruth,nina_thetruth
Francesca,https://www.instagram.com/francescarivissa,francescarivissa
Kate,https://www.instagram.com/kate_stolovska,kate_stolovska
Iman,https://www.instagram.com/imanelagami,imanelagami
Indiana,https://www.instagram.com/picturemeindi,picturemeindi
Chandler,https://www.instagram.com/chandler.elle.jordan,chandler.elle.jordan
Jenna,https://www.instagram.com/jennaleveille_11,jennaleveille_11
Elena,https://www.instagram.com/_luz.elenaa,_luz.elenaa
Chelsea,https://www.instagram.com/chelseadukewellness,chelseadukewellness
Ren,https://www.instagram.com/ren.intyo,ren.intyo
Autumn,https://www.instagram.com/autumnnnhill,autumnnnhill
Mackenzie,https://www.instagram.com/mackenzieemarsh,mackenzieemarsh
Van,https://www.instagram.com/vanellygarsae,vanellygarsae
Katt,https://www.instagram.com/kattfittness,kattfittness
Candra,https://www.instagram.com/_candyreign,_candyreign
Brooke,https://www.instagram.com/brookejusticesmith,brookejusticesmith
Haley,https://www.instagram.com/haleeyc,haleeyc
Haley,https://www.instagram.com/haleymaurerduncan,haleymaurerduncan
Kristy,https://www.instagram.com/kbridgers1,kbridgers1
Anna,https://www.instagram.com/annakategivens,annakategivens
Kellyn,https://www.instagram.com/kellynvaldez,kellynvaldez
Kary,https://www.instagram.com/karyv.rodriguez,karyv.rodriguez
Maya,https://www.instagram.com/maya_riddle,maya_riddle
Nathaly,https://www.instagram.com/soynatyfit,soynatyfit
Teddi,https://www.instagram.com/teddiwright,teddiwright
Jules,https://www.instagram.com/finding.jules,finding.jules
Chelsie,https://www.instagram.com/chelsiebaham,chelsiebaham
Nini,https://www.instagram.com/dimplesqueen_niniblu,dimplesqueen_niniblu
Yoyo,https://www.instagram.com/imyoyoyue,imyoyoyue
Lauren,https://www.instagram.com/laurenjparry,laurenjparry
Mindy,https://www.instagram.com/lehuadeur_aming,lehuadeur_aming
Samantha,https://www.instagram.com/samanthakuhr,samanthakuhr
Ekaterina,https://www.instagram.com/katarrinelle,katarrinelle
Seemona,https://www.instagram.com/seemona.rahman,seemona.rahman
Raina,https://www.instagram.com/rainaelegado,rainaelegado
Lareine,https://www.instagram.com/momgevity,momgevity
Nadia,https://www.instagram.com/irongirlnadia,irongirlnadia
Savanna,https://www.instagram.com/solowithsav,solowithsav
Ailine,https://www.instagram.com/ailine.rabanser,ailine.rabanser
Olivia,https://www.instagram.com/oliviafariaa,oliviafariaa
Hanna,https://www.instagram.com/hannarozebeatty,hannarozebeatty
Leslie,https://www.instagram.com/leslielangan,leslielangan
Alyssa,https://www.instagram.com/alyssarafael,alyssarafael
Charlotte,https://www.instagram.com/yourpalcharlotte,yourpalcharlotte
Soraya,https://www.instagram.com/gypsydreamer_travels,gypsydreamer_travels
Shirlinka,https://www.instagram.com/shirlinkaisrael,shirlinkaisrael
Emina,https://www.instagram.com/eminacasady,eminacasady
Marli,https://www.instagram.com/mundowithmarliii,mundowithmarliii
Michelle,https://www.instagram.com/stayingblonde,stayingblonde
Sam,https://www.instagram.com/soudersam,soudersam
Nicole,https://www.instagram.com/sepeproductions,sepeproductions
Kaylee,https://www.instagram.com/kaylee.christmas,kaylee.christmas
Jessi,https://www.instagram.com/jessinemecc,jessinemecc
Tracy,https://www.instagram.com/_tracydias,_tracydias
Samantha,https://www.instagram.com/samantha_dahn,samantha_dahn
Ksenia,https://www.instagram.com/kseniasenn,kseniasenn
Nicole,https://www.instagram.com/nicoleallisonnn_,nicoleallisonnn_
Joelle,https://www.instagram.com/_joelledyanne,_joelledyanne
Sejal,https://www.instagram.com/smileysejalee,smileysejalee
Julia,https://www.instagram.com/juliajverie,juliajverie
Alli,https://www.instagram.com/alliedition,alliedition
Lauren,https://www.instagram.com/itslaurenkat,itslaurenkat
Keri,https://www.instagram.com/kerimybags,kerimybags
Elena,https://www.instagram.com/elena_ft_usa,elena_ft_usa
Kim,https://www.instagram.com/kimsterrrs,kimsterrrs
Sydney,https://www.instagram.com/squidwestra,squidwestra
Donna,https://www.instagram.com/donnagailblog,donnagailblog
Valeria,https://www.instagram.com/valeria.vazquezpr,valeria.vazquezpr
Lily,https://www.instagram.com/deafjourney,deafjourney
Gabriella,https://www.instagram.com/gracefullygabbie,gracefullygabbie
Amber,https://www.instagram.com/amberkellehan,amberkellehan
Melina,https://www.instagram.com/melinaesmeralda,melinaesmeralda
Samantha,https://www.instagram.com/sammcantoria,sammcantoria
Katrina,https://www.instagram.com/katpacher,katpacher
Tomiko,https://www.instagram.com/tomiko.harvey,tomiko.harvey
Aubrey,https://www.instagram.com/aubruhhhh,aubruhhhh
Yevgeniya,https://www.instagram.com/zhenya_kolpakova,zhenya_kolpakova
Michelle,https://www.instagram.com/michelle.elfvin,michelle.elfvin
Danika,https://www.instagram.com/danikajolenee,danikajolenee
Syd,https://www.instagram.com/sydweisss,sydweisss
Angela,https://www.instagram.com/angelaconners,angelaconners
Shaina,https://www.instagram.com/shainajanelle87,shainajanelle87
Miranda,https://www.instagram.com/mirandapbarrigas,mirandapbarrigas
Kelli,https://www.instagram.com/itsjustkelli,itsjustkelli
Rithy,https://www.instagram.com/rosrithyy,rosrithyy
Michelle,https://www.instagram.com/doctormommymd,doctormommymd
Kaitlyn,https://www.instagram.com/kaitathena,kaitathena
Vanessa,https://www.instagram.com/veenesssa,veenesssa
Cassie,https://www.instagram.com/cassiecsaylor,cassiecsaylor
Macy,https://www.instagram.com/heymaysee,heymaysee
Rachael,https://www.instagram.com/heyitsrachaell,heyitsrachaell
Tara,https://www.instagram.com/tarafieri,tarafieri
Ava,https://www.instagram.com/ava_talks_too_much,ava_talks_too_much
Deyvanshi,https://www.instagram.com/deyvanshi,deyvanshi
Cynthia,https://www.instagram.com/cynthialinnet,cynthialinnet
Eunice,https://www.instagram.com/eunibugg,eunibugg
Erika,https://www.instagram.com/casualallure,casualallure
Jen,https://www.instagram.com/thatjennygirl,thatjennygirl
Stephanie,https://www.instagram.com/stephanieerives,stephanieerives
Britthen,https://www.instagram.com/greatbritten,greatbritten
Yael,https://www.instagram.com/yaelevgi,yaelevgi
Alison,https://www.instagram.com/alistorm,alistorm
Kylie,https://www.instagram.com/kylie_tuttle,kylie_tuttle
Bianca,https://www.instagram.com/bianca.montalvo,bianca.montalvo
Olivia,https://www.instagram.com/malibubarbie,malibubarbie
Sujin,https://www.instagram.com/dazzoloqy,dazzoloqy
Dani,https://www.instagram.com/danielledesantis,danielledesantis
Sara,https://www.instagram.com/theanandapivot,theanandapivot
Robin,https://www.instagram.com/robinrandolph,robinrandolph
Sakita,https://www.instagram.com/itssakita,itssakita
Gabriella,https://www.instagram.com/gabby.chu,gabby.chu
Ksusha,https://www.instagram.com/tunikova.k,tunikova.k
Meghan,https://www.instagram.com/meghanrooney_,meghanrooney_
Colleen,https://www.instagram.com/colleennicole26,colleennicole26
Lauren,https://www.instagram.com/__call_me_lauren__,__call_me_lauren__
Gabriella,https://www.instagram.com/gabby.wells,gabby.wells
Alex,https://www.instagram.com/alexsirek,alexsirek
Sofia,https://www.instagram.com/ssofiavega,ssofiavega
Karina,https://www.instagram.com/themomventures,themomventures
Danielle,https://www.instagram.com/danialvarezpr,danialvarezpr
Chloe,https://www.instagram.com/chloeeecoteee,chloeeecoteee
Kelly,https://www.instagram.com/washingtonkelly,washingtonkelly
Mary,https://www.instagram.com/maryromeo,maryromeo
Jaime,https://www.instagram.com/jaimeparke,jaimeparke
Vanessa,https://www.instagram.com/fearlesslyoma,fearlesslyoma
Raquel,https://www.instagram.com/raqueltedaldi,raqueltedaldi
Anna,https://www.instagram.com/annaalexia,annaalexia
Grecia,https://www.instagram.com/greciaslopez,greciaslopez
Sarah,https://www.instagram.com/sarahsundrop,sarahsundrop
Pam,https://www.instagram.com/soypamelaelaela,soypamelaelaela
Sonia,https://www.instagram.com/sonia_macho,sonia_macho
Ashley,https://www.instagram.com/ashleyvholdentv,ashleyvholdentv
Erica,https://www.instagram.com/opsvig,opsvig
Cayce,https://www.instagram.com/caycewhitlock,caycewhitlock
Darby,https://www.instagram.com/darbyirl_,darbyirl_
Marumatos,https://www.instagram.com/marumatos,marumatos
Mandi,https://www.instagram.com/tomasilove,tomasilove
Sara,https://www.instagram.com/vineandpress,vineandpress
Becca,https://www.instagram.com/becca.your.titlerep,becca.your.titlerep
Bruna,https://www.instagram.com/brumonello,brumonello
Denisa,https://www.instagram.com/denisakud,denisakud
Loranny,https://www.instagram.com/loranny.inocencia,loranny.inocencia
Jennifer,https://www.instagram.com/gypsylove227,gypsylove227
Izabel,https://www.instagram.com/missizzybela,missizzybela
Paula,https://www.instagram.com/colemanpaula09,colemanpaula09
Amber,https://www.instagram.com/baddieber,baddieber
Kaitlin,https://www.instagram.com/kaitlinsandeno,kaitlinsandeno
Lily,https://www.instagram.com/lilymartnz,lilymartnz
Caren,https://www.instagram.com/care_plummer,care_plummer
Chanda,https://www.instagram.com/chandacarroll,chandacarroll
Courtney,https://www.instagram.com/courtneysl_,courtneysl_
Nicole,https://www.instagram.com/nicole.rosania,nicole.rosania
Leigh,https://www.instagram.com/leighannedorough,leighannedorough
Jennifer,https://www.instagram.com/jenniferjyasment,jenniferjyasment
Jessi,https://www.instagram.com/mrsduley,mrsduley
Shelly,https://www.instagram.com/shellysharestravel,shellysharestravel
Amber,https://www.instagram.com/amberpilarita,amberpilarita
Karla,https://www.instagram.com/karladiaz_s,karladiaz_s
Megan,https://www.instagram.com/meggymeza,meggymeza
Andreea,https://www.instagram.com/andreeasinziana,andreeasinziana
Nina,https://www.instagram.com/ninamansker,ninamansker
Vaiishalin,https://www.instagram.com/vaiishalin,vaiishalin
Nathalie,https://www.instagram.com/theparisienneinla,theparisienneinla
Kelsey,https://www.instagram.com/kelseykotzur,kelseykotzur
Romina,https://www.instagram.com/rominachiodi,rominachiodi
Chelsea,https://www.instagram.com/slayingmuffintops,slayingmuffintops
Megan,https://www.instagram.com/conradscompass,conradscompass
"Genevieve 
",https://www.instagram.com/genevieve.tankosich,genevieve.tankosich
Sabrina,https://www.instagram.com/sabrinafranza,sabrinafranza
Emma,https://www.instagram.com/emmaatopp,emmaatopp
Courtney,https://www.instagram.com/courtneyannplatt,courtneyannplatt
Jacqueline,https://www.instagram.com/classicjac,classicjac
Sarah,https://www.instagram.com/thecoastalyogi,thecoastalyogi
McCall,https://www.instagram.com/mccallkelli,mccallkelli
Kenna,https://www.instagram.com/mck.xnna,mck.xnna
Nicole,https://www.instagram.com/nicolemarriana,nicolemarriana
Anna,https://www.instagram.com/annamckayhildreth,annamckayhildreth
Midori,https://www.instagram.com/midorihope,midorihope
Lexi,https://www.instagram.com/lexiserra,lexiserra
Cailey,https://www.instagram.com/cailey.raee,cailey.raee
Cristal,https://www.instagram.com/cristal_otz,cristal_otz
Debby,https://www.instagram.com/trynfinddebby,trynfinddebby
Jadyn,https://www.instagram.com/jadyyyndavis,jadyyyndavis
Yuribel,https://www.instagram.com/yuribellcastillo,yuribellcastillo
Carissa,https://www.instagram.com/carissainmotion_,carissainmotion_
Ash,https://www.instagram.com/ashguenin,ashguenin
Sophia,https://www.instagram.com/xjihxee,xjihxee
Mary,https://www.instagram.com/mary.lee,mary.lee
Sandee,https://www.instagram.com/sandeeglam,sandeeglam
Jen,https://www.instagram.com/jenmacintexas,jenmacintexas
Abby,https://www.instagram.com/abbyshalala,abbyshalala
Briana,https://www.instagram.com/ninamoniquehair,ninamoniquehair
Sandy,https://www.instagram.com/sandy_madanat,sandy_madanat
Anna,https://www.instagram.com/crazyintherain,crazyintherain
Brooke,https://www.instagram.com/brookecolexo,brookecolexo
Chelsea,https://www.instagram.com/afro_child,afro_child
Candice,https://www.instagram.com/candice_elliot,candice_elliot
Lesley,https://www.instagram.com/lesleybrookehb,lesleybrookehb
Jenny,https://www.instagram.com/jennyvonair,jennyvonair
Alina,https://www.instagram.com/alinavike,alinavike
Shauna,https://www.instagram.com/beni127,beni127
Cierra,https://www.instagram.com/ci_ra_ra,ci_ra_ra
Amanda,https://www.instagram.com/amandaontap,amandaontap
Kirsten,https://www.instagram.com/sweatadventures,sweatadventures
Lacey,https://www.instagram.com/laceylxl7,laceylxl7
Kate,https://www.instagram.com/katecuppy,katecuppy
Lex,https://www.instagram.com/foodiefamilyfun,foodiefamilyfun
Maranda,https://www.instagram.com/iammarandaa,iammarandaa
India,https://www.instagram.com/flyingphirstklass,flyingphirstklass
Valerie,https://www.instagram.com/valerie_nick,valerie_nick
Jenn,https://www.instagram.com/jennkham,jennkham
Carynn,https://www.instagram.com/carynncondon,carynncondon
Elvira,https://www.instagram.com/elviraaugustina,elviraaugustina
Hope,https://www.instagram.com/hopealcocer,hopealcocer
Gabriella,https://www.instagram.com/gabriellatravali,gabriellatravali
Michelle,https://www.instagram.com/shellyper,shellyper
Bella,https://www.instagram.com/belladragan2605,belladragan2605
Inessa,https://www.instagram.com/inessavike,inessavike
Sadie,https://www.instagram.com/sadieloving,sadieloving
Jann,https://www.instagram.com/jannifern,jannifern
Heather,https://www.instagram.com/heatherpeggs,heatherpeggs
Melissa,https://www.instagram.com/melsplace_,melsplace_
Nakiesa,https://www.instagram.com/nakiesa_,nakiesa_
Emmanie,https://www.instagram.com/its.emmanie,its.emmanie
Alexandra,https://www.instagram.com/barretoalex,barretoalex
Milli,https://www.instagram.com/milliwrote,milliwrote
Faviola,https://www.instagram.com/favikuffo,favikuffo
Abigail,https://www.instagram.com/abbyfridman,abbyfridman
Margot,https://www.instagram.com/margotmurphyy,margotmurphyy
Shosh,https://www.instagram.com/shoshcut,shoshcut
Ingrid,https://www.instagram.com/kuwi_xo,kuwi_xo
Eunice,https://www.instagram.com/_eunicejimenez,_eunicejimenez
Jazzmyne,https://www.instagram.com/pimpinjaay,pimpinjaay
Jennifer,https://www.instagram.com/jennjenng,jennjenng
Demi,https://www.instagram.com/it_s_a_sloth,it_s_a_sloth
Amy,https://www.instagram.com/abp519,abp519
Nelselly,https://www.instagram.com/nelselly,nelselly
Sianni,https://www.instagram.com/siannicabello,siannicabello
Grace,https://www.instagram.com/gwaaaycie,gwaaaycie
Hadley,https://www.instagram.com/hadleywalts,hadleywalts
Amy,https://www.instagram.com/the_kaplan_twinsmama,the_kaplan_twinsmama
Kurumi,https://www.instagram.com/kurumi_1223,kurumi_1223
Katrina,https://www.instagram.com/katrina_danielle_,katrina_danielle_
Morgan,https://www.instagram.com/morgan_branson,morgan_branson
Tess,https://www.instagram.com/tessaflight,tessaflight
Karen,https://www.instagram.com/karen.toto.3,karen.toto.3
Elina,https://www.instagram.com/elinka_usa,elinka_usa
Jessica,https://www.instagram.com/jessmeriam,jessmeriam
Lizzy,https://www.instagram.com/pizzapartyanimal,pizzapartyanimal
Nadine,https://www.instagram.com/nadinetaing,nadinetaing
Esesose,https://www.instagram.com/esegrembowski,esegrembowski
Mia,https://www.instagram.com/miakimiaaa,miakimiaaa
Jeannena,https://www.instagram.com/jeannena,jeannena
Julie,https://www.instagram.com/julie_mcclain,julie_mcclain
Pattie,https://www.instagram.com/pattieguevara,pattieguevara
Vanessa,https://www.instagram.com/lovenessuh,lovenessuh
Vanessa,https://www.instagram.com/vanessacruzrousseau,vanessacruzrousseau
Saira,https://www.instagram.com/saira_news,saira_news
Keely,https://www.instagram.com/keely_cashman,keely_cashman
Betty,https://www.instagram.com/thebettynguyen,thebettynguyen
Alayna,https://www.instagram.com/alaynasepic,alaynasepic
Angela,https://www.instagram.com/angelacifone,angelacifone
Antonia,https://www.instagram.com/antonia_griego,antonia_griego
Erika,https://www.instagram.com/erikaxtimmons,erikaxtimmons
Nikki,https://www.instagram.com/cucufit,cucufit
Brittany,https://www.instagram.com/brittanybesier,brittanybesier
Erin,https://www.instagram.com/omg_itserin,omg_itserin
Vonnie,https://www.instagram.com/vonnieg._,vonnieg._
Yaniqueee,https://www.instagram.com/yannn___,yannn___
Lacey,https://www.instagram.com/misslaceylyn,misslaceylyn
Yachie,https://www.instagram.com/_yackiie_,_yackiie_
Vanessa,https://www.instagram.com/vanessashulca,vanessashulca
Eva,https://www.instagram.com/eva.peterson.lynch,eva.peterson.lynch
Samm,https://www.instagram.com/slim_sammi69,slim_sammi69
Ishani,https://www.instagram.com/ishanikundaria,ishanikundaria
Marielena,https://www.instagram.com/marielenabalouris,marielenabalouris
Dani,https://www.instagram.com/itsdaniruiz,itsdaniruiz
Vanessa,https://www.instagram.com/vanessaromo_,vanessaromo_
Allie,https://www.instagram.com/allie.keel,allie.keel
Tiffany,https://www.instagram.com/mrstiffanywoodson,mrstiffanywoodson
Marissa,https://www.instagram.com/marissabgarrison,marissabgarrison
Chelsea,https://www.instagram.com/chelsearosecook,chelsearosecook
Hailee,https://www.instagram.com/haileeglasscock,haileeglasscock
Ashley,https://www.instagram.com/_ashleyhendrix,_ashleyhendrix
Kate,https://www.instagram.com/katelilly,katelilly
Dafna,https://www.instagram.com/daphnethedoll_,daphnethedoll_
Rusafa,https://www.instagram.com/rusafameer,rusafameer
Marina,https://www.instagram.com/marinaznakhla,marinaznakhla
Chelsea,https://www.instagram.com/managerchels,managerchels
Eve,https://www.instagram.com/evesthatgural,evesthatgural
Joann,https://www.instagram.com/jovannoyy,jovannoyy
Ingrid,https://www.instagram.com/poxaguid,poxaguid
Erin,https://www.instagram.com/erinalexander__,erinalexander__
Taylor,https://www.instagram.com/taylorponder,taylorponder
Katie,https://www.instagram.com/ktbosko,ktbosko
Sarah,https://www.instagram.com/the_sarah_jenkins,the_sarah_jenkins
Cat,https://www.instagram.com/cat757,cat757
Sadie,https://www.instagram.com/legitsadielynn,legitsadielynn
Morgan,https://www.instagram.com/morganpw,morganpw
Paula,https://www.instagram.com/paulawearsprada,paulawearsprada
Chandler,https://www.instagram.com/chandler_sultan,chandler_sultan
Steffie,https://www.instagram.com/styled.by.steffie,styled.by.steffie
Fiona,https://www.instagram.com/fionaparkss,fionaparkss
Michaela,https://www.instagram.com/michaelaokland,michaelaokland
Bwang,https://www.instagram.com/bebebwang,bebebwang
Savannah,https://www.instagram.com/savjuliette,savjuliette
Liz,https://www.instagram.com/liz_nichole15,liz_nichole15
Subi,https://www.instagram.com/subiroll,subiroll
Mojan,https://www.instagram.com/drmojodentist,drmojodentist
Hannah,https://www.instagram.com/hanmag_,hanmag_
Anna,https://www.instagram.com/annacorneliuss,annacorneliuss
Laura,https://www.instagram.com/laubrivera5,laubrivera5
Alexa,https://www.instagram.com/alexaaa_allen,alexaaa_allen
Kenzie,https://www.instagram.com/kenzie_klisz,kenzie_klisz
Kissi,https://www.instagram.com/kissispringer,kissispringer
Karissa,https://www.instagram.com/itskarissamae_,itskarissamae_
Sierra,https://www.instagram.com/thelocalmystic,thelocalmystic
Danii,https://www.instagram.com/daniellastowe,daniellastowe
Keanna,https://www.instagram.com/keannajacksonn,keannajacksonn
Michaela,https://www.instagram.com/mla1288,mla1288
Katie,https://www.instagram.com/katiewongspelledwang,katiewongspelledwang
Anna,https://www.instagram.com/dr.annadimarco,dr.annadimarco
Kiara,https://www.instagram.com/kiaramadisen,kiaramadisen
Sarah,https://www.instagram.com/sarah_norian,sarah_norian
Erikal,https://www.instagram.com/erikalwoods,erikalwoods
Cami,https://www.instagram.com/cami.inallplaces,cami.inallplaces
Tej,https://www.instagram.com/tejaatej,tejaatej
Elizabeth,https://www.instagram.com/lizcerreto,lizcerreto
Lily,https://www.instagram.com/liying_chou,liying_chou
Haley,https://www.instagram.com/haleyy_michellee,haleyy_michellee
Bridget,https://www.instagram.com/agentbridge,agentbridge
Anna,https://www.instagram.com/annathropology,annathropology
Karishma,https://www.instagram.com/karishmacordero,karishmacordero
Francesca,https://www.instagram.com/fran.salvato,fran.salvato
Joyce,https://www.instagram.com/joycehong13,joycehong13
Mckenna,https://www.instagram.com/mckennahaz,mckennahaz
Katie,https://www.instagram.com/bainofyrexstnce,bainofyrexstnce
Bea,https://www.instagram.com/beaisnoble,beaisnoble
Naelyne,https://www.instagram.com/naelyneess,naelyneess
Natalie,https://www.instagram.com/nattimusic_,nattimusic_
Carisha,https://www.instagram.com/carishaswanson,carishaswanson
Sarah,https://www.instagram.com/sarahrdress,sarahrdress
Tee,https://www.instagram.com/teegymjunkie,teegymjunkie
Prankur,https://www.instagram.com/g_prankster,g_prankster
Kahlil,https://www.instagram.com/thee_kyoung,thee_kyoung
Otg,https://www.instagram.com/theonly1way,theonly1way
Christian,https://www.instagram.com/pi0mbo,pi0mbo
Keem,https://www.instagram.com/official_its_ya_boi_keem_/,official_its_ya_boi_keem_
Donjae,https://www.instagram.com/itsdonjae,itsdonjae
Ali,https://www.instagram.com/alistterr_,alistterr_
Danzy,https://www.instagram.com/danzy._,danzy._
Tes,https://www.instagram.com/christiantesoriero,christiantesoriero
James,https://www.instagram.com/_jayclark_,_jayclark_
Dedrick,https://www.instagram.com/dedrickhhthomas,dedrickhhthomas
Dayron,https://www.instagram.com/dayronduran18,dayronduran18
Fel,https://www.instagram.com/lani.fero,lani.fero
Rho,https://www.instagram.com/real.rho,real.rho
Vinny,https://www.instagram.com/vinny0fficial,vinny0fficial
Anuar,https://www.instagram.com/anuarha,anuarha
Braulio,https://www.instagram.com/bmsaint,bmsaint
Desmond,https://www.instagram.com/justcallmedes,justcallmedes
Yanis,https://www.instagram.com/yanisnyan,yanisnyan
Sinclair,https://www.instagram.com/00sinki,00sinki
Cazzul,https://www.instagram.com/cazzul_,cazzul_
Andres,https://www.instagram.com/reyesandres31,reyesandres31
Agbai,https://www.instagram.com/aggyboy_,aggyboy_
Heem,https://www.instagram.com/littyheem,littyheem
Clay,https://www.instagram.com/diaryof_clay,diaryof_clay
Zaccheus,https://www.instagram.com/zaccheuspg,zaccheuspg
Zeesh,https://www.instagram.com/zeesh.chaudhry,zeesh.chaudhry
Najee,https://www.instagram.com/najeefarewell,najeefarewell
Kian,https://www.instagram.com/iamkian.c,iamkian.c
Carlitos,https://www.instagram.com/dcarlex10,dcarlex10
Dustin,https://www.instagram.com/thereal.dpj,thereal.dpj
Adrian,https://www.instagram.com/adrianjofficial,adrianjofficial
Luke,https://www.instagram.com/lukearborn,lukearborn
Darvee,https://www.instagram.com/darveeb,darveeb
David,https://www.instagram.com/davideguzmann,davideguzmann
J,https://www.instagram.com/jfindley5,jfindley5
Paul,https://www.instagram.com/thatspaulieb,thatspaulieb
Swolfie,https://www.instagram.com/swolfie.fit,swolfie.fit
Trev,https://www.instagram.com/capturetrevp,capturetrevp
Mykyle,https://www.instagram.com/morelifeky_,morelifeky_
Amir,https://www.instagram.com/itsamirslife,itsamirslife
Eddy,https://www.instagram.com/wyldlife.eddy,wyldlife.eddy
Ody,https://www.instagram.com/lifewithody,lifewithody
Malc,https://www.instagram.com/_malc2,_malc2
Omotosho,https://www.instagram.com/crowned__prince,crowned__prince
Kelvin,https://www.instagram.com/_kelly.kels,_kelly.kels
Michael,https://www.instagram.com/dad.encasa,dad.encasa
Mike,https://www.instagram.com/wheresmikeg,wheresmikeg
Julius,https://www.instagram.com/juliusantwi_,juliusantwi_
Angel,https://www.instagram.com/angels_iron_athletes,angels_iron_athletes
TJ,https://www.instagram.com/tj__hogue,tj__hogue
Lacordney,https://www.instagram.com/lacordney,lacordney
Tremon,https://www.instagram.com/tremonjamal,tremonjamal
Juanito,https://www.instagram.com/juaannito__,juaannito__
Shaq,https://www.instagram.com/shaqsuavee,shaqsuavee
Igor,https://www.instagram.com/igordeoli,igordeoli
David,https://www.instagram.com/iam_davidc,iam_davidc
Kirk,https://www.instagram.com/kirkandre,kirkandre
Nick,https://www.instagram.com/_nickanthony_,_nickanthony_
Richard,https://www.instagram.com/ricardorenta,ricardorenta
Justin,https://www.instagram.com/__jbradford__,__jbradford__
Ashton,https://www.instagram.com/ashtonndesign,ashtonndesign
Angelo,https://www.instagram.com/gelofadezz,gelofadezz
Trenton,https://www.instagram.com/trentonacrey,trentonacrey
Chris,https://www.instagram.com/chris_marcozzi,chris_marcozzi
Jackie,https://www.instagram.com/jackieedwardsjr,jackieedwardsjr
YMB,https://www.instagram.com/ymbeddie,ymbeddie
Juwon,https://www.instagram.com/juwontrepreneur,juwontrepreneur
Isaac,https://www.instagram.com/isaacajonesjr,isaacajonesjr
Chas,https://www.instagram.com/chas.makk,chas.makk
Aaron,https://www.instagram.com/aaronspiteri_,aaronspiteri_
Curtis,https://www.instagram.com/curtbangz,curtbangz
Tem,https://www.instagram.com/tem.adetunji,tem.adetunji
Greg,https://www.instagram.com/gregfoust,gregfoust
Jacob,https://www.instagram.com/jacob_mosner,jacob_mosner
Sly,https://www.instagram.com/thedadtrotter,thedadtrotter
Duran,https://www.instagram.com/_duranimal,_duranimal
Fahn,https://www.instagram.com/fkdarkor,fkdarkor
Kenny,https://www.instagram.com/lifestyleguru_kd,lifestyleguru_kd
Klovr,https://www.instagram.com/_.klovr._,_.klovr._
Gyasi,https://www.instagram.com/gyasilinje,gyasilinje
Aden,https://www.instagram.com/adentreeves,adentreeves
Spence,https://www.instagram.com/spencerbsnrn,spencerbsnrn
Lou,https://www.instagram.com/louuuyoungfitness,louuuyoungfitness
Lanoris,https://www.instagram.com/dr.feelgood_pop,dr.feelgood_pop
Israel,https://www.instagram.com/israel_rodriguez,israel_rodriguez
Darian,https://www.instagram.com/dee_holt,dee_holt
Steve,https://www.instagram.com/the.steverodriguez,the.steverodriguez
Dalton,https://www.instagram.com/therealdaltonhawk,therealdaltonhawk
Argylle,https://www.instagram.com/thelenderlifestyle,thelenderlifestyle
Dre,https://www.instagram.com/thedrepabon,thedrepabon
Keanu,https://www.instagram.com/justin_keanu,justin_keanu
Darren,https://www.instagram.com/inov8tn,inov8tn
Andreys,https://www.instagram.com/andreysvarela,andreysvarela
Spencer,https://www.instagram.com/spencerfaucher,spencerfaucher
Nick,https://www.instagram.com/thecapturingcouple,thecapturingcouple
Franklin,https://www.instagram.com/franco_f.22,franco_f.22
George,https://www.instagram.com/george.shian,george.shian
Alex,https://www.instagram.com/ourboystory,ourboystory
Andres,https://www.instagram.com/itsssandres,itsssandres
Malcolm,https://www.instagram.com/mcarfrae,mcarfrae
Pastor,https://www.instagram.com/ordinary_papa,ordinary_papa
Cullen,https://www.instagram.com/cullenggriffin,cullenggriffin
Alexander,https://www.instagram.com/happylex1022,happylex1022
Arnold,https://www.instagram.com/arnoldaruelas,arnoldaruelas
Aaron,https://www.instagram.com/begreedyeats,begreedyeats
Bryan,https://www.instagram.com/bcolective,bcolective
Syvelle,https://www.instagram.com/syvellenewton,syvellenewton
Ernest,https://www.instagram.com/ernestquiocho,ernestquiocho
Jordan,https://www.instagram.com/904.jaee,904.jaee
Rohn,https://www.instagram.com/rohnstarling,rohnstarling
Garrett,https://www.instagram.com/garretttaira,garretttaira
Steve,https://www.instagram.com/foodyfellowship,foodyfellowship
Kouza,https://www.instagram.com/kouza_cutz,kouza_cutz
Xav,https://www.instagram.com/theplantbasedbrotha,theplantbasedbrotha
Charles,https://www.instagram.com/charlesknowlesjr,charlesknowlesjr
Leo,https://www.instagram.com/levitatestyle,levitatestyle
Kingson,https://www.instagram.com/kingsonchen,kingsonchen
Moriaki,https://www.instagram.com/theflyingsteward,theflyingsteward
Jay,https://www.instagram.com/jaytravelsworld,jaytravelsworld
Banks,https://www.instagram.com/banksfamilytravels/,banksfamilytravels
Tony,https://www.instagram.com/theberardo/,theberardo
Drew,https://www.instagram.com/91_till/,91_till
Leonel,https://www.instagram.com/leonelquilespr/,leonelquilespr
Jotes,https://www.instagram.com/therealpapajotes,therealpapajotes
Deon,https://www.instagram.com/thedeonknox,thedeonknox
Dallin,https://www.instagram.com/dallinseely,dallinseely
Cameron,https://www.instagram.com/sahdx5,sahdx5
,https://www.instagram.com/boredtrophyhusband,boredtrophyhusband
,https://www.instagram.com/_thenorthernnerd_,_thenorthernnerd_
Gabe,https://www.instagram.com/gabe_poirot,gabe_poirot
Mike,https://www.instagram.com/mikevaquero,mikevaquero
Michal,https://www.instagram.com/kollbi,kollbi
Robert,https://www.instagram.com/king.rackbar,king.rackbar
Rob,https://www.instagram.com/thatdadrob,thatdadrob
Alan,https://www.instagram.com/thegilliamfam,thegilliamfam
Cane,https://www.instagram.com/caneisthename,caneisthename
Ezell,https://www.instagram.com/ezell2film_,ezell2film_
Lee,https://www.instagram.com/leevalentin,leevalentin
Jamie,https://www.instagram.com/jamiekaler,jamiekaler
Jerard,https://www.instagram.com/jerardbennett,jerardbennett
Tyler,https://www.instagram.com/30.and.tyler/,30.and.tyler
Kaleb,https://www.instagram.com/kalebward_/,kalebward_
Brandon,https://www.instagram.com/iambboone/,iambboone
Vince,https://www.instagram.com/vincecarone/,vincecarone
Junio,https://www.instagram.com/junioenrique/,junioenrique
Julius,https://www.instagram.com/juicetontx/,juicetontx
Bryan,https://www.instagram.com/bryanwgreen/,bryanwgreen
Anna,https://www.instagram.com/annalindeeb/,annalindeeb
Queenbb,https://www.instagram.com/beautyqueenbb,beautyqueenbb
Kayle,https://www.instagram.com/oh_kayyyyyyyyyy,oh_kayyyyyyyyyy
Lex,https://www.instagram.com/lexisslopez,lexisslopez
Sky,https://www.instagram.com/emskyfitness,emskyfitness
Lauren,https://www.instagram.com/gainsbylolo,gainsbylolo
Hayley,https://www.instagram.com/hayleysully_,hayleysully_
Stephanie,https://www.instagram.com/stephanieyaen,stephanieyaen
La,https://www.instagram.com/badditude_la,badditude_la
Chioma,https://www.instagram.com/heybyechioma,heybyechioma
Liliana,https://www.instagram.com/get_fit305,get_fit305
Mary,https://www.instagram.com/maryhwebb,maryhwebb
Avi,https://www.instagram.com/desstinylashay,desstinylashay
Ebbie,https://www.instagram.com/everythingebbie,everythingebbie
Celeste,https://www.instagram.com/peaches_and_cheeks,peaches_and_cheeks
Camryn,https://www.instagram.com/camrynmedina,camrynmedina
Savannah,https://www.instagram.com/savvyslifestyle,savvyslifestyle
Kayline,https://www.instagram.com/thekleanfitt,thekleanfitt
lorynn,https://www.instagram.com/lorynn16,lorynn16
Jullisa,https://www.instagram.com/julliissaaaaa,julliissaaaaa
Jvibes,https://www.instagram.com/jvibes__,jvibes__
Rachel,https://www.instagram.com/rachelnicoletrain,rachelnicoletrain
Kayla,https://www.instagram.com/kaylarivera_,kaylarivera_
Lauryn,https://www.instagram.com/laurynmmitchell/,laurynmmitchell
Morgan,https://www.instagram.com/itzmorgan15/,itzmorgan15
lorie,https://www.instagram.com/loriealmanza_/,loriealmanza_
Grace,https://www.instagram.com/graceyn.odoardi/,graceyn.odoardi
Sarah,https://www.instagram.com/thesarahmoody/,thesarahmoody
Jill,https://www.instagram.com/jillcathrynklein/,jillcathrynklein
Itzel,https://www.instagram.com/itzel25_/,itzel25_
Desiree,https://www.instagram.com/fitdesiree/,fitdesiree
Ambrosha,https://www.instagram.com/toocomplicated_/,toocomplicated_
Lizuation,https://www.instagram.com/lizuation/,lizuation
Giavanna,https://www.instagram.com/tactical.mommy/,tactical.mommy
Metay,https://www.instagram.com/metay.marie/,metay.marie
Jazmyn,https://www.instagram.com/jazzzzieb/,jazzzzieb
Sarah,https://www.instagram.com/sarahblackburnking/,sarahblackburnking
Kimberly,https://www.instagram.com/kimberly_brwn/,kimberly_brwn
Des,https://www.instagram.com/missdezzz/,missdezzz
Chandler,https://www.instagram.com/chandlerjade177/,chandlerjade177
Kiana,https://www.instagram.com/itskianajay/,itskianajay
Daniela,https://www.instagram.com/danielayero/,danielayero
Alex,https://www.instagram.com/alexpicc_/,alexpicc_
Ory,https://www.instagram.com/orysfitness/,orysfitness
Desire,https://www.instagram.com/iamdesire.d/,iamdesire.d
Vanesa,https://www.instagram.com/suebombon/,suebombon
Jocinda,https://www.instagram.com/jocindafit/,jocindafit
Maysen,https://www.instagram.com/maysen_minor/,maysen_minor
Monica,https://www.instagram.com/monicaafrias/,monicaafrias
Fredlicia,https://www.instagram.com/naturallyfreddy/,naturallyfreddy
Beezy,https://www.instagram.com/prettynfitbybeezy/,prettynfitbybeezy
Nargis,https://www.instagram.com/the.comeback.mama/,the.comeback.mama
Paula,https://www.instagram.com/paula.gacharna/,paula.gacharna
Jaded,https://www.instagram.com/curlyheadedjas/,curlyheadedjas
Keirra,https://www.instagram.com/keirraell/,keirraell
Atirlyna,https://www.instagram.com/atirlyna/,atirlyna
Gigi,https://www.instagram.com/gigiinicolee/,gigiinicolee
Kat,https://www.instagram.com/zbrxtz/,zbrxtz
Paula,https://www.instagram.com/paulahablich/,paulahablich
Manisha,https://www.instagram.com/ironpeachmk/,ironpeachmk
Nisha,https://www.instagram.com/__nisha2x/,__nisha2x
Kayla,https://www.instagram.com/itskdiani/,itskdiani
Victoria,https://www.instagram.com/victoriasanchezt_/,victoriasanchezt_
Monae,https://www.instagram.com/dmonae03/,dmonae03
Alex,https://www.instagram.com/alexandradwilk/,alexandradwilk
Darrian,https://www.instagram.com/darr.tiss/,darr.tiss
Elizabeth,https://www.instagram.com/lizkhalifa329/,lizkhalifa329
Candyce,https://www.instagram.com/mrs_h3rcules/,mrs_h3rcules
Marcela,https://www.instagram.com/marcelaramirezg/,marcelaramirezg
Aaliyah,https://www.instagram.com/aaliyahinspires_/,aaliyahinspires_
Jairy,https://www.instagram.com/jairyvergara/,jairyvergara
Leah,https://www.instagram.com/leahreichman/,leahreichman
BRI,https://www.instagram.com/vintage_bri/,vintage_bri
Julia,https://www.instagram.com/xlrgju/,xlrgju
Erica,https://www.instagram.com/e.glowz/,e.glowz
Sabrina,https://www.instagram.com/sabrinnaa_biancaa/,sabrinnaa_biancaa
Anna,https://www.instagram.com/annagraciegray/,annagraciegray
Gabrielle,https://www.instagram.com/gabbyfit2beast/,gabbyfit2beast
Maggie,https://www.instagram.com/mags.run/,mags.run
Robyn,https://www.instagram.com/robyn.majestic/,robyn.majestic
Emily,https://www.instagram.com/em_tence/,em_tence
Kimberly,https://www.instagram.com/kimberlysheppard/,kimberlysheppard
Yanelly,https://www.instagram.com/yan311y._/,yan311y._
Lili,https://www.instagram.com/lilirosariofit/,lilirosariofit
Jasmeen,https://www.instagram.com/love.jasmeeen/,love.jasmeeen
Madison,https://www.instagram.com/madisonyates2/,madisonyates2
Kathy,https://www.instagram.com/kathysmithfitness/,kathysmithfitness
Olivia,https://www.instagram.com/curvyo_/,curvyo_
brittani,https://www.instagram.com/britt.brattt.12/,britt.brattt.12
Olivia,https://www.instagram.com/snatched2fitness/,snatched2fitness
Gisselly,https://www.instagram.com/gissellybruce/,gissellybruce
Kenzie,https://www.instagram.com/kenziemad.fit/,kenziemad.fit
Virginia,https://www.instagram.com/virginiaruthxo/,virginiaruthxo
Laticia,https://www.instagram.com/ticisays_/,ticisays_
Jessica,https://www.instagram.com/jessie_sbk/,jessie_sbk
Osh,https://www.instagram.com/oshnicole_/,oshnicole_
Brenna,https://www.instagram.com/brennayvette_/,brennayvette_
Tara,https://www.instagram.com/toldbytara/,toldbytara
TTfit,https://www.instagram.com/ttfit_12/,ttfit_12
Amaris,https://www.instagram.com/amarrisortiz/,amarrisortiz
Kristen,https://www.instagram.com/kristensludwig/,kristensludwig
Gail,https://www.instagram.com/gailgenslerofficial/,gailgenslerofficial
Caprise,https://www.instagram.com/prepre2345/,prepre2345
Hailey,https://www.instagram.com/haileynolin/,haileynolin
Trill,https://www.instagram.com/naturalcurvyterray/,naturalcurvyterray
Siryn,https://www.instagram.com/sirynhart/,sirynhart
Abbott,https://www.instagram.com/eabbott10/,eabbott10
Denice,https://www.instagram.com/iamdindiv/,iamdindiv
Ashley,https://www.instagram.com/ashley.drabicki/,ashley.drabicki
Jeslyan,https://www.instagram.com/jessfigueroaaa/,jessfigueroaaa
Talisha,https://www.instagram.com/wordtoliburd/,wordtoliburd
Cynthia,https://www.instagram.com/cstyle_fitness/,cstyle_fitness
Melinda,https://www.instagram.com/the_blondebobxoxo/,the_blondebobxoxo
kayla,https://www.instagram.com/kaylaa.shanae/,kaylaa.shanae
Carolina,https://www.instagram.com/bodybycarolina/,bodybycarolina
Jamileh,https://www.instagram.com/fitnessrewired.jam/,fitnessrewired.jam
Bratt,https://www.instagram.com/bratt_nay/,bratt_nay
Kayla,https://www.instagram.com/kaylaicason/,kaylaicason
Raven,https://www.instagram.com/mrs.foxyfit/,mrs.foxyfit
Linda,https://www.instagram.com/babyfacelinsay/,babyfacelinsay
Breana,https://www.instagram.com/breanajenae/,breanajenae
Vanessa,https://www.instagram.com/nessthi/,nessthi
Zoey,https://www.instagram.com/zopanz/,zopanz
Julissa,https://www.instagram.com/julissanb_/,julissanb_
Ysabella,https://www.instagram.com/ysabellamallo/,ysabellamallo
Rachel,https://www.instagram.com/rach.regan/,rach.regan
Yuly,https://www.instagram.com/naturallyyuly/,naturallyyuly
Dini,https://www.instagram.com/dikayfit/,dikayfit
Daniela,https://www.instagram.com/cortesilamadaniela/,cortesilamadaniela
Shelby,https://www.instagram.com/shelbyynicole_/,shelbyynicole_
Nina,https://www.instagram.com/fitwitnina/,fitwitnina
Jasia,https://www.instagram.com/jasiafit/,jasiafit
Neesha,https://www.instagram.com/neeshafit/,neeshafit
Sharvellé,https://www.instagram.com/healthy_food_me_please/,healthy_food_me_please
Leslie,https://www.instagram.com/lesss.x_/,lesss.x_
Brittany,https://www.instagram.com/brittanysmart__/,brittanysmart__
Elizabeth,https://www.instagram.com/ellidigiovanni/,ellidigiovanni
Brooke,https://www.instagram.com/brooke.tini/,brooke.tini
Brieille,https://www.instagram.com/brieille.s/,brieille.s
Natalie,https://www.instagram.com/nataliehayes.inc/,nataliehayes.inc
Veronica,https://www.instagram.com/veeve.xo/,veeve.xo
Savage,https://www.instagram.com/j.savageeee/,j.savageeee
Racheal,https://www.instagram.com/bodiedbybrachel/,bodiedbybrachel
Kianna,https://www.instagram.com/kianna_millerr/,kianna_millerr
Lexi,https://www.instagram.com/alexisb_k4/,alexisb_k4
Jocylynn,https://www.instagram.com/_jocyyjocyy/,_jocyyjocyy
Hilary,https://www.instagram.com/hilaryoronsaye/,hilaryoronsaye
Jacklyn,https://www.instagram.com/jacklyn.fit/,jacklyn.fit
Taryn,https://www.instagram.com/tarynmbrooks/,tarynmbrooks
Christina,https://www.instagram.com/xtinamarks/,xtinamarks
Gabrielle,https://www.instagram.com/gabriellestorm/,gabriellestorm
Eva,https://www.instagram.com/mindbodybyeva/,mindbodybyeva
Juliette,https://www.instagram.com/azulasounds/,azulasounds
Jala,https://www.instagram.com/jalasue/,jalasue
Vanessa,https://www.instagram.com/vanessapugafit/,vanessapugafit
Ashley,https://www.instagram.com/clarkeayye/,clarkeayye
Kenna,https://www.instagram.com/fitness_kenna.15/,fitness_kenna.15
Marrae,https://www.instagram.com/marrae_jean/,marrae_jean
Kelly,https://www.instagram.com/kellyvonschleis/,kellyvonschleis
Cristal,https://www.instagram.com/cristvl_/,cristvl_
Megan,https://www.instagram.com/megancawley/,megancawley
Kenzie,https://www.instagram.com/kenz2x_/,kenz2x_
Evelin,https://www.instagram.com/ohheyitsevee/,ohheyitsevee
Beckydee,https://www.instagram.com/iambexflex/,iambexflex
Jasmine,https://www.instagram.com/jasmine_shier/,jasmine_shier
Angie,https://www.instagram.com/angieohman/,angieohman
Kelsey,https://www.instagram.com/lilkfinn/,lilkfinn
Michelle,https://www.instagram.com/teddy_bear676/,teddy_bear676
Devon,https://www.instagram.com/txdevon/,txdevon
Nadine,https://www.instagram.com/nadineelachkar/,nadineelachkar
Olivia,https://www.instagram.com/oliviaamartel/,oliviaamartel
Bell,https://www.instagram.com/builtby.bell/,builtby.bell
Izzy,https://www.instagram.com/aliciajune__/,aliciajune__
Davina,https://www.instagram.com/davina_the_coach/,davina_the_coach
Rupsikha,https://www.instagram.com/fitmomrini/,fitmomrini
Orly,https://www.instagram.com/orlyfit24/,orlyfit24
Cindy,https://www.instagram.com/cindy_vfit/,cindy_vfit
Kelly,https://www.instagram.com/kjwc227/,kjwc227
Natalie,https://www.instagram.com/natalieski.702/,natalieski.702
Bella,https://www.instagram.com/bellasbeasts/,bellasbeasts
Kimberly,https://www.instagram.com/kimmishot/,kimmishot
Lauren,https://www.instagram.com/just_lauren_/,just_lauren_
Abigail,https://www.instagram.com/madewith_faith/,madewith_faith
Kierra,https://www.instagram.com/simplyyy.kie/,simplyyy.kie
Lynel,https://www.instagram.com/lynhustlee/,lynhustlee
Moody,https://www.instagram.com/moodyfit_/,moodyfit_
Ana,https://www.instagram.com/soff.liftss/,soff.liftss
Meghan,https://www.instagram.com/blessedbymeghan/,blessedbymeghan
Yafit,https://www.instagram.com/yafitbody/,yafitbody
Taylor,https://www.instagram.com/tayyloryoungg_/,tayyloryoungg_
Olive,https://www.instagram.com/ol.vefit/,ol.vefit
Rachel,https://www.instagram.com/rachecruzz/,rachecruzz
Molly,https://www.instagram.com/mbinetti22/,mbinetti22
Mariaaa,https://www.instagram.com/maria.sartin/,maria.sartin
Janelly,https://www.instagram.com/janellynicole__/,janellynicole__
Jayda,https://www.instagram.com/jayda.v/,jayda.v
Alicia,https://www.instagram.com/mrs.motivateyofitness/,mrs.motivateyofitness
Meliyah,https://www.instagram.com/its_meliyah/,its_meliyah
Dazy,https://www.instagram.com/dazy520/,dazy520
Ari,https://www.instagram.com/ari_xox27/,ari_xox27
Natasha,https://www.instagram.com/natashaandco/,natashaandco
Antionette,https://www.instagram.com/i.am.antionette/,i.am.antionette
Rylie,https://www.instagram.com/ryliedewhurst/,ryliedewhurst
Nisi,https://www.instagram.com/classicfitbeauty_nisi/,classicfitbeauty_nisi
Taylor,https://www.instagram.com/fit_by_tay/,fit_by_tay
Mary,https://www.instagram.com/marygr__/,marygr__
Sandy,https://www.instagram.com/fitbysandyt/,fitbysandyt
Sam,https://www.instagram.com/sam.reedxo/,sam.reedxo
Lauren,https://www.instagram.com/laurenmcgettrick/,laurenmcgettrick
Kenah,https://www.instagram.com/kenahlifts/,kenahlifts
Destiny,https://www.instagram.com/dslayfit/,dslayfit
Queen Ji,https://www.instagram.com/the1queenji/,the1queenji
Mela,https://www.instagram.com/melaa_olivaa/,melaa_olivaa
Christianna,https://www.instagram.com/christifitness4u/,christifitness4u
RevolutioniZe,https://www.instagram.com/revolutionizeusa/,revolutionizeusa
Azaraya,https://www.instagram.com/azarayaskye/,azarayaskye
Michaela,https://www.instagram.com/michaelalynnefit/,michaelalynnefit
Jessica,https://www.instagram.com/jessicarusso325/,jessicarusso325
Katelyn,https://www.instagram.com/imjustkay_/,imjustkay_
Alana,https://www.instagram.com/goldenhinchen/,goldenhinchen
Ashley,https://www.instagram.com/prissy_with_pearls/,prissy_with_pearls
Grace,https://www.instagram.com/gracekinz_/,gracekinz_
Lisa,https://www.instagram.com/twinkiebug_photos/,twinkiebug_photos
lily,https://www.instagram.com/lifterlily/,lifterlily
Holland,https://www.instagram.com/holland.scattergood/,holland.scattergood
Xiomara,https://www.instagram.com/its.xilee/,its.xilee
Kari,https://www.instagram.com/drkquinnny/,drkquinnny
Rebecca,https://www.instagram.com/redemptiverebecca/,redemptiverebecca
Nisha,https://www.instagram.com/getrightwithnishh/,getrightwithnishh
Cicily,https://www.instagram.com/cicily.marie_/,cicily.marie_
Cami,https://www.instagram.com/yogurtsandworkouts/,yogurtsandworkouts
Lauren,https://www.instagram.com/nurse.lauren3/,nurse.lauren3
Jojo,https://www.instagram.com/ms.sweditout/,ms.sweditout
Isabella,https://www.instagram.com/bellasweats/,bellasweats
Skye,https://www.instagram.com/_skyethompson_/,_skyethompson_
Laryssa,https://www.instagram.com/laryssa902/,laryssa902
Star,https://www.instagram.com/starmcgee_/,starmcgee_
Katie,https://www.instagram.com/yogi.ish/,yogi.ish
Addy,https://www.instagram.com/findyouraltitude/,findyouraltitude
Andrea,https://www.instagram.com/andreecabal__/,andreecabal__
Becca,https://www.instagram.com/beccapace/,beccapace
Chandler,https://www.instagram.com/chandlerlepre/,chandlerlepre
Ashley,https://www.instagram.com/ashleybasiri/,ashleybasiri
Emma,https://www.instagram.com/emlogsdon.fit/,emlogsdon.fit
Jayleen,https://www.instagram.com/sweetbodyjay/,sweetbodyjay
Grace,https://www.instagram.com/_grace.fitt/,_grace.fitt
JuJu,https://www.instagram.com/getfitwitju/,getfitwitju
Allissa,https://www.instagram.com/captainallissa/,captainallissa
Rose,https://www.instagram.com/fitgyallrose/,fitgyallrose
Omayraliz,https://www.instagram.com/nakhalift49/,nakhalift49
Courtney,https://www.instagram.com/fullcourt24/,fullcourt24
Maggie,https://www.instagram.com/movewellmama_/,movewellmama_
Claudia,https://www.instagram.com/hasfitclaudia/,hasfitclaudia
Kelsey,https://www.instagram.com/kelseyshackley/,kelseyshackley
Aramis,https://www.instagram.com/ramiswanders/,ramiswanders
Amanda,https://www.instagram.com/amandaludian/,amandaludian
Romica,https://www.instagram.com/romica_/,romica_
Carolina,https://www.instagram.com/hellocaroliina/,hellocaroliina
Skyler,https://www.instagram.com/skylermunson/,skylermunson
Cristina,https://www.instagram.com/cristinacfitness_/,cristinacfitness_
Ashley,https://www.instagram.com/theofficialai/,theofficialai
Sarah,https://www.instagram.com/shaped.by.sarah/,shaped.by.sarah
Cassidy,https://www.instagram.com/cdiablooo/,cdiablooo
Katie,https://www.instagram.com/pineappleprincess_/,pineappleprincess_
Ivy,https://www.instagram.com/ivanagimenez7/,ivanagimenez7
Mia,https://www.instagram.com/miaforever101/,miaforever101
Diane,https://www.instagram.com/dorkyydiana/,dorkyydiana
Ta'Leah,https://www.instagram.com/its.leahhhh/,its.leahhhh
Addi,https://www.instagram.com/addi.rays/,addi.rays
Bianca,https://www.instagram.com/biancamarinae/,biancamarinae
Rachel,https://www.instagram.com/racheldempseyy/,racheldempseyy
Michelle,https://www.instagram.com/michelle.andrea.adams/,michelle.andrea.adams
Raquel,https://www.instagram.com/_raquel_noemi_/,_raquel_noemi_
Yara,https://www.instagram.com/obsessedwyara/,obsessedwyara
Mel,https://www.instagram.com/melashley_fit/,melashley_fit
Gaberie,https://www.instagram.com/gaberieanah/,gaberieanah
Videlli,https://www.instagram.com/videlifit/,videlifit
Yas,https://www.instagram.com/yas_annette/,yas_annette
Alexy,https://www.instagram.com/alexyposner/,alexyposner
Haley,https://www.instagram.com/haleyr.xoxo/,haleyr.xoxo
Yasamin,https://www.instagram.com/fit.with.yasi/,fit.with.yasi
Jeanine,https://www.instagram.com/getfitwithjd_/,getfitwithjd_
lapotra,https://www.instagram.com/lapotrafit/,lapotrafit
Andrea,https://www.instagram.com/andreaa.clements/,andreaa.clements
Leslie,https://www.instagram.com/lesgettfitt/,lesgettfitt
Nequa,https://www.instagram.com/nequa_j/,nequa_j
Jeizel,https://www.instagram.com/jeizelthebrand/,jeizelthebrand
Lauren,https://www.instagram.com/lauren.kromas/,lauren.kromas
Monique,https://www.instagram.com/fitlife.by.mony/,fitlife.by.mony
Irene,https://www.instagram.com/getufitnutrition/,getufitnutrition
Stone,https://www.instagram.com/bodiedtothe_t/,bodiedtothe_t
Lauren,https://www.instagram.com/laurensedonia/,laurensedonia
Eliana,https://www.instagram.com/elianaa.aa.___/,elianaa.aa.___
Vanessa,https://www.instagram.com/fitnessapalacio/,fitnessapalacio
Emily,https://www.instagram.com/emilyylouu_/,emilyylouu_
Sophy,https://www.instagram.com/sophyzzle/,sophyzzle
Kenzie,https://www.instagram.com/kenzie_r1/,kenzie_r1
Savannah,https://www.instagram.com/bodiesby_sav/,bodiesby_sav
Tanya,https://www.instagram.com/toned_byt/,toned_byt
Nicole,https://www.instagram.com/rosarionico/,rosarionico
Brooklin,https://www.instagram.com/brooklinslife/,brooklinslife
Evelyn,https://www.instagram.com/heavy.metal.evelyn/,heavy.metal.evelyn
Skylar,https://www.instagram.com/sapphireesky/,sapphireesky
Heather,https://www.instagram.com/heatherbbrownn/,heatherbbrownn
Leigh,https://www.instagram.com/leighannhealey/,leighannhealey
Nicole,https://www.instagram.com/nicolealexandrai/,nicolealexandrai
Michele,https://www.instagram.com/revzandman/,revzandman
Sheryl,https://www.instagram.com/royalprincessaah/,royalprincessaah
Brenna,https://www.instagram.com/brenna.hamilton_/,brenna.hamilton_
Candice,https://www.instagram.com/candiceterrazas/,candiceterrazas
Jazmin,https://www.instagram.com/jayysss_world/,jayysss_world
Jasmaine,https://www.instagram.com/im.miss.jas/,im.miss.jas
Delaney,https://www.instagram.com/delaneytaliaxo/,delaneytaliaxo
Haley,https://www.instagram.com/haleyk_fit/,haleyk_fit
Genecia,https://www.instagram.com/iamgenecia/,iamgenecia
Isa,https://www.instagram.com/isarodriguez.oficial/,isarodriguez.oficial
Bambaataa,https://www.instagram.com/thebambaataa/,thebambaataa
Vk,https://www.instagram.com/vkxfitt/,vkxfitt
Emily,https://www.instagram.com/emilyperretta/,emilyperretta
Mikaela,https://www.instagram.com/mikaela.mcelligott/,mikaela.mcelligott
Karen,https://www.instagram.com/karenlperezs/,karenlperezs
Michelle,https://www.instagram.com/liftingfitnessnutrition/,liftingfitnessnutrition
Burckel,https://www.instagram.com/burckelgdeichmann/,burckelgdeichmann
Sahricka,https://www.instagram.com/sahrixkaeng/,sahrixkaeng
Destiny,https://www.instagram.com/princess_destino/,princess_destino
Mickie,https://www.instagram.com/mhfiitt/,mhfiitt
Kari,https://www.instagram.com/queen.cari_/,queen.cari_
Lynnette,https://www.instagram.com/netteynonstop/,netteynonstop
Katharine,https://www.instagram.com/fitfreiburgs/,fitfreiburgs
Madi,https://www.instagram.com/madi_3mily/,madi_3mily
Tiana,https://www.instagram.com/skarlethh_/,skarlethh_
Katie,https://www.instagram.com/missykatie/,missykatie
Emily,https://www.instagram.com/emilyvictores/,emilyvictores
Samira,https://www.instagram.com/_samiraiman_/,_samiraiman_
Alexis,https://www.instagram.com/alexeeters/,alexeeters
misfit,https://www.instagram.com/pumasupremacy/,pumasupremacy
Shelly,https://www.instagram.com/shelly_tha_bomb,shelly_tha_bomb
Kristen,https://www.instagram.com/krishayden,krishayden
Arreonte,https://www.instagram.com/aamorlee,aamorlee
Eliza,https://www.instagram.com/elizakatoa_fit,elizakatoa_fit
Cathy,https://www.instagram.com/itss.cathyyy_,itss.cathyyy_
Brownbunnyfit,https://www.instagram.com/brownbunnyfit,brownbunnyfit
Pumpkin,https://www.instagram.com/pumpkin.queen.365,pumpkin.queen.365
Alyson,https://www.instagram.com/alyduffinfitness,alyduffinfitness
Danielle,https://www.instagram.com/daniellepascente,daniellepascente
Dilru,https://www.instagram.com/dilru_fit_life,dilru_fit_life
Mahsa,https://www.instagram.com/mahsa_rogersfit,mahsa_rogersfit
Uliana,https://www.instagram.com/ulich8,ulich8
Sarah,https://www.instagram.com/iamsarahfit,iamsarahfit
Mari,https://www.instagram.com/maaripapini,maaripapini
Natalie,https://www.instagram.com/empoweredartist,empoweredartist
Callie,https://www.instagram.com/calliecentaur,calliecentaur
Forherkind,https://www.instagram.com/forherkind,forherkind
Mia,https://www.instagram.com/mia_nicole/,mia_nicole
Ashley,https://www.instagram.com/ashley.j.davila/,ashley.j.davila
Kia,https://www.instagram.com/pilateswithkia,pilateswithkia
Erin,https://www.instagram.com/erinromney,erinromney
Lauren,https://www.instagram.com/laurentip,laurentip
Kelly,https://www.instagram.com/kellytravisty,kellytravisty
Kaylin,https://www.instagram.com/kaylinkourtney/,kaylinkourtney
Amanda,https://www.instagram.com/haparican,haparican
Cynthiia,https://www.instagram.com/cynthiia_xv,cynthiia_xv
stephanie,https://www.instagram.com/stephanielasara,stephanielasara
Lola,https://www.instagram.com/fitlolamontez,fitlolamontez
Rosmary,https://www.instagram.com/rosmarypalmera,rosmarypalmera
Laine,https://www.instagram.com/s.llaine,s.llaine
Breanna,https://www.instagram.com/breannastorm_,breannastorm_
Sianny,https://www.instagram.com/sianymarquezz,sianymarquezz
Mackenzie,https://www.instagram.com/mackenzieannross,mackenzieannross
Kara,https://www.instagram.com/idntkara,idntkara
Everly,https://www.instagram.com/arabianmami,arabianmami
Kahina,https://www.instagram.com/c0kahina,c0kahina
Wendy,https://www.instagram.com/wen.montano,wen.montano
Shelbs,https://www.instagram.com/tipsyshelbs,tipsyshelbs
Aiyan,https://www.instagram.com/aiyanceee,aiyanceee
Abigail,https://www.instagram.com/lobato.abigail,lobato.abigail
Briah,https://www.instagram.com/itsbriahdarden,itsbriahdarden
Britt,https://www.instagram.com/britt.mia,britt.mia
Taylor,https://www.instagram.com/iamtaysimone,iamtaysimone
Jay,https://www.instagram.com/jaylonalexis,jaylonalexis
Zuzy,https://www.instagram.com/zuzys_journey,zuzys_journey
Loziana,https://www.instagram.com/loziana_61,loziana_61
Nora,https://www.instagram.com/nora_guillens,nora_guillens
Yan,https://www.instagram.com/yaneeezy,yaneeezy
Brianna,https://www.instagram.com/brianna.celestee,brianna.celestee
Dalia,https://www.instagram.com/damn.it.dalia,damn.it.dalia
Molly,https://www.instagram.com/mollyorth,mollyorth
Kinaiya,https://www.instagram.com/kinaiyya,kinaiyya
Ebony,https://www.instagram.com/_ynobe,_ynobe
Mychelle,https://www.instagram.com/elyssa_mychelle,elyssa_mychelle
Juju,https://www.instagram.com/juliabarnardd,juliabarnardd
Gina,https://www.instagram.com/ginanuch,ginanuch
Sarah,https://www.instagram.com/sarah.obrien93,sarah.obrien93
Elite,https://www.instagram.com/msprettyelite_,msprettyelite_
Emily,https://www.instagram.com/emily.k.owens,emily.k.owens
Wendy,https://www.instagram.com/ikissedwenday_,ikissedwenday_
Aileen,https://www.instagram.com/a_mzin,a_mzin
Sam,https://www.instagram.com/samantha_cuevas,samantha_cuevas
Nicole,https://www.instagram.com/nicfabfit,nicfabfit
Lesi,https://www.instagram.com/lesliem4rtinez,lesliem4rtinez
Jacquie,https://www.instagram.com/jacquie__baker,jacquie__baker
Autumn,https://www.instagram.com/autumncieraa_,autumncieraa_
Rashmi,https://www.instagram.com/rashmi_ranolia,rashmi_ranolia
Tylea,https://www.instagram.com/tyleahbh,tyleahbh
Iana,https://www.instagram.com/missfit.llc,missfit.llc
Bryann,https://www.instagram.com/brynnnfit,brynnnfit
Nelly,https://www.instagram.com/larrasquitu07,larrasquitu07
Hanna,https://www.instagram.com/deadliftdoll,deadliftdoll
Brianna,https://www.instagram.com/mercbriana,mercbriana
Cicily,https://www.instagram.com/tallglassofcici,tallglassofcici
Elia,https://www.instagram.com/eliacantu,eliacantu
Ella,https://www.instagram.com/ellewermuth,ellewermuth
Frances,https://www.instagram.com/francesdilo,francesdilo
Jacqueline,https://www.instagram.com/justjax2u,justjax2u
Xenia,https://www.instagram.com/xeniafanta,xeniafanta
Aliyse,https://www.instagram.com/aliyseciana,aliyseciana
Brenda,https://www.instagram.com/brenda.ayon,brenda.ayon
Angelica,https://www.instagram.com/a1angi3,a1angi3
Alicia,https://www.instagram.com/itsaliciarose,itsaliciarose
Angela,https://www.instagram.com/angela.lynnn,angela.lynnn
Shara,https://www.instagram.com/jasharamoss,jasharamoss
Britney,https://www.instagram.com/britney_moreno/,britney_moreno
Destineyy,https://www.instagram.com/des_fit.ness/,des_fit.ness
Alyssa,https://www.instagram.com/liskey16/,liskey16
Seidy,https://www.instagram.com/seidyaalejandra/,seidyaalejandra
Isa,https://www.instagram.com/isanatomyy/,isanatomyy
Claudia,https://www.instagram.com/ayee_claudiaa/,ayee_claudiaa
Amanda,https://www.instagram.com/amanda.berecz/,amanda.berecz
Jenna,https://www.instagram.com/itsjennahelfrich/,itsjennahelfrich
Ferrioni,https://www.instagram.com/ferrionipao/,ferrionipao
Presley,https://www.instagram.com/presleyc.fit/,presleyc.fit
Josie,https://www.instagram.com/jomedd/,jomedd
Alexys,https://www.instagram.com/buffbeliever/,buffbeliever
Cassie,https://www.instagram.com/cassie.benavides/,cassie.benavides
Susanne,https://www.instagram.com/iamsusndybvik/,iamsusndybvik
Jennie,https://www.instagram.com/jenniferoelvir/,jenniferoelvir
Emi,https://www.instagram.com/emi_demi/,emi_demi
Dani,https://www.instagram.com/2entailed/,2entailed
Kaitlin,https://www.instagram.com/pro.fitkate/,pro.fitkate
Kayla,https://www.instagram.com/kayluhh_michelle_xoxo/,kayluhh_michelle_xoxo
Veronica,https://www.instagram.com/veronica.r312/,veronica.r312
Makayla,https://www.instagram.com/makaylamcquoid/,makaylamcquoid
Olivia,https://www.instagram.com/olivia.raymas/,olivia.raymas
Nicole,https://www.instagram.com/nicolearjomand/,nicolearjomand
Kim,https://www.instagram.com/kimmtoocute10/,kimmtoocute10
Kae,https://www.instagram.com/skaej_/,skaej_
Jessica,https://www.instagram.com/jessicanievesss/,jessicanievesss
Marla,https://www.instagram.com/marlamamasita/,marlamamasita
Stephanie,https://www.instagram.com/stephhh___e/,stephhh___e
Yaire,https://www.instagram.com/xyairee/,xyairee
Beth,https://www.instagram.com/fitandfabfirlife/,fitandfabfirlife
Jennifer,https://www.instagram.com/jenniferzehava/,jenniferzehava
Peach,https://www.instagram.com/coacchpeacch/,coacchpeacch
Desire,https://www.instagram.com/justmiss___/,justmiss___
Manuela,https://www.instagram.com/manuabellom.fit/,manuabellom.fit
Ira,https://www.instagram.com/irathetallthug/,irathetallthug
Daisy,https://www.instagram.com/daisyxrely/,daisyxrely
Tiffany,https://www.instagram.com/tiffanygomezz11/,tiffanygomezz11
Celeste,https://www.instagram.com/celeste.chaoul/,celeste.chaoul
Lea,https://www.instagram.com/lea.saunders_/,lea.saunders_
Paola,https://www.instagram.com/paolasdelgadov/,paolasdelgadov
Bri,https://www.instagram.com/bantuxknots/,bantuxknots
Liz,https://www.instagram.com/lovinlizzzz/,lovinlizzzz
Haiden,https://www.instagram.com/haiden_love/,haiden_love
Christian,https://www.instagram.com/goddessbstyles/,goddessbstyles
Julie,https://www.instagram.com/julie_gonzalez/,julie_gonzalez
Tiffany,https://www.instagram.com/tifftheehottie/,tifftheehottie
Crystal,https://www.instagram.com/crystalrosefit/,crystalrosefit
Steph,https://www.instagram.com/steph.dlacruz/,steph.dlacruz
Robyn,https://www.instagram.com/rduckettfitness/,rduckettfitness
kayla,https://www.instagram.com/kayla_kowalski/,kayla_kowalski
Jaqueline,https://www.instagram.com/jacquiep34/,jacquiep34
Savannah,https://www.instagram.com/ayee_vannah_/,ayee_vannah_
Jari,https://www.instagram.com/shawty_jarii/,shawty_jarii
Nayeli,https://www.instagram.com/_nayfit/,_nayfit
Gracie,https://www.instagram.com/littlegracee_/,littlegracee_
Pamela,https://www.instagram.com/pamelaapaigee/,pamelaapaigee
Maddy,https://www.instagram.com/maddy_desiata/,maddy_desiata
Migjaid,https://www.instagram.com/migjaid_/,migjaid_
Ayenizzle,https://www.instagram.com/ayenizzle/,ayenizzle
Anna,https://www.instagram.com/annaolivia.x/,annaolivia.x
Jessica,https://www.instagram.com/thatgirl_jess_/,thatgirl_jess_
Rochelle,https://www.instagram.com/rochsolid_fitness/,rochsolid_fitness
Maddox,https://www.instagram.com/thecharitymaddox/,thecharitymaddox
Mary,https://www.instagram.com/fulminis_instar/,fulminis_instar
Sonata,https://www.instagram.com/bodywithsonataaa/,bodywithsonataaa
Halley,https://www.instagram.com/qveen.halley/,qveen.halley
Alex,https://www.instagram.com/justanotherfitchick_/,justanotherfitchick_
Nahjùa,https://www.instagram.com/nahlicroix/,nahlicroix
Kimberly,https://www.instagram.com/kim_weightsandplates/,kim_weightsandplates
Gabriela,https://www.instagram.com/gabrielavargaasp/,gabrielavargaasp
Cristina,https://www.instagram.com/cristinaaa_c/,cristinaaa_c
Morgan,https://www.instagram.com/morgann_catania/,morgann_catania
Monet,https://www.instagram.com/meggy_longlegz/,meggy_longlegz
Fitbaddie,https://www.instagram.com/fit_baddie_v/,fit_baddie_v
Jenny,https://www.instagram.com/jennygarcia100/,jennygarcia100
Tae,https://www.instagram.com/theregothatgirltae/,theregothatgirltae
Jadra,https://www.instagram.com/jadramarieee4/,jadramarieee4
Ashley,https://www.instagram.com/ashmacfarlane8/,ashmacfarlane8
Kennedy,https://www.instagram.com/kd_alexis/,kd_alexis
Justice,https://www.instagram.com/juju.bricx/,juju.bricx
Cally,https://www.instagram.com/callyclarice/,callyclarice
Valentina,https://www.instagram.com/dennianyvalentina/,dennianyvalentina
Engie,https://www.instagram.com/engieovalle/,engieovalle
Albright,https://www.instagram.com/albright.j/,albright.j
Shakira,https://www.instagram.com/s.delyz/,s.delyz
Grace,https://www.instagram.com/gracewilderr/,gracewilderr
Jackie,https://www.instagram.com/lovejackiepaige/,lovejackiepaige
Caitlyn,https://www.instagram.com/ktb.wright/,ktb.wright
Nina,https://www.instagram.com/ninaamartinezzz/,ninaamartinezzz
Brie’s,https://www.instagram.com/paytons1stlove/,paytons1stlove
Marissa,https://www.instagram.com/marissanvega/,marissanvega
Fabiola,https://www.instagram.com/placeres22/,placeres22
Destini,https://www.instagram.com/destinivalenciaa/,destinivalenciaa
Nanaka,https://www.instagram.com/littleamazonbean/,littleamazonbean
Bri,https://www.instagram.com/lovebrijones/,lovebrijones
Alexandreia,https://www.instagram.com/almighty_lexg/,almighty_lexg
Kelsey,https://www.instagram.com/kelseyredfittt/,kelseyredfittt
Ashh,https://www.instagram.com/cissashh/,cissashh
Shathora,https://www.instagram.com/mz.thora.fit/,mz.thora.fit
Tykera,https://www.instagram.com/tykeraaaa/,tykeraaaa
Natalia,https://www.instagram.com/nataliaabarela/,nataliaabarela
Reni,https://www.instagram.com/trenitie.g7/,trenitie.g7
Moch,https://www.instagram.com/mochandfit/,mochandfit
Meagan,https://www.instagram.com/meagains/,meagains
Sierra,https://www.instagram.com/sierras.nature/,sierras.nature
Maha,https://www.instagram.com/mahaselenaa/,mahaselenaa
Karrin,https://www.instagram.com/karrin.k/,karrin.k
Elon,https://www.instagram.com/elonnadeen/,elonnadeen
Nicole,https://www.instagram.com/nicoletheswole/,nicoletheswole
Danelle,https://www.instagram.com/danelle_cristfit/,danelle_cristfit
Mariangel,https://www.instagram.com/heymariangel_/,heymariangel_
Caileigh,https://www.instagram.com/ccaileighhh/,ccaileighhh
Janyce,https://www.instagram.com/janyce.010/,janyce.010
Amber,https://www.instagram.com/realamberrose_/,realamberrose_
Daniella,https://www.instagram.com/daniella__ramos_/,daniella__ramos_
Ada,https://www.instagram.com/ada_life_love/,ada_life_love
Chanele,https://www.instagram.com/chanelebonyyy/,chanelebonyyy
Valerie,https://www.instagram.com/r1pfitness/,r1pfitness
Jenny,https://www.instagram.com/jennnyjaee/,jennnyjaee
Bettina,https://www.instagram.com/bettinamami/,bettinamami
Jordyn,https://www.instagram.com/jord_olson/,jord_olson
Adriana,https://www.instagram.com/adrianaqt1/,adrianaqt1
Vanessa,https://www.instagram.com/chvzvanessa/,chvzvanessa
Marilu,https://www.instagram.com/mariluxmedinaa/,mariluxmedinaa
Estrella,https://www.instagram.com/estrella.telo/,estrella.telo
Hope,https://www.instagram.com/hopesantos/,hopesantos
Rosa,https://www.instagram.com/rosacavazoss/,rosacavazoss
Sydnee,https://www.instagram.com/sydspjute/,sydspjute
Britt,https://www.instagram.com/thebrittjanee/,thebrittjanee
Zapienza,https://www.instagram.com/zapienza/,zapienza
Demi,https://www.instagram.com/queendemi/,queendemi
Jordyn,https://www.instagram.com/jordynpettit/,jordynpettit
franny,https://www.instagram.com/frannyjoy_/,frannyjoy_
Phillip,https://www.instagram.com/phillxsu,phillxsu
Dylan,https://www.instagram.com/dylangbaker,dylangbaker
Jordan,https://www.instagram.com/ljjordan_,ljjordan_
Trefacta,https://www.instagram.com/thetrefecta,thetrefecta
Aaron,https://www.instagram.com/farrell.fitness,farrell.fitness
Benjamin,https://www.instagram.com/real_benjammin,real_benjammin
GodBuilt,https://www.instagram.com/godbuiltfitness,godbuiltfitness
Nasif,https://www.instagram.com/nattynas_,nattynas_
Dominic,https://www.instagram.com/dominicgathrite,dominicgathrite
Jason,https://www.instagram.com/jason_makwein,jason_makwein
Mark,https://www.instagram.com/mark.brahhh,mark.brahhh
Chandler,https://www.instagram.com/casmith_8,casmith_8
Jean,https://www.instagram.com/razalifts,razalifts
Bilal,https://www.instagram.com/thereallbilal,thereallbilal
Chandler,https://www.instagram.com/chandlerwattz,chandlerwattz
Ervensky,https://www.instagram.com/kyky_fit,kyky_fit
Alexander,https://www.instagram.com/alexthetics91,alexthetics91
Elijah,https://www.instagram.com/elijah_henein,elijah_henein
Marcus,https://www.instagram.com/mespeakphysique,mespeakphysique
Rezalution,https://www.instagram.com/rezalution.fitness,rezalution.fitness
Coach J,https://www.instagram.com/mr.loveyourselffitness,mr.loveyourselffitness
Quis,https://www.instagram.com/quis_02,quis_02
Jermaine,https://www.instagram.com/coachjayizfit,coachjayizfit
Kris,https://www.instagram.com/kristopher_t,kristopher_t
Dionio,https://www.instagram.com/tiny_n_tuff,tiny_n_tuff
Rocky,https://www.instagram.com/rocky.era,rocky.era
Lucio,https://www.instagram.com/j.clucio,j.clucio
Fred,https://www.instagram.com/fred_chevry_pro,fred_chevry_pro
SmoothGio,https://www.instagram.com/smoothgiofitness,smoothgiofitness
Charlie,https://www.instagram.com/charliebaarrett,charliebaarrett
Uriah,https://www.instagram.com/demigodrahz,demigodrahz
Wayne,https://www.instagram.com/waynepasang,waynepasang
Makii,https://www.instagram.com/malaki.nolasco,malaki.nolasco
Justin,https://www.instagram.com/justin_mirra,justin_mirra
Justin,https://www.instagram.com/justin.graham5,justin.graham5
Ben,https://www.instagram.com/benroxey,benroxey
Misha,https://www.instagram.com/misha_maga,misha_maga
Pratik,https://www.instagram.com/pratikbirajdarr,pratikbirajdarr
Devin,https://www.instagram.com/devinxmicheal,devinxmicheal
Saadiq,https://www.instagram.com/lifeofdeek,lifeofdeek
Rob,https://www.instagram.com/runitback_rob,runitback_rob
Samari,https://www.instagram.com/only1samari,only1samari
Kevin,https://www.instagram.com/kevinnhigginss,kevinnhigginss
Rich,https://www.instagram.com/10kriich,10kriich
Don,https://www.instagram.com/donsoulss,donsoulss
Christian,https://www.instagram.com/cabby_burgosfitpr,cabby_burgosfitpr
Yvenson,https://www.instagram.com/yvensonervil,yvensonervil
Mario,https://www.instagram.com/coachmariorios,coachmariorios
Isaac,https://www.instagram.com/isaac_beard,isaac_beard
Loel,https://www.instagram.com/loelcharles,loelcharles
Quez,https://www.instagram.com/queztatum,queztatum
David,https://www.instagram.com/david_chang_official,david_chang_official
Tae,https://www.instagram.com/classysane_64,classysane_64
Julian,https://www.instagram.com/juulianbecerra,juulianbecerra
Miguel,https://www.instagram.com/305migue,305migue
Steve,https://www.instagram.com/steveudotong,steveudotong
Jakob,https://www.instagram.com/jakob_bergen,jakob_bergen
Javoughn,https://www.instagram.com/voughn_fitness,voughn_fitness
Jonathan,https://www.instagram.com/jonathanchadwell_,jonathanchadwell_
Kevin,https://www.instagram.com/kevin1mejia,kevin1mejia
Stef,https://www.instagram.com/stefmeyers_,stefmeyers_
Henry,https://www.instagram.com/henry_nwoko,henry_nwoko
Anthony,https://www.instagram.com/anthonyfcabrera,anthonyfcabrera
Romer,https://www.instagram.com/grantromer,grantromer
Freddy,https://www.instagram.com/freddy_thegreatt,freddy_thegreatt
Celio,https://www.instagram.com/celioaraujo10,celioaraujo10
Nick,https://www.instagram.com/nickpanicali,nickpanicali
Christian,https://www.instagram.com/christiandrafts,christiandrafts
Ethan,https://www.instagram.com/ethankwon,ethankwon
Brandon,https://www.instagram.com/brandonlevar,brandonlevar
Jorge,https://www.instagram.com/jorgeramosbe,jorgeramosbe
Alberto,https://www.instagram.com/alberto_roja,alberto_roja
Brendon,https://www.instagram.com/brendonislinga,brendonislinga
Aram,https://www.instagram.com/aramgoncu_fitness,aramgoncu_fitness
Joseph,https://www.instagram.com/josephshin_,josephshin_
Kyle,https://www.instagram.com/liftw.kyle,liftw.kyle
Kyle,https://www.instagram.com/kylesegura,kylesegura
Chris,https://www.instagram.com/acliftz,acliftz
Stephen,https://www.instagram.com/stephenzkitchen,stephenzkitchen
Kevin,https://www.instagram.com/kev.uhn,kev.uhn
Vernon,https://www.instagram.com/_vernfitness,_vernfitness
John,https://www.instagram.com/john.clyde,john.clyde
Aidan,https://www.instagram.com/aidan_bryan06,aidan_bryan06
Pryce,https://www.instagram.com/cxpryce,cxpryce
Brendan,https://www.instagram.com/brendan_trybus,brendan_trybus
Kevin,https://www.instagram.com/iamlegend1804,iamlegend1804
Sebas,https://www.instagram.com/sebas2911_,sebas2911_
Zay,https://www.instagram.com/zayvegas,zayvegas
Austin,https://www.instagram.com/_austincolvin_,_austincolvin_
Sean,https://www.instagram.com/sean.mcdevitt_,sean.mcdevitt_
Cesar,https://www.instagram.com/trainwithcee,trainwithcee
Max,https://www.instagram.com/maxxrodman,maxxrodman
Levi,https://www.instagram.com/levi_borelly,levi_borelly
Desi,https://www.instagram.com/desibanks.fitness/,desibanks.fitness
Aob,https://www.instagram.com/bodybyaob,bodybyaob
Parker,https://www.instagram.com/xparkerambrose,xparkerambrose
Josh,https://www.instagram.com/joshtrevelle,joshtrevelle
Louis,https://www.instagram.com/louislopeztrx,louislopeztrx
Joseph,https://www.instagram.com/joseph_rochelle,joseph_rochelle
Colby,https://www.instagram.com/colbytestolin,colbytestolin
Reiluis,https://www.instagram.com/reiluiss,reiluiss
Tre,https://www.instagram.com/tgiforte,tgiforte
Deedoe,https://www.instagram.com/_deedoe_,_deedoe_
Tay,https://www.instagram.com/taylord___,taylord___
Lachlan,https://www.instagram.com/lachlan.mcdermott,lachlan.mcdermott
Bo,https://www.instagram.com/bodanso,bodanso
Noah,https://www.instagram.com/noah.wick,noah.wick
Jake,https://www.instagram.com/jakeinteractions,jakeinteractions
Koal,https://www.instagram.com/koal_apuna,koal_apuna
Zachery,https://www.instagram.com/zacherysecrist3,zacherysecrist3
Dave,https://www.instagram.com/dav3b3ll,dav3b3ll
Angel,https://www.instagram.com/angel.castillo14,angel.castillo14
Michael,https://www.instagram.com/swazeyfit,swazeyfit
Donn,https://www.instagram.com/notabledonn,notabledonn
Raymond,https://www.instagram.com/raymanzofit,raymanzofit
Wright,https://www.instagram.com/wrightelite,wrightelite
Kofi,https://www.instagram.com/kofihughes,kofihughes
Evelito,https://www.instagram.com/ckamp97,ckamp97
Kent,https://www.instagram.com/kenttv_,kenttv_
Michael,https://www.instagram.com/f7lspeed,f7lspeed
Miles,https://www.instagram.com/_milesjones,_milesjones
Jacob,https://www.instagram.com/jacobbowless,jacobbowless
Swole,https://www.instagram.com/callmeswole,callmeswole
Elijah,https://www.instagram.com/thebookofeli37,thebookofeli37
Sculpted,https://www.instagram.com/sculptd.app,sculptd.app
Tristan,https://www.instagram.com/tristan.roberton,tristan.roberton
Chuck,https://www.instagram.com/lff_chuck,lff_chuck
Orlin,https://www.instagram.com/orlin_henriquez,orlin_henriquez
Badara,https://www.instagram.com/badou_zaky_,badou_zaky_
Seth,https://www.instagram.com/sethbircheat,sethbircheat
Kyle,https://www.instagram.com/alphakd_,alphakd_
Diamonte,https://www.instagram.com/montdawg14,montdawg14
Mouhamadou,https://www.instagram.com/coachsangue,coachsangue
Jay,https://www.instagram.com/jaydell77,jaydell77
Rico,https://www.instagram.com/rico.rdxl,rico.rdxl
Randy,https://www.instagram.com/djae2bless,djae2bless
Grayson,https://www.instagram.com/graywestt,graywestt
Neko,https://www.instagram.com/coachnekofreeman,coachnekofreeman
Dean,https://www.instagram.com/dean_st1,dean_st1
Connell,https://www.instagram.com/connell_obrien,connell_obrien
Kenneth,https://www.instagram.com/kensistent_fitness,kensistent_fitness
David,https://www.instagram.com/jpeck92,jpeck92
Aamer,https://www.instagram.com/purephenom,purephenom
Meech,https://www.instagram.com/meetrous_,meetrous_
Jorge,https://www.instagram.com/jorge.herrera11,jorge.herrera11
Evan,https://www.instagram.com/buffkendoll,buffkendoll
Jamie,https://www.instagram.com/jamie_goodlife,jamie_goodlife
Cody,https://www.instagram.com/cody.f15,cody.f15
Matt,http://instagram.com/mattsfitworld.15,mattsfitworld.15
Connor,https://www.instagram.com/connor_leary,connor_leary
Tilar,https://www.instagram.com/tilar_raf,tilar_raf
Hector,https://www.instagram.com/_hectorfernandezz,_hectorfernandezz
Jonathan,https://www.instagram.com/johnnyswole23,johnnyswole23
Zelda,https://www.instagram.com/zeldasfit,zeldasfit
Ari,https://www.instagram.com/ari_m_levy,ari_m_levy
Oluwa,https://www.instagram.com/oluwabamiise,oluwabamiise
Ryan,https://www.instagram.com/ryjlewis,ryjlewis
Dee,https://www.instagram.com/d.craww,d.craww
King Flex,https://www.instagram.com/kingflex_99,kingflex_99
Keith,https://www.instagram.com/valerospl_vss,valerospl_vss
Santo,https://www.instagram.com/saintdunn,saintdunn
Youssef,https://www.instagram.com/youssef_abdelghaffar,youssef_abdelghaffar
Emilio,https://www.instagram.com/emiliomartin.ez,emiliomartin.ez
Roy,https://www.instagram.com/roynegrosa,roynegrosa
Marcus,https://www.instagram.com/martymarc33,martymarc33
Chris,https://www.instagram.com/stott26_physique,stott26_physique
Emory,https://www.instagram.com/fitbyjoc,fitbyjoc
Jose,https://www.instagram.com/joseakavip,joseakavip
Steven,https://www.instagram.com/stevenhentosh_,stevenhentosh_
Dro,https://www.instagram.com/fitnursedro,fitnursedro
Flacko,https://www.instagram.com/flacko.villa,flacko.villa
Dbreezy,https://www.instagram.com/_fitchlord,_fitchlord
Jesse,https://www.instagram.com/jesse_fit_69,jesse_fit_69
Bibby,https://www.instagram.com/bibbyiwnl,bibbyiwnl
Sidney,https://www.instagram.com/sidbap,sidbap
Dawson,https://www.instagram.com/dawson_m_weiss,dawson_m_weiss
Clayton,https://www.instagram.com/cclaytonallen,cclaytonallen
Lewis,https://www.instagram.com/lewisxanime,lewisxanime
Matt,https://www.instagram.com/mattharpur,mattharpur
Emeka,https://www.instagram.com/emeka,emeka
Kenny,https://www.instagram.com/kendorphins,kendorphins
Rastin,https://www.instagram.com/rastin.ari,rastin.ari
Diego,https://www.instagram.com/diegosworld336,diegosworld336
Jordan,https://www.instagram.com/jo.dawk,jo.dawk
Courtney,https://www.instagram.com/j_courtney_,j_courtney_
Danny,https://www.instagram.com/dannytabib,dannytabib
Jasper,https://www.instagram.com/jaspwrld,jaspwrld
Bryson,https://www.instagram.com/brysonwilliams1,brysonwilliams1
Joshua,https://www.instagram.com/joshreinstein,joshreinstein
Alberto,https://www.instagram.com/abfixin,abfixin
Eric,https://www.instagram.com/ericbumpus17,ericbumpus17
Ajay,https://www.instagram.com/ajayholbrook,ajayholbrook
Sebastian,https://www.instagram.com/daddygreen87,daddygreen87
Carlos,https://www.instagram.com/cascabelocarl,cascabelocarl
David,https://www.instagram.com/davidchosenone,davidchosenone
Bark,https://www.instagram.com/imbark94,imbark94
Edison,https://www.instagram.com/edison_floyd99,edison_floyd99
Fermin,https://www.instagram.com/ferminjefflll,ferminjefflll
Jay,https://www.instagram.com/pr33ttyboyjay,pr33ttyboyjay
Dan,https://www.instagram.com/__diamond_in_the_ruff,__diamond_in_the_ruff
Honcho,https://www.instagram.com/honcho.gg,honcho.gg
Vidal,https://www.instagram.com/vidaliftz,vidaliftz
Chan,https://www.instagram.com/moam25_,moam25_
Christian,https://www.instagram.com/christianlrandolph,christianlrandolph
Legrand,https://www.instagram.com/legrand.fitness,legrand.fitness
Toni,https://www.instagram.com/callmej5,callmej5
Mason,https://www.instagram.com/masonsteez,masonsteez
Gonzalez,https://www.instagram.com/a.gonzalezfit,a.gonzalezfit
Chris,https://www.instagram.com/chrisspierce_,chrisspierce_
Jereem,https://www.instagram.com/reemy_rich19,reemy_rich19
Mickens,https://www.instagram.com/tjmickens,tjmickens
Jerrime,https://www.instagram.com/jerrimeneal,jerrimeneal
Terence,https://www.instagram.com/terence.thundr,terence.thundr
Jared,https://www.instagram.com/jaredsoninsta,jaredsoninsta
Daemar,https://www.instagram.com/daemarr_,daemarr_
Parker,https://www.instagram.com/parkerdoyle,parkerdoyle
Walter,https://www.instagram.com/walterlazo9,walterlazo9
Celestino,https://www.instagram.com/tinoperezpr,tinoperezpr
Jorge,https://www.instagram.com/jorgeee.17,jorgeee.17
Max,https://www.instagram.com/maxpasko_,maxpasko_
Tyler,https://www.instagram.com/tylergde,tylergde
Andrew,https://www.instagram.com/andrewnlim,andrewnlim
Keith,https://www.instagram.com/pissed_off_for_greatness,pissed_off_for_greatness
QuadPapi,https://www.instagram.com/azerlifts,azerlifts
Wassi,https://www.instagram.com/wassikhatrifitness,wassikhatrifitness
Reggie,https://www.instagram.com/peoplesinspiration_,peoplesinspiration_
Rainer,https://www.instagram.com/rainer.dawn,rainer.dawn
Joey,https://www.instagram.com/joey_toto,joey_toto
David,https://www.instagram.com/david.blancc,david.blancc
Ramin,https://www.instagram.com/ahura.ramy7,ahura.ramy7
Emmanuel,https://www.instagram.com/emmanuelekanim,emmanuelekanim
Sam,https://www.instagram.com/samoo982,samoo982
Zach,https://www.instagram.com/notzachsturm,notzachsturm
Misael,https://www.instagram.com/_misaaa___,_misaaa___
Kevin,https://www.instagram.com/kevinfourr,kevinfourr
Dariel,https://www.instagram.com/darielcolon.2,darielcolon.2
Brewster,https://www.instagram.com/jt.brewster,jt.brewster
Josh,https://www.instagram.com/joshbuffcomedy,joshbuffcomedy
Lir,https://www.instagram.com/liratias,liratias
Seiquan,https://www.instagram.com/seiquan,seiquan
Sean,https://www.instagram.com/seanhaney,seanhaney
Harold,https://www.instagram.com/theharoldtaylor,theharoldtaylor
Nick,https://www.instagram.com/nick_diegel,nick_diegel
Grant,https://www.instagram.com/kaigranttt,kaigranttt
Leon,https://www.instagram.com/leonbuckowski,leonbuckowski
Ala,https://www.instagram.com/ala_lifestyle,ala_lifestyle
Jean,https://www.instagram.com/j__baptiste,j__baptiste
Cory,https://www.instagram.com/zczfit,zczfit
Christian,https://www.instagram.com/chrisxmendez,chrisxmendez
Dekenn,https://www.instagram.com/eliteedgeuniv_,eliteedgeuniv_
Hayes,https://www.instagram.com/hayesharrison.17,hayesharrison.17
Matt,https://www.instagram.com/_mattconrad_,_mattconrad_
Pascal,https://www.instagram.com/pascalmuscle,pascalmuscle
Tyler,https://www.instagram.com/totallycommittedty,totallycommittedty
Max,https://www.instagram.com/max_sandquist,max_sandquist
Skutty,https://www.instagram.com/d_skutty_,d_skutty_
Jefe,https://www.instagram.com/jclerc,jclerc
Jon,https://www.instagram.com/mrjonhill,mrjonhill
Michael,https://www.instagram.com/michaelkdpt,michaelkdpt
Ivan,https://www.instagram.com/ivanlb_,ivanlb_
Max,https://www.instagram.com/44maxmcgehee,44maxmcgehee
Latrell,https://www.instagram.com/trellbankston,trellbankston
Cullen,https://www.instagram.com/cullenmbarnes,cullenmbarnes
Chris,https://www.instagram.com/chrisjstin,chrisjstin
Laertes,https://www.instagram.com/thelarrymuscle,thelarrymuscle
Caliente,https://www.instagram.com/caliente_fitness,caliente_fitness
Giuliano,https://www.instagram.com/vazgiuliano,vazgiuliano
Juan,https://www.instagram.com/onlyjuanyouneed,onlyjuanyouneed
Michael,https://www.instagram.com/mikeychen,mikeychen
Brick,https://www.instagram.com/brixk___,brixk___
Wilbur,https://www.instagram.com/prames_ceo,prames_ceo
Flynn,https://www.instagram.com/flynn.williams4,flynn.williams4
Breon,https://www.instagram.com/lovechildfit_,lovechildfit_
Darius,https://www.instagram.com/billionaireboyd,billionaireboyd
Shon,https://www.instagram.com/shon21.fit,shon21.fit
Max,https://www.instagram.com/woah_max,woah_max
Hudson,https://www.instagram.com/buffhudson,buffhudson
Julian,https://www.instagram.com/coachrjulian,coachrjulian
Ibra,https://www.instagram.com/ibrajuppe,ibrajuppe
Lawrence,https://www.instagram.com/l_rolle29,l_rolle29
Caleb,https://www.instagram.com/caleb_roggenbuck,caleb_roggenbuck
Michael,https://www.instagram.com/michaelpane,michaelpane
Dorian,https://www.instagram.com/_dnicks,_dnicks
Marion,https://www.instagram.com/marionmouton_,marionmouton_
Zacharias,https://www.instagram.com/zacharias,zacharias
Grant,https://www.instagram.com/vnguyenlift,vnguyenlift
Fabian,https://www.instagram.com/thefabianhq,thefabianhq
Dylan,https://www.instagram.com/dylansquats,dylansquats
Fady,https://www.instagram.com/fadythecoach,fadythecoach
Lukas,http://instagram.com/lukasjoyner,lukasjoyner
lisandro,https://www.instagram.com/lisandro023,lisandro023
Logan,https://www.instagram.com/thelogandishman,thelogandishman
Alex,https://www.instagram.com/alex_imber,alex_imber
Bacaro,https://www.instagram.com/bacaroaj,bacaroaj
Coleman,https://www.instagram.com/hysterickal__,hysterickal__
Lorenzo,https://www.instagram.com/lohohoski,lohohoski
Yosbel,https://www.instagram.com/yosvel93,yosvel93
Thomas,https://www.instagram.com/thomasneill1990,thomasneill1990
David,https://www.instagram.com/davidd_wesleyy,davidd_wesleyy
Jack,https://www.instagram.com/jack.murphyyyy,jack.murphyyyy
Clayton,https://www.instagram.com/claytonmaxwell_,claytonmaxwell_
Isaiah,https://www.instagram.com/zae_fred,zae_fred
Kordell,https://www.instagram.com/kodizzy,kodizzy
Brendan,https://www.instagram.com/brendanrams,brendanrams
Quincy,https://www.instagram.com/wicomeva,wicomeva
Kyle,https://www.instagram.com/kyle.wilkes,kyle.wilkes
Siah,https://www.instagram.com/siah__,siah__
Shaquille,https://www.instagram.com/shaquilledimere,shaquilledimere
Kit,https://www.instagram.com/kitwanajohn,kitwanajohn
Jason,https://www.instagram.com/physiquesnweeks,physiquesnweeks
Juan,https://www.instagram.com/juanderfullygud,juanderfullygud
Lake,https://www.instagram.com/lakescottt,lakescottt
Jason,https://www.instagram.com/iitsjasonb,iitsjasonb
Kelvin,https://www.instagram.com/dpivotwolf_,dpivotwolf_
Cody,https://www.instagram.com/codycampbell.31,codycampbell.31
Oswaldo,https://www.instagram.com/oswaldofigueroa,oswaldofigueroa
Frank,https://www.instagram.com/frank_tattedfit,frank_tattedfit
Chris,https://www.instagram.com/christomshack_,christomshack_
Noah,https://www.instagram.com/noahjacob.fit,noahjacob.fit
Trey,https://www.instagram.com/itsjusttrey,itsjusttrey
Van,https://www.instagram.com/richievanaken,richievanaken
Vanti,https://www.instagram.com/v.antoniofuentes,v.antoniofuentes
Jacob,https://www.instagram.com/jakobtakeda,jakobtakeda
Nick,https://www.instagram.com/licknynch,licknynch
Westbrooks,https://www.instagram.com/e.westbrook_,e.westbrook_
Landon,https://www.instagram.com/landon_joseph__,landon_joseph__
Austin,https://www.instagram.com/austincagley,austincagley
Orlando,https://www.instagram.com/od_vazquez,od_vazquez
Bernardo,https://www.instagram.com/nardoswole,nardoswole
Sully,https://www.instagram.com/kaseemali_92,kaseemali_92
Nico,https://www.instagram.com/nicollilerikos,nicollilerikos
Aaron,https://www.instagram.com/aaron_vilaubi,aaron_vilaubi
Rafael,https://www.instagram.com/one_ralph,one_ralph
Chay,https://www.instagram.com/chayilv,chayilv
Hunter,https://www.instagram.com/huntermstorey,huntermstorey
Shawn,https://www.instagram.com/shawnblanco_,shawnblanco_
Bryce,https://www.instagram.com/goreala.performance,goreala.performance
Jerry,https://www.instagram.com/jerry_housey,jerry_housey
David,https://www.instagram.com/bigdchang,bigdchang
Devon,https://www.instagram.com/ovaspill_dev,ovaspill_dev
Jason,https://www.instagram.com/distinguishd_jason,distinguishd_jason
Andrea,https://www.instagram.com/andrea_vidafit/,andrea_vidafit
Ping,https://www.instagram.com/ppuvadee/,ppuvadee
Aleyna,https://www.instagram.com/aleynabarrera/,aleynabarrera
Castina,https://www.instagram.com/castinaaa_/,castinaaa_
Rachel,https://www.instagram.com/_rachbrooke/,_rachbrooke
Naomi,https://www.instagram.com/naydizzlee/,naydizzlee
Jessi,https://www.instagram.com/jessimeservy/,jessimeservy
Samantha,https://www.instagram.com/itsbxby.sami/,itsbxby.sami
Amanda,https://www.instagram.com/ayee.direnzz/,ayee.direnzz
Grae,https://www.instagram.com/grae.getsintofit/,grae.getsintofit
Cimone,https://www.instagram.com/seamonee/,seamonee
Jess,https://www.instagram.com/howjessdidit/,howjessdidit
Elena,https://www.instagram.com/elenas.fitness/,elenas.fitness
Alyssa,https://www.instagram.com/lyssfitt_/,lyssfitt_
Loren,https://www.instagram.com/missmarchena02/,missmarchena02
Michelle,https://www.instagram.com/michelleolaizola/,michelleolaizola
Sophia,https://www.instagram.com/bbysnooz/,bbysnooz
Bri,https://www.instagram.com/brianaaaa_g/,brianaaaa_g
Amanda,https://www.instagram.com/amandafitmom/,amandafitmom
Sarah,https://www.instagram.com/swillysports/,swillysports
Liz,https://www.instagram.com/lizwishart/,lizwishart
Lillian,https://www.instagram.com/lillianmbennett/,lillianmbennett
Polina,https://www.instagram.com/polinashchennikova/,polinashchennikova
Liz,https://www.instagram.com/lizquillaxo/,lizquillaxo
Diabla,https://www.instagram.com/kingdominicana/,kingdominicana
Carley,https://www.instagram.com/carleylolaharper/,carleylolaharper
Gabriela,https://www.instagram.com/gahbriyella/,gahbriyella
Monica,https://www.instagram.com/__monica15/,__monica15
Steff,https://www.instagram.com/sweatconsteff/,sweatconsteff
Nancy,https://www.instagram.com/nancycamry/,nancycamry
Holly,https://www.instagram.com/__muscle_mommy__/,__muscle_mommy__
Nina,https://www.instagram.com/nina.netasha/,nina.netasha
Jazmin,https://www.instagram.com/jazacquisto/,jazacquisto
Kromah,https://www.instagram.com/mk_kromah/,mk_kromah
Diamond,https://www.instagram.com/sincerelydimee/,sincerelydimee
Kennedy,https://www.instagram.com/_kickitkenny_9/,_kickitkenny_9
Kaylea,https://www.instagram.com/kayleamchenry/,kayleamchenry
Anastasia,https://www.instagram.com/annie.sanderss/,annie.sanderss
Brittany,https://www.instagram.com/imbrittanyjefferson/,imbrittanyjefferson
Mari,https://www.instagram.com/aairxm/,aairxm
Angie,https://www.instagram.com/angxielux/,angxielux
Ms.V,https://www.instagram.com/everything_tee._/,everything_tee._
Kristen,https://www.instagram.com/kristenlianaa/,kristenlianaa
Daniela,https://www.instagram.com/danielacastanoc/,danielacastanoc
Ashley,https://www.instagram.com/ashleyalevesque/,ashleyalevesque
Tiffany,https://www.instagram.com/mizfitbarbie/,mizfitbarbie
Selena,https://www.instagram.com/anythingforselenaaa/,anythingforselenaaa
Jade,https://www.instagram.com/thebubblybrunette/,thebubblybrunette
Ivonnne,https://www.instagram.com/vonnyreds/,vonnyreds
Randi,https://www.instagram.com/randi__neal/,randi__neal
Megan,https://www.instagram.com/megan.adams01/,megan.adams01
Jessica,https://www.instagram.com/trainwithjessjanda/,trainwithjessjanda
Camille,https://www.instagram.com/camillecarpenter_/,camillecarpenter_
Eileen,https://www.instagram.com/eileen.marquez1/,eileen.marquez1
Keanna,https://www.instagram.com/keannatofiga/,keannatofiga
Naelski,https://www.instagram.com/officialnaellie/,officialnaellie
Cassandra,https://www.instagram.com/combat_cass/,combat_cass
Brittany,https://www.instagram.com/brittanyhutchinson_/,brittanyhutchinson_
Taleia,https://www.instagram.com/feedyourartistry/,feedyourartistry
Chloe,https://www.instagram.com/chloecavazos_/,chloecavazos_
Tamera,https://www.instagram.com/leshanfit/,leshanfit
Bcamps,https://www.instagram.com/bcamps6/,bcamps6
Jersie,https://www.instagram.com/jersie314/,jersie314
Adrianna,https://www.instagram.com/adrianna_nora/,adrianna_nora
Karina,https://www.instagram.com/karinapaulett/,karinapaulett
Delana,https://www.instagram.com/delana_wins/,delana_wins
Jarissa,https://www.instagram.com/jarissa.b_/,jarissa.b_
Katy,https://www.instagram.com/kaatyeve/,kaatyeve
Ana,https://www.instagram.com/anavaldovinos5/,anavaldovinos5
Madi,https://www.instagram.com/la_maditay/,la_maditay
Lynel,https://www.instagram.com/lyntheediva/,lyntheediva
Mariah,https://www.instagram.com/mariah_thastylist/,mariah_thastylist
Laura,https://www.instagram.com/laurabgfitness/,laurabgfitness
Victoria,https://www.instagram.com/everydayvictoria/,everydayvictoria
Carla,https://www.instagram.com/carla_jeann_/,carla_jeann_
Kristen,https://www.instagram.com/iamkristensimone/,iamkristensimone
Somer,https://www.instagram.com/immaseason/,immaseason
Sheila,https://www.instagram.com/sheilangel_/,sheilangel_
Kilo,https://www.instagram.com/kilo.quayy/,kilo.quayy
Gianna,https://www.instagram.com/gee_3333/,gee_3333
Josie,https://www.instagram.com/msfrost_e/,msfrost_e
Jess,https://www.instagram.com/jesssmariefit/,jesssmariefit
Tia,https://www.instagram.com/tia1971/,tia1971
Angel,https://www.instagram.com/angelyangfit/,angelyangfit
Sequoria,https://www.instagram.com/sequoriak13/,sequoriak13
Gianna,https://www.instagram.com/gianna.schiavone/,gianna.schiavone
Emmy,https://www.instagram.com/emmyyberry/,emmyyberry
Michaella,https://www.instagram.com/michaellaelad/,michaellaelad
Maria,https://www.instagram.com/mariaurdaneta20/,mariaurdaneta20
Katie,https://www.instagram.com/murabitok/,murabitok
Sierra,https://www.instagram.com/sierraheflin/,sierraheflin
Lex,https://www.instagram.com/lexjameson_/,lexjameson_
Lenamarie,https://www.instagram.com/lenajefe/,lenajefe
Emerald,https://www.instagram.com/_emeraldcityy/,_emeraldcityy
Taylor,https://www.instagram.com/taylorponceee/,taylorponceee
Esperanza,https://www.instagram.com/esperanzalifts/,esperanzalifts
Jordan,https://www.instagram.com/jordanbradburne/,jordanbradburne
McKenzie,https://www.instagram.com/_mckenziemorrow_/,_mckenziemorrow_
Mascara,https://www.instagram.com/musclez_n_mascara/,musclez_n_mascara
Reagan,https://www.instagram.com/wellxrb/,wellxrb
Zarra,https://www.instagram.com/marissa.zarra/,marissa.zarra
Cristiana,https://www.instagram.com/cristianaramosv/,cristianaramosv
Emma,https://www.instagram.com/emma.mckearney/,emma.mckearney
Megan,https://www.instagram.com/delosvntoss/,delosvntoss
Spacecow,https://www.instagram.com/spacecowgirl_17/,spacecowgirl_17
Isabella,https://www.instagram.com/isabellamutis/,isabellamutis
Emma,https://www.instagram.com/emma_malabuyo/,emma_malabuyo
Juli,https://www.instagram.com/ironbabejl/,ironbabejl
Tatum,https://www.instagram.com/tatum_bh/,tatum_bh
Stacy,https://www.instagram.com/stacysunshine13/,stacysunshine13
Kamila,https://www.instagram.com/kamilajurkus/,kamilajurkus
Melda,https://www.instagram.com/meldabodygawd/,meldabodygawd
Riss,https://www.instagram.com/rissforever/,rissforever
Dans,https://www.instagram.com/dansmehrer/,dansmehrer
Dahja,https://www.instagram.com/smoochfit/,smoochfit
Sabrina,https://www.instagram.com/sabxruiz/,sabxruiz
Jeannette,https://www.instagram.com/jeannettedfit/,jeannettedfit
Lexy,https://www.instagram.com/lexydenaburg/,lexydenaburg
Alicia,https://www.instagram.com/thebrownmamimelts/,thebrownmamimelts
Amiah,https://www.instagram.com/amiah_w/,amiah_w
Bentley,https://www.instagram.com/bentley_stevenson.health/,bentley_stevenson.health
Corina,https://www.instagram.com/_corinacorina/,_corinacorina
Ayleen,https://www.instagram.com/ayleennadal/,ayleennadal
Lauren,https://www.instagram.com/onefitlauren/,onefitlauren
Jay,https://www.instagram.com/get_fit_with_jay/,get_fit_with_jay
Anjali,https://www.instagram.com/anjalilifts/,anjalilifts
Jazmin,https://www.instagram.com/jazzy_castillo_/,jazzy_castillo_
Jannetta,https://www.instagram.com/infamousnetta/,infamousnetta
Jessica,https://www.instagram.com/jessicamolinafit/,jessicamolinafit
Amber,https://www.instagram.com/ambeer.w/,ambeer.w
Klair,https://www.instagram.com/_klaircuevas_/,_klaircuevas_
Rachel,https://www.instagram.com/rpendakur/,rpendakur
Ash,https://www.instagram.com/ashbish.fit/,ashbish.fit
Linda,https://www.instagram.com/linda.gets.strong/,linda.gets.strong
Nicky,https://www.instagram.com/nickytabush/,nickytabush
Ysaura,https://www.instagram.com/ysa.sanabria/,ysa.sanabria
Besitos,https://www.instagram.com/besitoscontequila/,besitoscontequila
Caroline,https://www.instagram.com/karokhao.mia/,karokhao.mia
Emma,https://www.instagram.com/emmtarantine/,emmtarantine
Junie,https://www.instagram.com/juniedec/,juniedec
Stephanie,https://www.instagram.com/stephaniemanah/,stephaniemanah
Emily,https://www.instagram.com/rosewitdachalk/,rosewitdachalk
Kailan,https://www.instagram.com/_kailaannmariee/,_kailaannmariee
LiLi,https://www.instagram.com/ms.phamous/,ms.phamous
Dara,https://www.instagram.com/darasportspt/,darasportspt
Christina,https://www.instagram.com/saved_by_dibella/,saved_by_dibella
Macie,https://www.instagram.com/macieanderson_/,macieanderson_
Kallie,https://www.instagram.com/kallie.boschma/,kallie.boschma
Keila,https://www.instagram.com/__loveekeila/,__loveekeila
Alyssa,https://www.instagram.com/alyyyp13/,alyyyp13
Nikki,https://www.instagram.com/im.nikkii_/,im.nikkii_
Emma,https://www.instagram.com/emma.travisss/,emma.travisss
Kayla,https://www.instagram.com/kaash.fitness/,kaash.fitness
Armelle,https://www.instagram.com/armelle.cerdan/,armelle.cerdan
Melissa,https://www.instagram.com/melissa_movesmountains/,melissa_movesmountains
Brie,https://www.instagram.com/briebenefit/,briebenefit
Lindsey,https://www.instagram.com/lindzz_kc/,lindzz_kc
Jackie,https://www.instagram.com/jackie.msjackedfit/,jackie.msjackedfit
Daniela,https://www.instagram.com/alisee.daniela/,alisee.daniela
Maggy,https://www.instagram.com/maggykheir/,maggykheir
Zoe,https://www.instagram.com/zoe__brenn/,zoe__brenn
Jessica,https://www.instagram.com/jessica_fitnesstrainer/,jessica_fitnesstrainer
Alejandra,https://www.instagram.com/alejandraaort/,alejandraaort
Bethany,https://www.instagram.com/perriartsyrunner/,perriartsyrunner
Gina,https://www.instagram.com/runningwithgina/,runningwithgina
Brittany,https://www.instagram.com/brittanyabercrombie/,brittanyabercrombie
Sunni,https://www.instagram.com/sunnifitness/,sunnifitness
Shawnti,https://www.instagram.com/shawntijackson/,shawntijackson
Cedez,https://www.instagram.com/cedezsanchez/,cedezsanchez
Alexa,https://www.instagram.com/alexaschull.pb/,alexaschull.pb
Lilly,https://www.instagram.com/lillufter8/,lillufter8
Tashie,https://www.instagram.com/tasharuns_/,tasharuns_
Skylar,https://www.instagram.com/skylar_george_/,skylar_george_
Taylor,https://www.instagram.com/heytayrey/,heytayrey
Jazmine,https://www.instagram.com/sheerstomping/,sheerstomping
Kinsley,https://www.instagram.com/kinsleywashington_/,kinsleywashington_
Grace,https://www.instagram.com/grace_e_hall/,grace_e_hall
Lia,https://www.instagram.com/lia_katoa/,lia_katoa
Camryn,https://www.instagram.com/rogers_camryn/,rogers_camryn
jojo,https://www.instagram.com/jocelyn.pringle/,jocelyn.pringle
Shelly,https://www.instagram.com/shelly_hackett_health/,shelly_hackett_health
Jeannine,https://www.instagram.com/jeanninecoulter/,jeanninecoulter
Deanna,https://www.instagram.com/babie80/,babie80
Riley,https://www.instagram.com/rileyjourdanfitness/,rileyjourdanfitness
Alora,https://www.instagram.com/spiceupurlyfe/,spiceupurlyfe
Monique,https://www.instagram.com/piinklemonade_/,piinklemonade_
Georgia,https://www.instagram.com/georgiakaystockton/,georgiakaystockton
Alyssa,https://www.instagram.com/alyssamariegonzalez/,alyssamariegonzalez
Allie,https://www.instagram.com/alliedurnell/,alliedurnell
Lex,https://www.instagram.com/lexniko/?hl=en,lexniko
Courtney,https://www.instagram.com/keepupwithcourtney,keepupwithcourtney
Paola,https://www.instagram.com/pxanahii,pxanahii
Srujana,https://www.instagram.com/srujana.achyutuni,srujana.achyutuni
Sam,https://www.instagram.com/samiamdean,samiamdean
Emily,https://www.instagram.com/thelanderline,thelanderline
Valeska,https://www.instagram.com/valeskameinhard,valeskameinhard
Priya,https://www.instagram.com/priyamia,priyamia
Marianne,https://www.instagram.com/mariannestylesme,mariannestylesme
Roha,https://www.instagram.com/rohakhan118,rohakhan118
Jagriti,https://www.instagram.com/jagriti.dwivedi_,jagriti.dwivedi_
Mersiha,https://www.instagram.com/mersihamuskic,mersihamuskic
Nabihah,https://www.instagram.com/nabihah.ahmad,nabihah.ahmad
Alex,https://www.instagram.com/alexdelotchdavis,alexdelotchdavis
Aleishia,https://www.instagram.com/aleishiamae,aleishiamae
Linisha,https://www.instagram.com/linishabasu,linishabasu
Nyse,https://www.instagram.com/nyse_k,nyse_k
Nana,https://www.instagram.com/nana_akokuah,nana_akokuah
Veronica,https://www.instagram.com/_veronica_get,_veronica_get
Lidiia,https://www.instagram.com/lidiiakandlin,lidiiakandlin
Kelsey,https://www.instagram.com/kelseyandrea_,kelseyandrea_
Erica,https://www.instagram.com/ericalockhart_la,ericalockhart_la
Susan,https://www.instagram.com/susanmedinav,susanmedinav
Nashita,https://www.instagram.com/nashitasultana,nashitasultana
Amira,https://www.instagram.com/youluvmira,youluvmira
Oumayma,https://www.instagram.com/taomaymat,taomaymat
Favour,https://www.instagram.com/kandielicious,kandielicious
Uninda,https://www.instagram.com/storyofuninda,storyofuninda
Alexis,https://www.instagram.com/alexisjoygraham,alexisjoygraham
Morvarid,https://www.instagram.com/morvaridpasha,morvaridpasha
Mia,https://www.instagram.com/calidoniomia,calidoniomia
Aspen,https://www.instagram.com/aspen.lauren,aspen.lauren
Crystal,https://www.instagram.com/cristol.reyna,cristol.reyna
Jahnvi,https://www.instagram.com/jahnvd,jahnvd
Niki,https://www.instagram.com/nikibianchini,nikibianchini
Morsal,https://www.instagram.com/morsaladli,morsaladli
Jazmin,https://www.instagram.com/byjazminzambrano,byjazminzambrano
Roberta,https://www.instagram.com/robertaj.naples,robertaj.naples
Felicia,https://www.instagram.com/byfeliciaip,byfeliciaip
Isabella,https://www.instagram.com/bebelllllldias,bebelllllldias
Chloe,https://www.instagram.com/chloechedester,chloechedester
Brooke,https://www.instagram.com/bblyn,bblyn
Val,https://www.instagram.com/vraamosmakeup,vraamosmakeup
Rachel,https://www.instagram.com/,
Mars,https://www.instagram.com/marsjacobi,marsjacobi
Xtina,https://www.instagram.com/xtinagal,xtinagal
Jenn,https://www.instagram.com/jenndiner,jenndiner
Cara,https://www.instagram.com/caraboyd_,caraboyd_
Eden,https://www.instagram.com/eden.aa,eden.aa
Mandy,https://www.instagram.com/mandyrozeee,mandyrozeee
Chloe,https://www.instagram.com/chloeannmack,chloeannmack
Michaela,https://www.instagram.com/pastelimagination,pastelimagination
Alie,https://www.instagram.com/sixfourunicorn,sixfourunicorn
Meredith,https://www.instagram.com/meredithsophiaa,meredithsophiaa
Jill,https://www.instagram.com/jillavalo,jillavalo
Stephanie,https://www.instagram.com/stephaniemeowx,stephaniemeowx
Laura,https://www.instagram.com/lauraenewman25,lauraenewman25
Erika,https://www.instagram.com/erikaledezmaa,erikaledezmaa
Turkan,https://www.instagram.com/trknwoo,trknwoo
Charniq,https://www.instagram.com/charniqg,charniqg
Barben,https://www.instagram.com/__barbenhaim__,__barbenhaim__
Myra,https://www.instagram.com/themyraaakn,themyraaakn
Madison,https://www.instagram.com/maddieweidman,maddieweidman
Scarlett,https://www.instagram.com/scarlettrebeca,scarlettrebeca
Benna,https://www.instagram.com/benna_life,benna_life
Vale,https://www.instagram.com/tinyvale___,tinyvale___
Emily,https://www.instagram.com/heyemilyoung,heyemilyoung
Valthielen,https://www.instagram.com/valthielenklesczcz,valthielenklesczcz
Dawn,https://www.instagram.com/dawn.tan,dawn.tan
Jimira,https://www.instagram.com/jimip_,jimip_
Valeria,https://www.instagram.com/vlizaraso,vlizaraso
Natasha,https://www.instagram.com/tashthomasxoxo,tashthomasxoxo
Asma,https://www.instagram.com/asma.herdiary,asma.herdiary
Allina,https://www.instagram.com/allinaai,allinaai
Jasmine,https://www.instagram.com/thejasminehenry,thejasminehenry
Sonya,https://www.instagram.com/sofiwise_,sofiwise_
Lakeshia,https://www.instagram.com/lakeshiacassandra,lakeshiacassandra
Madison,https://www.instagram.com/madisonortizz,madisonortizz
Nicole,https://www.instagram.com/nicole.chan,nicole.chan
Hana,https://www.instagram.com/hana_bajraktari,hana_bajraktari
Priya,https://www.instagram.com/petitefiesta,petitefiesta
Mikayla,https://www.instagram.com/mac.ketterling,mac.ketterling
Jess,https://www.instagram.com/jespressobean,jespressobean
Mitsuka,https://www.instagram.com/mitsuka.noel,mitsuka.noel
Kaylee,https://www.instagram.com/kayleemorganwest,kayleemorganwest
Amaya,https://www.instagram.com/amayaatheresa,amayaatheresa
Amanda,https://www.instagram.com/itsamandabean,itsamandabean
Elisa,https://www.instagram.com/msheavenonearth,msheavenonearth
Jamie,https://www.instagram.com/jamiekateanthony,jamiekateanthony
Suelen,https://www.instagram.com/suelengabriela_,suelengabriela_
Emily,https://www.instagram.com/emilyadams.style,emilyadams.style
Yahaira,https://www.instagram.com/yahaiira.__,yahaiira.__
Josie,https://www.instagram.com/the.josie.rae,the.josie.rae
Sayali,https://www.instagram.com/sayali.dhamapurkar,sayali.dhamapurkar
Patty,https://www.instagram.com/pattydaviscoghlin,pattydaviscoghlin
Grackie,https://www.instagram.com/grackiie,grackiie
Courtney,https://www.instagram.com/courtneyroach_,courtneyroach_
Antjuanque,https://www.instagram.com/__sugathesinger,__sugathesinger
Alisha,https://www.instagram.com/thee_ad,thee_ad
Katherine,https://www.instagram.com/katchang_,katchang_
Emma,https://www.instagram.com/michellehertzberg,michellehertzberg
Gianina,https://www.instagram.com/ninacavallaro,ninacavallaro
Alexandria,https://www.instagram.com/xx.alleexx,xx.alleexx
Guillana,https://www.instagram.com/guillanasocorro,guillanasocorro
Kendall,https://www.instagram.com/kendall.kingsford,kendall.kingsford
Sarah,https://www.instagram.com/sarahschunemeyer,sarahschunemeyer
Taryn,https://www.instagram.com/taryndking,taryndking
Crystal,https://www.instagram.com/crys.espinal,crys.espinal
Rachel,https://www.instagram.com/rachel.a.molina,rachel.a.molina
Hannah,https://www.instagram.com/_naturallyhannah,_naturallyhannah
Alicia,https://www.instagram.com/alicia.makeba,alicia.makeba
Anastasia,https://www.instagram.com/anastasiavkorol,anastasiavkorol
Abby,https://www.instagram.com/abby.silverman,abby.silverman
Maegan,https://www.instagram.com/maeg_thompson,maeg_thompson
Neha,https://www.instagram.com/nehaaam,nehaaam
Priya,https://www.instagram.com/pr1yagupta,pr1yagupta
Hope,https://www.instagram.com/thisishope,thisishope
Stephi,https://www.instagram.com/stephiivelez,stephiivelez
Hannah,https://www.instagram.com/toriivestal,toriivestal
Claudia,https://www.instagram.com/claudialozano.arr,claudialozano.arr
Julia,https://www.instagram.com/julia_zaniewski,julia_zaniewski
Andrea,https://www.instagram.com/andreaiinez,andreaiinez
,https://www.instagram.com/looksoflight,looksoflight
Jennifer,https://www.instagram.com/jennifergarcia,jennifergarcia
Georgia,https://www.instagram.com/georgiacif,georgiacif
Cristina,https://www.instagram.com/cristina_styled,cristina_styled
Ari,https://www.instagram.com/soyariii2,soyariii2
Stephanie,https://www.instagram.com/stephaniejanis,stephaniejanis
Yesenia,https://www.instagram.com/yeseniavidales,yeseniavidales
Taylor,https://www.instagram.com/taylormmantz,taylormmantz
Tiffany,https://www.instagram.com/imtiffanynicole,imtiffanynicole
Kamilla,https://www.instagram.com/kamillaenverova,kamillaenverova
Abby,https://www.instagram.com/locks_n_luv,locks_n_luv
Nichole,https://www.instagram.com/nicholealabi,nicholealabi
Victoria,https://www.instagram.com/victoriamudrik,victoriamudrik
Melissa,https://www.instagram.com/melissacolwell_,melissacolwell_
Breea,https://www.instagram.com/tellthebirds,tellthebirds
Maria,https://www.instagram.com/ariaoki,ariaoki
Roxana,https://www.instagram.com/roxanakarissa,roxanakarissa
Taylor,https://www.instagram.com/tea.peterson,tea.peterson
Kristen,https://www.instagram.com/skykristenn,skykristenn
Noelle,https://www.instagram.com/noellevillella,noellevillella
Nokky,https://www.instagram.com/nokkyungg.kit,nokkyungg.kit
Shalynn,https://www.instagram.com/shalynnday,shalynnday
Natalie,https://www.instagram.com/nataliebertolone,nataliebertolone
Alana,https://www.instagram.com/lanaraestyle,lanaraestyle
Dina,https://www.instagram.com/dinaleonne,dinaleonne
Mylea,https://www.instagram.com/heyitsmylea,heyitsmylea
Madi,https://www.instagram.com/madibernard,madibernard
Brittany,https://www.instagram.com/brittany_ellis__,brittany_ellis__
Andy,https://www.instagram.com/andy_valeg,andy_valeg
Lauren,https://www.instagram.com/laaurenvs,laaurenvs
Brianna,https://www.instagram.com/briannabogoss,briannabogoss
Vale,https://www.instagram.com/valeklinar,valeklinar
Kayla,https://www.instagram.com/kaylamakenzii,kaylamakenzii
Maclaine,https://www.instagram.com/maclainefarrell,maclainefarrell
Nicole,https://www.instagram.com/_nicoledeluca,_nicoledeluca
Rachel,https://www.instagram.com/rachelinarealway,rachelinarealway
Michaela,https://www.instagram.com/michaela.delvillar,michaela.delvillar
Hannah,https://www.instagram.com/hanncoleman,hanncoleman
Michaela,https://www.instagram.com/michaelashaescott,michaelashaescott
Ethan,https://www.instagram.com/diazzee/,diazzee
Efekan,https://www.instagram.com/efekanerg/,efekanerg
Ishmeal,https://www.instagram.com/808sandmixtapes,808sandmixtapes
Sully,https://www.instagram.com/sylves1er,sylves1er
Mathew,https://www.instagram.com/itsm4tth3w,itsm4tth3w
Emilio,https://www.instagram.com/emilionavarro1,emilionavarro1
Elijah,https://www.instagram.com/elijahnelsonnn,elijahnelsonnn
Starlin,https://www.instagram.com/s_two3,s_two3
Angel,https://www.instagram.com/angelfaarias,angelfaarias
Brandon,https://www.instagram.com/standardlurker,standardlurker
Dariel,https://www.instagram.com/ucdee_,ucdee_
Kyagami,https://www.instagram.com/darkkyagami,darkkyagami
Francisco,https://www.instagram.com/franciscoqntro,franciscoqntro
Huncho,https://www.instagram.com/seizehuncho,seizehuncho
Dakota,https://www.instagram.com/dakotaseidenspinner,dakotaseidenspinner
Roland,https://www.instagram.com/rolandagli,rolandagli
Juancarlos,https://www.instagram.com/juan.c,juan.c
Steven,https://www.instagram.com/itstheefather,itstheefather
MQ,https://www.instagram.com/whoismarq_,whoismarq_
Javentino,https://www.instagram.com/javentinoo,javentinoo
Kaylo,https://www.instagram.com/kayloaranteslima,kayloaranteslima
Moises,https://www.instagram.com/moixex_avalos,moixex_avalos
Gabriel,https://www.instagram.com/nxlgabe,nxlgabe
Justin,https://www.instagram.com/justinb00ne,justinb00ne
Sayee,https://www.instagram.com/chief.yummy,chief.yummy
Jeremiah,https://www.instagram.com/jeremiahdlln,jeremiahdlln
Michael,https://www.instagram.com/michaeltjacob,michaeltjacob
Arjan,https://www.instagram.com/julianarjan,julianarjan
Cole,https://www.instagram.com/itscoleklink,itscoleklink
Dan,https://www.instagram.com/the.second.button,the.second.button
Jae,https://www.instagram.com/_jaehwang_,_jaehwang_
Charles,https://www.instagram.com/chvrlesjr,chvrlesjr
Jeffery,https://www.instagram.com/jeffery.dang,jeffery.dang
Musa,https://www.instagram.com/musa_ndow,musa_ndow
Abe,https://www.instagram.com/abedzrt,abedzrt
Raeon,https://www.instagram.com/raeonartez,raeonartez
Nathaniel,https://www.instagram.com/nathaniel_tee,nathaniel_tee
Avii,https://www.instagram.com/aviijuan,aviijuan
Elizha,https://www.instagram.com/elizhacolquitt,elizhacolquitt
Yazan,https://www.instagram.com/yaz_a.f,yaz_a.f
Becky,https://www.instagram.com/beckster_jojo,beckster_jojo
Carin,https://www.instagram.com/laceandlashesblog,laceandlashesblog
Sarah,https://www.instagram.com/just_addabow,just_addabow
Katie,https://www.instagram.com/carolina.casual,carolina.casual
Melissa,https://www.instagram.com/originalmodernmadre,originalmodernmadre
Celina,https://www.instagram.com/celinapatriarca,celinapatriarca
Morgan,https://www.instagram.com/morgan_elizabeths,morgan_elizabeths
Shannon,https://www.instagram.com/shanwicki,shanwicki
Sara,https://www.instagram.com/sara_liberale,sara_liberale
Danielle,https://www.instagram.com/missbeautybunny,missbeautybunny
,https://www.instagram.com/chasingdesigners,chasingdesigners
Taylor,https://www.instagram.com/unlikelymama,unlikelymama
Jasinya,https://www.instagram.com/jasinyavanputten,jasinyavanputten
Cristina,https://www.instagram.com/cristina.sisson,cristina.sisson
Julia,https://www.instagram.com/sheshortsweet,sheshortsweet
Alexandra,https://www.instagram.com/graycedarhome,graycedarhome
Jessica,https://www.instagram.com/jessigoberr,jessigoberr
Olly,https://www.instagram.com/ollyoffe,ollyoffe
Alex,https://www.instagram.com/itsalexgibson,itsalexgibson
Natalie,https://www.instagram.com/heyitsnatalie,heyitsnatalie
Ava,https://www.instagram.com/ava.wilson21,ava.wilson21
SJ,https://www.instagram.com/fashinny,fashinny
Alexa,https://www.instagram.com/alexaust_,alexaust_
Emily,https://www.instagram.com/emilyopowell,emilyopowell
Caroline,https://www.instagram.com/carolinegliles,carolinegliles
Daisi,https://www.instagram.com/daisijoreviews,daisijoreviews
Caitlin,https://www.instagram.com/life_with_mrst,life_with_mrst
Hanna,https://www.instagram.com/hannarosecrawley,hannarosecrawley
Evelyn,https://www.instagram.com/evelynojedaa,evelynojedaa
Enfiniti,https://www.instagram.com/enfinitiaf,enfinitiaf
Anisia,https://www.instagram.com/anisialagness,anisialagness
Emili,https://www.instagram.com/everythingemili,everythingemili
Alexis,https://www.instagram.com/alexissjohnsonn,alexissjohnsonn
Shelby,https://www.instagram.com/shelby.mayfield,shelby.mayfield
Haley,https://www.instagram.com/haleymercadosmith,haleymercadosmith
Yamilette,https://www.instagram.com/yamillh_,yamillh_
Monica,https://www.instagram.com/monicamkegley,monicamkegley
Sierra,https://www.instagram.com/sierragraham_7,sierragraham_7
Ashley,https://www.instagram.com/ashleytsims,ashleytsims
Mikayla,https://www.instagram.com/mama.shocks,mama.shocks
Angelica,https://www.instagram.com/angelicafitz,angelicafitz
Gretchen,https://www.instagram.com/gretchenlynn,gretchenlynn
Maria,https://www.instagram.com/mariakniesly,mariakniesly
Marina,https://www.instagram.com/curatedbymarina,curatedbymarina
Lia,https://www.instagram.com/liaaterrero,liaaterrero
Melany,https://www.instagram.com/melanygrifol,melanygrifol
Shelby,https://www.instagram.com/shelbylanenson,shelbylanenson
Bradyn,https://www.instagram.com/bradynhamby,bradynhamby
Se,https://www.instagram.com/getseornelas,getseornelas
Jody,https://www.instagram.com/jody_gallagher,jody_gallagher
Janessa,https://www.instagram.com/janessamariel,janessamariel
Bailey,https://www.instagram.com/bailsohey,bailsohey
Lexi,https://www.instagram.com/lexihoagland,lexihoagland
Cheyenne,https://www.instagram.com/cheyenne_wright_,cheyenne_wright_
Elizabeth,https://www.instagram.com/elizabethcuervox,elizabethcuervox
Kayla,https://www.instagram.com/kaylamarwaldner,kaylamarwaldner
Addy,https://www.instagram.com/addyclairburnham,addyclairburnham
Ariel,https://www.instagram.com/ariel.holbrook,ariel.holbrook
Elle,https://www.instagram.com/muahellie,muahellie
Olivia,https://www.instagram.com/oliviancarr,oliviancarr
Alex,https://www.instagram.com/alexanguish_,alexanguish_
Veronica,https://www.instagram.com/veryveronicay,veryveronicay
Brianna,https://www.instagram.com/briannawasthere,briannawasthere
Tara,https://www.instagram.com/thecochranfam,thecochranfam
Amy,https://www.instagram.com/ameskiefer,ameskiefer
Amy,https://www.instagram.com/amykatherineperkins,amykatherineperkins
Ashley,https://www.instagram.com/thatredheadedmama,thatredheadedmama
Trimiesha,https://www.instagram.com/trimiesha.joyner,trimiesha.joyner
Nekeisha,https://www.instagram.com/n.e.e.ks,n.e.e.ks
Siara,https://www.instagram.com/siara.cordova,siara.cordova
Quin,https://www.instagram.com/quinmhamilton,quinmhamilton
Alena,https://www.instagram.com/alenamarievera,alenamarievera
Kami,https://www.instagram.com/itskamibugbee,itskamibugbee
Nicole,https://www.instagram.com/nursenicki_,nursenicki_
Maxine,https://www.instagram.com/newenglandfloridian,newenglandfloridian
Mkay,https://www.instagram.com/mkay_gonzalez,mkay_gonzalez
Christy,https://www.instagram.com/christykeanecan,christykeanecan
Gracie,https://www.instagram.com/hungry.blonde,hungry.blonde
Casey,https://www.instagram.com/caseyjadepuleo,caseyjadepuleo
Rahila,https://www.instagram.com/rahilaarrison,rahilaarrison
Izzy,https://www.instagram.com/lacoronel_90,lacoronel_90
Drita,https://www.instagram.com/dritajayy,dritajayy
Shannon,https://www.instagram.com/skjameson,skjameson
Monica,https://www.instagram.com/moniica.valencia,moniica.valencia
Hannah,https://www.instagram.com/hannahraybruce,hannahraybruce
Melissa,https://www.instagram.com/mtagbeauty,mtagbeauty
Christina,https://www.instagram.com/christinadhurston,christinadhurston
Dari,https://www.instagram.com/callmedarii,callmedarii
Emily,https://www.instagram.com/emilyboazman,emilyboazman
Michelle,https://www.instagram.com/traveling.wife.life,traveling.wife.life
Celeste,https://www.instagram.com/celeste_wright,celeste_wright
Ashleigh,https://www.instagram.com/ashleighbovard,ashleighbovard
Gabi,https://www.instagram.com/gabi.t.simpson,gabi.t.simpson
Sabryna,https://www.instagram.com/sabrynasalmon,sabrynasalmon
Alyssa,https://www.instagram.com/mama.lyssss,mama.lyssss
Revin,https://www.instagram.com/r.e.v.i.n.tara,r.e.v.i.n.tara
Bridget,https://www.instagram.com/bridgetmlevine,bridgetmlevine
Carly,https://www.instagram.com/carlyzeringue,carlyzeringue
Samantha,https://www.instagram.com/samanthamullino,samanthamullino
Kasey,https://www.instagram.com/kaseyannstoker,kaseyannstoker
Jailene,https://www.instagram.com/jailenegogue,jailenegogue
Molly,https://www.instagram.com/mollydalton,mollydalton
Rachel,https://www.instagram.com/rachel.hamrick,rachel.hamrick
Ashley,https://www.instagram.com/ashadams___,ashadams___
Destiny,https://www.instagram.com/destinymarieperez,destinymarieperez
Shelby,https://www.instagram.com/shelbss44,shelbss44
Izzy,https://www.instagram.com/lifeas.izz,lifeas.izz
D,https://www.instagram.com/pilates.by.d,pilates.by.d
Nory,https://www.instagram.com/norydayenfit,norydayenfit
Margaret,https://www.instagram.com/themargsone,themargsone
Anna,https://www.instagram.com/ladyfitness_miami,ladyfitness_miami
Fatou,https://www.instagram.com/_toutou,_toutou
Mallory,https://www.instagram.com/mallorytarvinn,mallorytarvinn
Virginia,https://www.instagram.com/virginiacatalans,virginiacatalans
Kelly,https://www.instagram.com/_kellyandreina,_kellyandreina
Morgan,https://www.instagram.com/__morganmaleisa,__morganmaleisa
Lauren,https://www.instagram.com/laurennicole_la,laurennicole_la
Lally,https://www.instagram.com/athomewithlally,athomewithlally
Stephanie,https://www.instagram.com/stephanieripa,stephanieripa
Melo,https://www.instagram.com/_melo.0,_melo.0
Asil,https://www.instagram.com/asilserhal,asilserhal
Sydney,https://www.instagram.com/livewithsyd,livewithsyd
Ariel,https://www.instagram.com/arieladames,arieladames
Melissa,https://www.instagram.com/melissainthecity_,melissainthecity_
Michelle,https://www.instagram.com/michelle__sampson,michelle__sampson
Lic,https://www.instagram.com/nutriexperta,nutriexperta
Mariangela,https://www.instagram.com/_mariangelamarinelli,_mariangelamarinelli
Livia,https://www.instagram.com/liftwithlivia,liftwithlivia
Alejandra,https://www.instagram.com/alejandraadaui_,alejandraadaui_
Emelie,https://www.instagram.com/emeliesveed,emeliesveed
Sarah,https://www.instagram.com/ssarahchristine,ssarahchristine
Ara,https://www.instagram.com/selfmadearita,selfmadearita
Tiana,https://www.instagram.com/tianaalyxandria,tianaalyxandria
Hannah,https://www.instagram.com/hannah.wrayy,hannah.wrayy
Angela,https://www.instagram.com/mrsangelaribeiro1,mrsangelaribeiro1
,https://www.instagram.com/thatspottedchick,thatspottedchick
Whitney,https://www.instagram.com/fitby_whit,fitby_whit
